-0.70710678118654746 -0.70710678118654746 0 0 0 0 0 0 0 0 0 0 0 0 0 0
-0.70710678118654746 0.70710678118654746 0 0 0 0 0 0 0 0 0 0 0 0 0 0
0.70710678118654746 -0.70710678118654746 0 0 0 0 0 0 0 0 0 0 0 0 0 0
0.70710678118654746 0.70710678118654746 0 0 0 0 0 0 0 0 0 0 0 0 0 0
-0.70710678118654746 0 -0.70710678118654746 0 0 0 0 0 0 0 0 0 0 0 0 0
-0.70710678118654746 0 0.70710678118654746 0 0 0 0 0 0 0 0 0 0 0 0 0
0.70710678118654746 0 -0.70710678118654746 0 0 0 0 0 0 0 0 0 0 0 0 0
0.70710678118654746 0 0.70710678118654746 0 0 0 0 0 0 0 0 0 0 0 0 0
-0.70710678118654746 0 0 -0.70710678118654746 0 0 0 0 0 0 0 0 0 0 0 0
-0.70710678118654746 0 0 0.70710678118654746 0 0 0 0 0 0 0 0 0 0 0 0
0.70710678118654746 0 0 -0.70710678118654746 0 0 0 0 0 0 0 0 0 0 0 0
0.70710678118654746 0 0 0.70710678118654746 0 0 0 0 0 0 0 0 0 0 0 0
-0.70710678118654746 0 0 0 -0.70710678118654746 0 0 0 0 0 0 0 0 0 0 0
-0.70710678118654746 0 0 0 0.70710678118654746 0 0 0 0 0 0 0 0 0 0 0
0.70710678118654746 0 0 0 -0.70710678118654746 0 0 0 0 0 0 0 0 0 0 0
0.70710678118654746 0 0 0 0.70710678118654746 0 0 0 0 0 0 0 0 0 0 0
-0.70710678118654746 0 0 0 0 -0.70710678118654746 0 0 0 0 0 0 0 0 0 0
-0.70710678118654746 0 0 0 0 0.70710678118654746 0 0 0 0 0 0 0 0 0 0
0.70710678118654746 0 0 0 0 -0.70710678118654746 0 0 0 0 0 0 0 0 0 0
0.70710678118654746 0 0 0 0 0.70710678118654746 0 0 0 0 0 0 0 0 0 0
-0.70710678118654746 0 0 0 0 0 -0.70710678118654746 0 0 0 0 0 0 0 0 0
-0.70710678118654746 0 0 0 0 0 0.70710678118654746 0 0 0 0 0 0 0 0 0
0.70710678118654746 0 0 0 0 0 -0.70710678118654746 0 0 0 0 0 0 0 0 0
0.70710678118654746 0 0 0 0 0 0.70710678118654746 0 0 0 0 0 0 0 0 0
-0.70710678118654746 0 0 0 0 0 0 -0.70710678118654746 0 0 0 0 0 0 0 0
-0.70710678118654746 0 0 0 0 0 0 0.70710678118654746 0 0 0 0 0 0 0 0
0.70710678118654746 0 0 0 0 0 0 -0.70710678118654746 0 0 0 0 0 0 0 0
0.70710678118654746 0 0 0 0 0 0 0.70710678118654746 0 0 0 0 0 0 0 0
-0.70710678118654746 0 0 0 0 0 0 0 -0.70710678118654746 0 0 0 0 0 0 0
-0.70710678118654746 0 0 0 0 0 0 0 0.70710678118654746 0 0 0 0 0 0 0
0.70710678118654746 0 0 0 0 0 0 0 -0.70710678118654746 0 0 0 0 0 0 0
0.70710678118654746 0 0 0 0 0 0 0 0.70710678118654746 0 0 0 0 0 0 0
-0.70710678118654746 0 0 0 0 0 0 0 0 -0.70710678118654746 0 0 0 0 0 0
-0.70710678118654746 0 0 0 0 0 0 0 0 0.70710678118654746 0 0 0 0 0 0
0.70710678118654746 0 0 0 0 0 0 0 0 -0.70710678118654746 0 0 0 0 0 0
0.70710678118654746 0 0 0 0 0 0 0 0 0.70710678118654746 0 0 0 0 0 0
-0.70710678118654746 0 0 0 0 0 0 0 0 0 -0.70710678118654746 0 0 0 0 0
-0.70710678118654746 0 0 0 0 0 0 0 0 0 0.70710678118654746 0 0 0 0 0
0.70710678118654746 0 0 0 0 0 0 0 0 0 -0.70710678118654746 0 0 0 0 0
0.70710678118654746 0 0 0 0 0 0 0 0 0 0.70710678118654746 0 0 0 0 0
-0.70710678118654746 0 0 0 0 0 0 0 0 0 0 -0.70710678118654746 0 0 0 0
-0.70710678118654746 0 0 0 0 0 0 0 0 0 0 0.70710678118654746 0 0 0 0
0.70710678118654746 0 0 0 0 0 0 0 0 0 0 -0.70710678118654746 0 0 0 0
0.70710678118654746 0 0 0 0 0 0 0 0 0 0 0.70710678118654746 0 0 0 0
-0.70710678118654746 0 0 0 0 0 0 0 0 0 0 0 -0.70710678118654746 0 0 0
-0.70710678118654746 0 0 0 0 0 0 0 0 0 0 0 0.70710678118654746 0 0 0
0.70710678118654746 0 0 0 0 0 0 0 0 0 0 0 -0.70710678118654746 0 0 0
0.70710678118654746 0 0 0 0 0 0 0 0 0 0 0 0.70710678118654746 0 0 0
-0.70710678118654746 0 0 0 0 0 0 0 0 0 0 0 0 -0.70710678118654746 0 0
-0.70710678118654746 0 0 0 0 0 0 0 0 0 0 0 0 0.70710678118654746 0 0
0.70710678118654746 0 0 0 0 0 0 0 0 0 0 0 0 -0.70710678118654746 0 0
0.70710678118654746 0 0 0 0 0 0 0 0 0 0 0 0 0.70710678118654746 0 0
-0.70710678118654746 0 0 0 0 0 0 0 0 0 0 0 0 0 -0.70710678118654746 0
-0.70710678118654746 0 0 0 0 0 0 0 0 0 0 0 0 0 0.70710678118654746 0
0.70710678118654746 0 0 0 0 0 0 0 0 0 0 0 0 0 -0.70710678118654746 0
0.70710678118654746 0 0 0 0 0 0 0 0 0 0 0 0 0 0.70710678118654746 0
-0.70710678118654746 0 0 0 0 0 0 0 0 0 0 0 0 0 0 -0.70710678118654746
-0.70710678118654746 0 0 0 0 0 0 0 0 0 0 0 0 0 0 0.70710678118654746
0.70710678118654746 0 0 0 0 0 0 0 0 0 0 0 0 0 0 -0.70710678118654746
0.70710678118654746 0 0 0 0 0 0 0 0 0 0 0 0 0 0 0.70710678118654746
0 -0.70710678118654746 -0.70710678118654746 0 0 0 0 0 0 0 0 0 0 0 0 0
0 -0.70710678118654746 0.70710678118654746 0 0 0 0 0 0 0 0 0 0 0 0 0
0 0.70710678118654746 -0.70710678118654746 0 0 0 0 0 0 0 0 0 0 0 0 0
0 0.70710678118654746 0.70710678118654746 0 0 0 0 0 0 0 0 0 0 0 0 0
0 -0.70710678118654746 0 -0.70710678118654746 0 0 0 0 0 0 0 0 0 0 0 0
0 -0.70710678118654746 0 0.70710678118654746 0 0 0 0 0 0 0 0 0 0 0 0
0 0.70710678118654746 0 -0.70710678118654746 0 0 0 0 0 0 0 0 0 0 0 0
0 0.70710678118654746 0 0.70710678118654746 0 0 0 0 0 0 0 0 0 0 0 0
0 -0.70710678118654746 0 0 -0.70710678118654746 0 0 0 0 0 0 0 0 0 0 0
0 -0.70710678118654746 0 0 0.70710678118654746 0 0 0 0 0 0 0 0 0 0 0
0 0.70710678118654746 0 0 -0.70710678118654746 0 0 0 0 0 0 0 0 0 0 0
0 0.70710678118654746 0 0 0.70710678118654746 0 0 0 0 0 0 0 0 0 0 0
0 -0.70710678118654746 0 0 0 -0.70710678118654746 0 0 0 0 0 0 0 0 0 0
0 -0.70710678118654746 0 0 0 0.70710678118654746 0 0 0 0 0 0 0 0 0 0
0 0.70710678118654746 0 0 0 -0.70710678118654746 0 0 0 0 0 0 0 0 0 0
0 0.70710678118654746 0 0 0 0.70710678118654746 0 0 0 0 0 0 0 0 0 0
0 -0.70710678118654746 0 0 0 0 -0.70710678118654746 0 0 0 0 0 0 0 0 0
0 -0.70710678118654746 0 0 0 0 0.70710678118654746 0 0 0 0 0 0 0 0 0
0 0.70710678118654746 0 0 0 0 -0.70710678118654746 0 0 0 0 0 0 0 0 0
0 0.70710678118654746 0 0 0 0 0.70710678118654746 0 0 0 0 0 0 0 0 0
0 -0.70710678118654746 0 0 0 0 0 -0.70710678118654746 0 0 0 0 0 0 0 0
0 -0.70710678118654746 0 0 0 0 0 0.70710678118654746 0 0 0 0 0 0 0 0
0 0.70710678118654746 0 0 0 0 0 -0.70710678118654746 0 0 0 0 0 0 0 0
0 0.70710678118654746 0 0 0 0 0 0.70710678118654746 0 0 0 0 0 0 0 0
0 -0.70710678118654746 0 0 0 0 0 0 -0.70710678118654746 0 0 0 0 0 0 0
0 -0.70710678118654746 0 0 0 0 0 0 0.70710678118654746 0 0 0 0 0 0 0
0 0.70710678118654746 0 0 0 0 0 0 -0.70710678118654746 0 0 0 0 0 0 0
0 0.70710678118654746 0 0 0 0 0 0 0.70710678118654746 0 0 0 0 0 0 0
0 -0.70710678118654746 0 0 0 0 0 0 0 -0.70710678118654746 0 0 0 0 0 0
0 -0.70710678118654746 0 0 0 0 0 0 0 0.70710678118654746 0 0 0 0 0 0
0 0.70710678118654746 0 0 0 0 0 0 0 -0.70710678118654746 0 0 0 0 0 0
0 0.70710678118654746 0 0 0 0 0 0 0 0.70710678118654746 0 0 0 0 0 0
0 -0.70710678118654746 0 0 0 0 0 0 0 0 -0.70710678118654746 0 0 0 0 0
0 -0.70710678118654746 0 0 0 0 0 0 0 0 0.70710678118654746 0 0 0 0 0
0 0.70710678118654746 0 0 0 0 0 0 0 0 -0.70710678118654746 0 0 0 0 0
0 0.70710678118654746 0 0 0 0 0 0 0 0 0.70710678118654746 0 0 0 0 0
0 -0.70710678118654746 0 0 0 0 0 0 0 0 0 -0.70710678118654746 0 0 0 0
0 -0.70710678118654746 0 0 0 0 0 0 0 0 0 0.70710678118654746 0 0 0 0
0 0.70710678118654746 0 0 0 0 0 0 0 0 0 -0.70710678118654746 0 0 0 0
0 0.70710678118654746 0 0 0 0 0 0 0 0 0 0.70710678118654746 0 0 0 0
0 -0.70710678118654746 0 0 0 0 0 0 0 0 0 0 -0.70710678118654746 0 0 0
0 -0.70710678118654746 0 0 0 0 0 0 0 0 0 0 0.70710678118654746 0 0 0
0 0.70710678118654746 0 0 0 0 0 0 0 0 0 0 -0.70710678118654746 0 0 0
0 0.70710678118654746 0 0 0 0 0 0 0 0 0 0 0.70710678118654746 0 0 0
0 -0.70710678118654746 0 0 0 0 0 0 0 0 0 0 0 -0.70710678118654746 0 0
0 -0.70710678118654746 0 0 0 0 0 0 0 0 0 0 0 0.70710678118654746 0 0
0 0.70710678118654746 0 0 0 0 0 0 0 0 0 0 0 -0.70710678118654746 0 0
0 0.70710678118654746 0 0 0 0 0 0 0 0 0 0 0 0.70710678118654746 0 0
0 -0.70710678118654746 0 0 0 0 0 0 0 0 0 0 0 0 -0.70710678118654746 0
0 -0.70710678118654746 0 0 0 0 0 0 0 0 0 0 0 0 0.70710678118654746 0
0 0.70710678118654746 0 0 0 0 0 0 0 0 0 0 0 0 -0.70710678118654746 0
0 0.70710678118654746 0 0 0 0 0 0 0 0 0 0 0 0 0.70710678118654746 0
0 -0.70710678118654746 0 0 0 0 0 0 0 0 0 0 0 0 0 -0.70710678118654746
0 -0.70710678118654746 0 0 0 0 0 0 0 0 0 0 0 0 0 0.70710678118654746
0 0.70710678118654746 0 0 0 0 0 0 0 0 0 0 0 0 0 -0.70710678118654746
0 0.70710678118654746 0 0 0 0 0 0 0 0 0 0 0 0 0 0.70710678118654746
0 0 -0.70710678118654746 -0.70710678118654746 0 0 0 0 0 0 0 0 0 0 0 0
0 0 -0.70710678118654746 0.70710678118654746 0 0 0 0 0 0 0 0 0 0 0 0
0 0 0.70710678118654746 -0.70710678118654746 0 0 0 0 0 0 0 0 0 0 0 0
0 0 0.70710678118654746 0.70710678118654746 0 0 0 0 0 0 0 0 0 0 0 0
0 0 -0.70710678118654746 0 -0.70710678118654746 0 0 0 0 0 0 0 0 0 0 0
0 0 -0.70710678118654746 0 0.70710678118654746 0 0 0 0 0 0 0 0 0 0 0
0 0 0.70710678118654746 0 -0.70710678118654746 0 0 0 0 0 0 0 0 0 0 0
0 0 0.70710678118654746 0 0.70710678118654746 0 0 0 0 0 0 0 0 0 0 0
0 0 -0.70710678118654746 0 0 -0.70710678118654746 0 0 0 0 0 0 0 0 0 0
0 0 -0.70710678118654746 0 0 0.70710678118654746 0 0 0 0 0 0 0 0 0 0
0 0 0.70710678118654746 0 0 -0.70710678118654746 0 0 0 0 0 0 0 0 0 0
0 0 0.70710678118654746 0 0 0.70710678118654746 0 0 0 0 0 0 0 0 0 0
0 0 -0.70710678118654746 0 0 0 -0.70710678118654746 0 0 0 0 0 0 0 0 0
0 0 -0.70710678118654746 0 0 0 0.70710678118654746 0 0 0 0 0 0 0 0 0
0 0 0.70710678118654746 0 0 0 -0.70710678118654746 0 0 0 0 0 0 0 0 0
0 0 0.70710678118654746 0 0 0 0.70710678118654746 0 0 0 0 0 0 0 0 0
0 0 -0.70710678118654746 0 0 0 0 -0.70710678118654746 0 0 0 0 0 0 0 0
0 0 -0.70710678118654746 0 0 0 0 0.70710678118654746 0 0 0 0 0 0 0 0
0 0 0.70710678118654746 0 0 0 0 -0.70710678118654746 0 0 0 0 0 0 0 0
0 0 0.70710678118654746 0 0 0 0 0.70710678118654746 0 0 0 0 0 0 0 0
0 0 -0.70710678118654746 0 0 0 0 0 -0.70710678118654746 0 0 0 0 0 0 0
0 0 -0.70710678118654746 0 0 0 0 0 0.70710678118654746 0 0 0 0 0 0 0
0 0 0.70710678118654746 0 0 0 0 0 -0.70710678118654746 0 0 0 0 0 0 0
0 0 0.70710678118654746 0 0 0 0 0 0.70710678118654746 0 0 0 0 0 0 0
0 0 -0.70710678118654746 0 0 0 0 0 0 -0.70710678118654746 0 0 0 0 0 0
0 0 -0.70710678118654746 0 0 0 0 0 0 0.70710678118654746 0 0 0 0 0 0
0 0 0.70710678118654746 0 0 0 0 0 0 -0.70710678118654746 0 0 0 0 0 0
0 0 0.70710678118654746 0 0 0 0 0 0 0.70710678118654746 0 0 0 0 0 0
0 0 -0.70710678118654746 0 0 0 0 0 0 0 -0.70710678118654746 0 0 0 0 0
0 0 -0.70710678118654746 0 0 0 0 0 0 0 0.70710678118654746 0 0 0 0 0
0 0 0.70710678118654746 0 0 0 0 0 0 0 -0.70710678118654746 0 0 0 0 0
0 0 0.70710678118654746 0 0 0 0 0 0 0 0.70710678118654746 0 0 0 0 0
0 0 -0.70710678118654746 0 0 0 0 0 0 0 0 -0.70710678118654746 0 0 0 0
0 0 -0.70710678118654746 0 0 0 0 0 0 0 0 0.70710678118654746 0 0 0 0
0 0 0.70710678118654746 0 0 0 0 0 0 0 0 -0.70710678118654746 0 0 0 0
0 0 0.70710678118654746 0 0 0 0 0 0 0 0 0.70710678118654746 0 0 0 0
0 0 -0.70710678118654746 0 0 0 0 0 0 0 0 0 -0.70710678118654746 0 0 0
0 0 -0.70710678118654746 0 0 0 0 0 0 0 0 0 0.70710678118654746 0 0 0
0 0 0.70710678118654746 0 0 0 0 0 0 0 0 0 -0.70710678118654746 0 0 0
0 0 0.70710678118654746 0 0 0 0 0 0 0 0 0 0.70710678118654746 0 0 0
0 0 -0.70710678118654746 0 0 0 0 0 0 0 0 0 0 -0.70710678118654746 0 0
0 0 -0.70710678118654746 0 0 0 0 0 0 0 0 0 0 0.70710678118654746 0 0
0 0 0.70710678118654746 0 0 0 0 0 0 0 0 0 0 -0.70710678118654746 0 0
0 0 0.70710678118654746 0 0 0 0 0 0 0 0 0 0 0.70710678118654746 0 0
0 0 -0.70710678118654746 0 0 0 0 0 0 0 0 0 0 0 -0.70710678118654746 0
0 0 -0.70710678118654746 0 0 0 0 0 0 0 0 0 0 0 0.70710678118654746 0
0 0 0.70710678118654746 0 0 0 0 0 0 0 0 0 0 0 -0.70710678118654746 0
0 0 0.70710678118654746 0 0 0 0 0 0 0 0 0 0 0 0.70710678118654746 0
0 0 -0.70710678118654746 0 0 0 0 0 0 0 0 0 0 0 0 -0.70710678118654746
0 0 -0.70710678118654746 0 0 0 0 0 0 0 0 0 0 0 0 0.70710678118654746
0 0 0.70710678118654746 0 0 0 0 0 0 0 0 0 0 0 0 -0.70710678118654746
0 0 0.70710678118654746 0 0 0 0 0 0 0 0 0 0 0 0 0.70710678118654746
0 0 0 -0.70710678118654746 -0.70710678118654746 0 0 0 0 0 0 0 0 0 0 0
0 0 0 -0.70710678118654746 0.70710678118654746 0 0 0 0 0 0 0 0 0 0 0
0 0 0 0.70710678118654746 -0.70710678118654746 0 0 0 0 0 0 0 0 0 0 0
0 0 0 0.70710678118654746 0.70710678118654746 0 0 0 0 0 0 0 0 0 0 0
0 0 0 -0.70710678118654746 0 -0.70710678118654746 0 0 0 0 0 0 0 0 0 0
0 0 0 -0.70710678118654746 0 0.70710678118654746 0 0 0 0 0 0 0 0 0 0
0 0 0 0.70710678118654746 0 -0.70710678118654746 0 0 0 0 0 0 0 0 0 0
0 0 0 0.70710678118654746 0 0.70710678118654746 0 0 0 0 0 0 0 0 0 0
0 0 0 -0.70710678118654746 0 0 -0.70710678118654746 0 0 0 0 0 0 0 0 0
0 0 0 -0.70710678118654746 0 0 0.70710678118654746 0 0 0 0 0 0 0 0 0
0 0 0 0.70710678118654746 0 0 -0.70710678118654746 0 0 0 0 0 0 0 0 0
0 0 0 0.70710678118654746 0 0 0.70710678118654746 0 0 0 0 0 0 0 0 0
0 0 0 -0.70710678118654746 0 0 0 -0.70710678118654746 0 0 0 0 0 0 0 0
0 0 0 -0.70710678118654746 0 0 0 0.70710678118654746 0 0 0 0 0 0 0 0
0 0 0 0.70710678118654746 0 0 0 -0.70710678118654746 0 0 0 0 0 0 0 0
0 0 0 0.70710678118654746 0 0 0 0.70710678118654746 0 0 0 0 0 0 0 0
0 0 0 -0.70710678118654746 0 0 0 0 -0.70710678118654746 0 0 0 0 0 0 0
0 0 0 -0.70710678118654746 0 0 0 0 0.70710678118654746 0 0 0 0 0 0 0
0 0 0 0.70710678118654746 0 0 0 0 -0.70710678118654746 0 0 0 0 0 0 0
0 0 0 0.70710678118654746 0 0 0 0 0.70710678118654746 0 0 0 0 0 0 0
0 0 0 -0.70710678118654746 0 0 0 0 0 -0.70710678118654746 0 0 0 0 0 0
0 0 0 -0.70710678118654746 0 0 0 0 0 0.70710678118654746 0 0 0 0 0 0
0 0 0 0.70710678118654746 0 0 0 0 0 -0.70710678118654746 0 0 0 0 0 0
0 0 0 0.70710678118654746 0 0 0 0 0 0.70710678118654746 0 0 0 0 0 0
0 0 0 -0.70710678118654746 0 0 0 0 0 0 -0.70710678118654746 0 0 0 0 0
0 0 0 -0.70710678118654746 0 0 0 0 0 0 0.70710678118654746 0 0 0 0 0
0 0 0 0.70710678118654746 0 0 0 0 0 0 -0.70710678118654746 0 0 0 0 0
0 0 0 0.70710678118654746 0 0 0 0 0 0 0.70710678118654746 0 0 0 0 0
0 0 0 -0.70710678118654746 0 0 0 0 0 0 0 -0.70710678118654746 0 0 0 0
0 0 0 -0.70710678118654746 0 0 0 0 0 0 0 0.70710678118654746 0 0 0 0
0 0 0 0.70710678118654746 0 0 0 0 0 0 0 -0.70710678118654746 0 0 0 0
0 0 0 0.70710678118654746 0 0 0 0 0 0 0 0.70710678118654746 0 0 0 0
0 0 0 -0.70710678118654746 0 0 0 0 0 0 0 0 -0.70710678118654746 0 0 0
0 0 0 -0.70710678118654746 0 0 0 0 0 0 0 0 0.70710678118654746 0 0 0
0 0 0 0.70710678118654746 0 0 0 0 0 0 0 0 -0.70710678118654746 0 0 0
0 0 0 0.70710678118654746 0 0 0 0 0 0 0 0 0.70710678118654746 0 0 0
0 0 0 -0.70710678118654746 0 0 0 0 0 0 0 0 0 -0.70710678118654746 0 0
0 0 0 -0.70710678118654746 0 0 0 0 0 0 0 0 0 0.70710678118654746 0 0
0 0 0 0.70710678118654746 0 0 0 0 0 0 0 0 0 -0.70710678118654746 0 0
0 0 0 0.70710678118654746 0 0 0 0 0 0 0 0 0 0.70710678118654746 0 0
0 0 0 -0.70710678118654746 0 0 0 0 0 0 0 0 0 0 -0.70710678118654746 0
0 0 0 -0.70710678118654746 0 0 0 0 0 0 0 0 0 0 0.70710678118654746 0
0 0 0 0.70710678118654746 0 0 0 0 0 0 0 0 0 0 -0.70710678118654746 0
0 0 0 0.70710678118654746 0 0 0 0 0 0 0 0 0 0 0.70710678118654746 0
0 0 0 -0.70710678118654746 0 0 0 0 0 0 0 0 0 0 0 -0.70710678118654746
0 0 0 -0.70710678118654746 0 0 0 0 0 0 0 0 0 0 0 0.70710678118654746
0 0 0 0.70710678118654746 0 0 0 0 0 0 0 0 0 0 0 -0.70710678118654746
0 0 0 0.70710678118654746 0 0 0 0 0 0 0 0 0 0 0 0.70710678118654746
0 0 0 0 -0.70710678118654746 -0.70710678118654746 0 0 0 0 0 0 0 0 0 0
0 0 0 0 -0.70710678118654746 0.70710678118654746 0 0 0 0 0 0 0 0 0 0
0 0 0 0 0.70710678118654746 -0.70710678118654746 0 0 0 0 0 0 0 0 0 0
0 0 0 0 0.70710678118654746 0.70710678118654746 0 0 0 0 0 0 0 0 0 0
0 0 0 0 -0.70710678118654746 0 -0.70710678118654746 0 0 0 0 0 0 0 0 0
0 0 0 0 -0.70710678118654746 0 0.70710678118654746 0 0 0 0 0 0 0 0 0
0 0 0 0 0.70710678118654746 0 -0.70710678118654746 0 0 0 0 0 0 0 0 0
0 0 0 0 0.70710678118654746 0 0.70710678118654746 0 0 0 0 0 0 0 0 0
0 0 0 0 -0.70710678118654746 0 0 -0.70710678118654746 0 0 0 0 0 0 0 0
0 0 0 0 -0.70710678118654746 0 0 0.70710678118654746 0 0 0 0 0 0 0 0
0 0 0 0 0.70710678118654746 0 0 -0.70710678118654746 0 0 0 0 0 0 0 0
0 0 0 0 0.70710678118654746 0 0 0.70710678118654746 0 0 0 0 0 0 0 0
0 0 0 0 -0.70710678118654746 0 0 0 -0.70710678118654746 0 0 0 0 0 0 0
0 0 0 0 -0.70710678118654746 0 0 0 0.70710678118654746 0 0 0 0 0 0 0
0 0 0 0 0.70710678118654746 0 0 0 -0.70710678118654746 0 0 0 0 0 0 0
0 0 0 0 0.70710678118654746 0 0 0 0.70710678118654746 0 0 0 0 0 0 0
0 0 0 0 -0.70710678118654746 0 0 0 0 -0.70710678118654746 0 0 0 0 0 0
0 0 0 0 -0.70710678118654746 0 0 0 0 0.70710678118654746 0 0 0 0 0 0
0 0 0 0 0.70710678118654746 0 0 0 0 -0.70710678118654746 0 0 0 0 0 0
0 0 0 0 0.70710678118654746 0 0 0 0 0.70710678118654746 0 0 0 0 0 0
0 0 0 0 -0.70710678118654746 0 0 0 0 0 -0.70710678118654746 0 0 0 0 0
0 0 0 0 -0.70710678118654746 0 0 0 0 0 0.70710678118654746 0 0 0 0 0
0 0 0 0 0.70710678118654746 0 0 0 0 0 -0.70710678118654746 0 0 0 0 0
0 0 0 0 0.70710678118654746 0 0 0 0 0 0.70710678118654746 0 0 0 0 0
0 0 0 0 -0.70710678118654746 0 0 0 0 0 0 -0.70710678118654746 0 0 0 0
0 0 0 0 -0.70710678118654746 0 0 0 0 0 0 0.70710678118654746 0 0 0 0
0 0 0 0 0.70710678118654746 0 0 0 0 0 0 -0.70710678118654746 0 0 0 0
0 0 0 0 0.70710678118654746 0 0 0 0 0 0 0.70710678118654746 0 0 0 0
0 0 0 0 -0.70710678118654746 0 0 0 0 0 0 0 -0.70710678118654746 0 0 0
0 0 0 0 -0.70710678118654746 0 0 0 0 0 0 0 0.70710678118654746 0 0 0
0 0 0 0 0.70710678118654746 0 0 0 0 0 0 0 -0.70710678118654746 0 0 0
0 0 0 0 0.70710678118654746 0 0 0 0 0 0 0 0.70710678118654746 0 0 0
0 0 0 0 -0.70710678118654746 0 0 0 0 0 0 0 0 -0.70710678118654746 0 0
0 0 0 0 -0.70710678118654746 0 0 0 0 0 0 0 0 0.70710678118654746 0 0
0 0 0 0 0.70710678118654746 0 0 0 0 0 0 0 0 -0.70710678118654746 0 0
0 0 0 0 0.70710678118654746 0 0 0 0 0 0 0 0 0.70710678118654746 0 0
0 0 0 0 -0.70710678118654746 0 0 0 0 0 0 0 0 0 -0.70710678118654746 0
0 0 0 0 -0.70710678118654746 0 0 0 0 0 0 0 0 0 0.70710678118654746 0
0 0 0 0 0.70710678118654746 0 0 0 0 0 0 0 0 0 -0.70710678118654746 0
0 0 0 0 0.70710678118654746 0 0 0 0 0 0 0 0 0 0.70710678118654746 0
0 0 0 0 -0.70710678118654746 0 0 0 0 0 0 0 0 0 0 -0.70710678118654746
0 0 0 0 -0.70710678118654746 0 0 0 0 0 0 0 0 0 0 0.70710678118654746
0 0 0 0 0.70710678118654746 0 0 0 0 0 0 0 0 0 0 -0.70710678118654746
0 0 0 0 0.70710678118654746 0 0 0 0 0 0 0 0 0 0 0.70710678118654746
0 0 0 0 0 -0.70710678118654746 -0.70710678118654746 0 0 0 0 0 0 0 0 0
0 0 0 0 0 -0.70710678118654746 0.70710678118654746 0 0 0 0 0 0 0 0 0
0 0 0 0 0 0.70710678118654746 -0.70710678118654746 0 0 0 0 0 0 0 0 0
0 0 0 0 0 0.70710678118654746 0.70710678118654746 0 0 0 0 0 0 0 0 0
0 0 0 0 0 -0.70710678118654746 0 -0.70710678118654746 0 0 0 0 0 0 0 0
0 0 0 0 0 -0.70710678118654746 0 0.70710678118654746 0 0 0 0 0 0 0 0
0 0 0 0 0 0.70710678118654746 0 -0.70710678118654746 0 0 0 0 0 0 0 0
0 0 0 0 0 0.70710678118654746 0 0.70710678118654746 0 0 0 0 0 0 0 0
0 0 0 0 0 -0.70710678118654746 0 0 -0.70710678118654746 0 0 0 0 0 0 0
0 0 0 0 0 -0.70710678118654746 0 0 0.70710678118654746 0 0 0 0 0 0 0
0 0 0 0 0 0.70710678118654746 0 0 -0.70710678118654746 0 0 0 0 0 0 0
0 0 0 0 0 0.70710678118654746 0 0 0.70710678118654746 0 0 0 0 0 0 0
0 0 0 0 0 -0.70710678118654746 0 0 0 -0.70710678118654746 0 0 0 0 0 0
0 0 0 0 0 -0.70710678118654746 0 0 0 0.70710678118654746 0 0 0 0 0 0
0 0 0 0 0 0.70710678118654746 0 0 0 -0.70710678118654746 0 0 0 0 0 0
0 0 0 0 0 0.70710678118654746 0 0 0 0.70710678118654746 0 0 0 0 0 0
0 0 0 0 0 -0.70710678118654746 0 0 0 0 -0.70710678118654746 0 0 0 0 0
0 0 0 0 0 -0.70710678118654746 0 0 0 0 0.70710678118654746 0 0 0 0 0
0 0 0 0 0 0.70710678118654746 0 0 0 0 -0.70710678118654746 0 0 0 0 0
0 0 0 0 0 0.70710678118654746 0 0 0 0 0.70710678118654746 0 0 0 0 0
0 0 0 0 0 -0.70710678118654746 0 0 0 0 0 -0.70710678118654746 0 0 0 0
0 0 0 0 0 -0.70710678118654746 0 0 0 0 0 0.70710678118654746 0 0 0 0
0 0 0 0 0 0.70710678118654746 0 0 0 0 0 -0.70710678118654746 0 0 0 0
0 0 0 0 0 0.70710678118654746 0 0 0 0 0 0.70710678118654746 0 0 0 0
0 0 0 0 0 -0.70710678118654746 0 0 0 0 0 0 -0.70710678118654746 0 0 0
0 0 0 0 0 -0.70710678118654746 0 0 0 0 0 0 0.70710678118654746 0 0 0
0 0 0 0 0 0.70710678118654746 0 0 0 0 0 0 -0.70710678118654746 0 0 0
0 0 0 0 0 0.70710678118654746 0 0 0 0 0 0 0.70710678118654746 0 0 0
0 0 0 0 0 -0.70710678118654746 0 0 0 0 0 0 0 -0.70710678118654746 0 0
0 0 0 0 0 -0.70710678118654746 0 0 0 0 0 0 0 0.70710678118654746 0 0
0 0 0 0 0 0.70710678118654746 0 0 0 0 0 0 0 -0.70710678118654746 0 0
0 0 0 0 0 0.70710678118654746 0 0 0 0 0 0 0 0.70710678118654746 0 0
0 0 0 0 0 -0.70710678118654746 0 0 0 0 0 0 0 0 -0.70710678118654746 0
0 0 0 0 0 -0.70710678118654746 0 0 0 0 0 0 0 0 0.70710678118654746 0
0 0 0 0 0 0.70710678118654746 0 0 0 0 0 0 0 0 -0.70710678118654746 0
0 0 0 0 0 0.70710678118654746 0 0 0 0 0 0 0 0 0.70710678118654746 0
0 0 0 0 0 -0.70710678118654746 0 0 0 0 0 0 0 0 0 -0.70710678118654746
0 0 0 0 0 -0.70710678118654746 0 0 0 0 0 0 0 0 0 0.70710678118654746
0 0 0 0 0 0.70710678118654746 0 0 0 0 0 0 0 0 0 -0.70710678118654746
0 0 0 0 0 0.70710678118654746 0 0 0 0 0 0 0 0 0 0.70710678118654746
0 0 0 0 0 0 -0.70710678118654746 -0.70710678118654746 0 0 0 0 0 0 0 0
0 0 0 0 0 0 -0.70710678118654746 0.70710678118654746 0 0 0 0 0 0 0 0
0 0 0 0 0 0 0.70710678118654746 -0.70710678118654746 0 0 0 0 0 0 0 0
0 0 0 0 0 0 0.70710678118654746 0.70710678118654746 0 0 0 0 0 0 0 0
0 0 0 0 0 0 -0.70710678118654746 0 -0.70710678118654746 0 0 0 0 0 0 0
0 0 0 0 0 0 -0.70710678118654746 0 0.70710678118654746 0 0 0 0 0 0 0
0 0 0 0 0 0 0.70710678118654746 0 -0.70710678118654746 0 0 0 0 0 0 0
0 0 0 0 0 0 0.70710678118654746 0 0.70710678118654746 0 0 0 0 0 0 0
0 0 0 0 0 0 -0.70710678118654746 0 0 -0.70710678118654746 0 0 0 0 0 0
0 0 0 0 0 0 -0.70710678118654746 0 0 0.70710678118654746 0 0 0 0 0 0
0 0 0 0 0 0 0.70710678118654746 0 0 -0.70710678118654746 0 0 0 0 0 0
0 0 0 0 0 0 0.70710678118654746 0 0 0.70710678118654746 0 0 0 0 0 0
0 0 0 0 0 0 -0.70710678118654746 0 0 0 -0.70710678118654746 0 0 0 0 0
0 0 0 0 0 0 -0.70710678118654746 0 0 0 0.70710678118654746 0 0 0 0 0
0 0 0 0 0 0 0.70710678118654746 0 0 0 -0.70710678118654746 0 0 0 0 0
0 0 0 0 0 0 0.70710678118654746 0 0 0 0.70710678118654746 0 0 0 0 0
0 0 0 0 0 0 -0.70710678118654746 0 0 0 0 -0.70710678118654746 0 0 0 0
0 0 0 0 0 0 -0.70710678118654746 0 0 0 0 0.70710678118654746 0 0 0 0
0 0 0 0 0 0 0.70710678118654746 0 0 0 0 -0.70710678118654746 0 0 0 0
0 0 0 0 0 0 0.70710678118654746 0 0 0 0 0.70710678118654746 0 0 0 0
0 0 0 0 0 0 -0.70710678118654746 0 0 0 0 0 -0.70710678118654746 0 0 0
0 0 0 0 0 0 -0.70710678118654746 0 0 0 0 0 0.70710678118654746 0 0 0
0 0 0 0 0 0 0.70710678118654746 0 0 0 0 0 -0.70710678118654746 0 0 0
0 0 0 0 0 0 0.70710678118654746 0 0 0 0 0 0.70710678118654746 0 0 0
0 0 0 0 0 0 -0.70710678118654746 0 0 0 0 0 0 -0.70710678118654746 0 0
0 0 0 0 0 0 -0.70710678118654746 0 0 0 0 0 0 0.70710678118654746 0 0
0 0 0 0 0 0 0.70710678118654746 0 0 0 0 0 0 -0.70710678118654746 0 0
0 0 0 0 0 0 0.70710678118654746 0 0 0 0 0 0 0.70710678118654746 0 0
0 0 0 0 0 0 -0.70710678118654746 0 0 0 0 0 0 0 -0.70710678118654746 0
0 0 0 0 0 0 -0.70710678118654746 0 0 0 0 0 0 0 0.70710678118654746 0
0 0 0 0 0 0 0.70710678118654746 0 0 0 0 0 0 0 -0.70710678118654746 0
0 0 0 0 0 0 0.70710678118654746 0 0 0 0 0 0 0 0.70710678118654746 0
0 0 0 0 0 0 -0.70710678118654746 0 0 0 0 0 0 0 0 -0.70710678118654746
0 0 0 0 0 0 -0.70710678118654746 0 0 0 0 0 0 0 0 0.70710678118654746
0 0 0 0 0 0 0.70710678118654746 0 0 0 0 0 0 0 0 -0.70710678118654746
0 0 0 0 0 0 0.70710678118654746 0 0 0 0 0 0 0 0 0.70710678118654746
0 0 0 0 0 0 0 -0.70710678118654746 -0.70710678118654746 0 0 0 0 0 0 0
0 0 0 0 0 0 0 -0.70710678118654746 0.70710678118654746 0 0 0 0 0 0 0
0 0 0 0 0 0 0 0.70710678118654746 -0.70710678118654746 0 0 0 0 0 0 0
0 0 0 0 0 0 0 0.70710678118654746 0.70710678118654746 0 0 0 0 0 0 0
0 0 0 0 0 0 0 -0.70710678118654746 0 -0.70710678118654746 0 0 0 0 0 0
0 0 0 0 0 0 0 -0.70710678118654746 0 0.70710678118654746 0 0 0 0 0 0
0 0 0 0 0 0 0 0.70710678118654746 0 -0.70710678118654746 0 0 0 0 0 0
0 0 0 0 0 0 0 0.70710678118654746 0 0.70710678118654746 0 0 0 0 0 0
0 0 0 0 0 0 0 -0.70710678118654746 0 0 -0.70710678118654746 0 0 0 0 0
0 0 0 0 0 0 0 -0.70710678118654746 0 0 0.70710678118654746 0 0 0 0 0
0 0 0 0 0 0 0 0.70710678118654746 0 0 -0.70710678118654746 0 0 0 0 0
0 0 0 0 0 0 0 0.70710678118654746 0 0 0.70710678118654746 0 0 0 0 0
0 0 0 0 0 0 0 -0.70710678118654746 0 0 0 -0.70710678118654746 0 0 0 0
0 0 0 0 0 0 0 -0.70710678118654746 0 0 0 0.70710678118654746 0 0 0 0
0 0 0 0 0 0 0 0.70710678118654746 0 0 0 -0.70710678118654746 0 0 0 0
0 0 0 0 0 0 0 0.70710678118654746 0 0 0 0.70710678118654746 0 0 0 0
0 0 0 0 0 0 0 -0.70710678118654746 0 0 0 0 -0.70710678118654746 0 0 0
0 0 0 0 0 0 0 -0.70710678118654746 0 0 0 0 0.70710678118654746 0 0 0
0 0 0 0 0 0 0 0.70710678118654746 0 0 0 0 -0.70710678118654746 0 0 0
0 0 0 0 0 0 0 0.70710678118654746 0 0 0 0 0.70710678118654746 0 0 0
0 0 0 0 0 0 0 -0.70710678118654746 0 0 0 0 0 -0.70710678118654746 0 0
0 0 0 0 0 0 0 -0.70710678118654746 0 0 0 0 0 0.70710678118654746 0 0
0 0 0 0 0 0 0 0.70710678118654746 0 0 0 0 0 -0.70710678118654746 0 0
0 0 0 0 0 0 0 0.70710678118654746 0 0 0 0 0 0.70710678118654746 0 0
0 0 0 0 0 0 0 -0.70710678118654746 0 0 0 0 0 0 -0.70710678118654746 0
0 0 0 0 0 0 0 -0.70710678118654746 0 0 0 0 0 0 0.70710678118654746 0
0 0 0 0 0 0 0 0.70710678118654746 0 0 0 0 0 0 -0.70710678118654746 0
0 0 0 0 0 0 0 0.70710678118654746 0 0 0 0 0 0 0.70710678118654746 0
0 0 0 0 0 0 0 -0.70710678118654746 0 0 0 0 0 0 0 -0.70710678118654746
0 0 0 0 0 0 0 -0.70710678118654746 0 0 0 0 0 0 0 0.70710678118654746
0 0 0 0 0 0 0 0.70710678118654746 0 0 0 0 0 0 0 -0.70710678118654746
0 0 0 0 0 0 0 0.70710678118654746 0 0 0 0 0 0 0 0.70710678118654746
0 0 0 0 0 0 0 0 -0.70710678118654746 -0.70710678118654746 0 0 0 0 0 0
0 0 0 0 0 0 0 0 -0.70710678118654746 0.70710678118654746 0 0 0 0 0 0
0 0 0 0 0 0 0 0 0.70710678118654746 -0.70710678118654746 0 0 0 0 0 0
0 0 0 0 0 0 0 0 0.70710678118654746 0.70710678118654746 0 0 0 0 0 0
0 0 0 0 0 0 0 0 -0.70710678118654746 0 -0.70710678118654746 0 0 0 0 0
0 0 0 0 0 0 0 0 -0.70710678118654746 0 0.70710678118654746 0 0 0 0 0
0 0 0 0 0 0 0 0 0.70710678118654746 0 -0.70710678118654746 0 0 0 0 0
0 0 0 0 0 0 0 0 0.70710678118654746 0 0.70710678118654746 0 0 0 0 0
0 0 0 0 0 0 0 0 -0.70710678118654746 0 0 -0.70710678118654746 0 0 0 0
0 0 0 0 0 0 0 0 -0.70710678118654746 0 0 0.70710678118654746 0 0 0 0
0 0 0 0 0 0 0 0 0.70710678118654746 0 0 -0.70710678118654746 0 0 0 0
0 0 0 0 0 0 0 0 0.70710678118654746 0 0 0.70710678118654746 0 0 0 0
0 0 0 0 0 0 0 0 -0.70710678118654746 0 0 0 -0.70710678118654746 0 0 0
0 0 0 0 0 0 0 0 -0.70710678118654746 0 0 0 0.70710678118654746 0 0 0
0 0 0 0 0 0 0 0 0.70710678118654746 0 0 0 -0.70710678118654746 0 0 0
0 0 0 0 0 0 0 0 0.70710678118654746 0 0 0 0.70710678118654746 0 0 0
0 0 0 0 0 0 0 0 -0.70710678118654746 0 0 0 0 -0.70710678118654746 0 0
0 0 0 0 0 0 0 0 -0.70710678118654746 0 0 0 0 0.70710678118654746 0 0
0 0 0 0 0 0 0 0 0.70710678118654746 0 0 0 0 -0.70710678118654746 0 0
0 0 0 0 0 0 0 0 0.70710678118654746 0 0 0 0 0.70710678118654746 0 0
0 0 0 0 0 0 0 0 -0.70710678118654746 0 0 0 0 0 -0.70710678118654746 0
0 0 0 0 0 0 0 0 -0.70710678118654746 0 0 0 0 0 0.70710678118654746 0
0 0 0 0 0 0 0 0 0.70710678118654746 0 0 0 0 0 -0.70710678118654746 0
0 0 0 0 0 0 0 0 0.70710678118654746 0 0 0 0 0 0.70710678118654746 0
0 0 0 0 0 0 0 0 -0.70710678118654746 0 0 0 0 0 0 -0.70710678118654746
0 0 0 0 0 0 0 0 -0.70710678118654746 0 0 0 0 0 0 0.70710678118654746
0 0 0 0 0 0 0 0 0.70710678118654746 0 0 0 0 0 0 -0.70710678118654746
0 0 0 0 0 0 0 0 0.70710678118654746 0 0 0 0 0 0 0.70710678118654746
0 0 0 0 0 0 0 0 0 -0.70710678118654746 -0.70710678118654746 0 0 0 0 0
0 0 0 0 0 0 0 0 0 -0.70710678118654746 0.70710678118654746 0 0 0 0 0
0 0 0 0 0 0 0 0 0 0.70710678118654746 -0.70710678118654746 0 0 0 0 0
0 0 0 0 0 0 0 0 0 0.70710678118654746 0.70710678118654746 0 0 0 0 0
0 0 0 0 0 0 0 0 0 -0.70710678118654746 0 -0.70710678118654746 0 0 0 0
0 0 0 0 0 0 0 0 0 -0.70710678118654746 0 0.70710678118654746 0 0 0 0
0 0 0 0 0 0 0 0 0 0.70710678118654746 0 -0.70710678118654746 0 0 0 0
0 0 0 0 0 0 0 0 0 0.70710678118654746 0 0.70710678118654746 0 0 0 0
0 0 0 0 0 0 0 0 0 -0.70710678118654746 0 0 -0.70710678118654746 0 0 0
0 0 0 0 0 0 0 0 0 -0.70710678118654746 0 0 0.70710678118654746 0 0 0
0 0 0 0 0 0 0 0 0 0.70710678118654746 0 0 -0.70710678118654746 0 0 0
0 0 0 0 0 0 0 0 0 0.70710678118654746 0 0 0.70710678118654746 0 0 0
0 0 0 0 0 0 0 0 0 -0.70710678118654746 0 0 0 -0.70710678118654746 0 0
0 0 0 0 0 0 0 0 0 -0.70710678118654746 0 0 0 0.70710678118654746 0 0
0 0 0 0 0 0 0 0 0 0.70710678118654746 0 0 0 -0.70710678118654746 0 0
0 0 0 0 0 0 0 0 0 0.70710678118654746 0 0 0 0.70710678118654746 0 0
0 0 0 0 0 0 0 0 0 -0.70710678118654746 0 0 0 0 -0.70710678118654746 0
0 0 0 0 0 0 0 0 0 -0.70710678118654746 0 0 0 0 0.70710678118654746 0
0 0 0 0 0 0 0 0 0 0.70710678118654746 0 0 0 0 -0.70710678118654746 0
0 0 0 0 0 0 0 0 0 0.70710678118654746 0 0 0 0 0.70710678118654746 0
0 0 0 0 0 0 0 0 0 -0.70710678118654746 0 0 0 0 0 -0.70710678118654746
0 0 0 0 0 0 0 0 0 -0.70710678118654746 0 0 0 0 0 0.70710678118654746
0 0 0 0 0 0 0 0 0 0.70710678118654746 0 0 0 0 0 -0.70710678118654746
0 0 0 0 0 0 0 0 0 0.70710678118654746 0 0 0 0 0 0.70710678118654746
0 0 0 0 0 0 0 0 0 0 -0.70710678118654746 -0.70710678118654746 0 0 0 0
0 0 0 0 0 0 0 0 0 0 -0.70710678118654746 0.70710678118654746 0 0 0 0
0 0 0 0 0 0 0 0 0 0 0.70710678118654746 -0.70710678118654746 0 0 0 0
0 0 0 0 0 0 0 0 0 0 0.70710678118654746 0.70710678118654746 0 0 0 0
0 0 0 0 0 0 0 0 0 0 -0.70710678118654746 0 -0.70710678118654746 0 0 0
0 0 0 0 0 0 0 0 0 0 -0.70710678118654746 0 0.70710678118654746 0 0 0
0 0 0 0 0 0 0 0 0 0 0.70710678118654746 0 -0.70710678118654746 0 0 0
0 0 0 0 0 0 0 0 0 0 0.70710678118654746 0 0.70710678118654746 0 0 0
0 0 0 0 0 0 0 0 0 0 -0.70710678118654746 0 0 -0.70710678118654746 0 0
0 0 0 0 0 0 0 0 0 0 -0.70710678118654746 0 0 0.70710678118654746 0 0
0 0 0 0 0 0 0 0 0 0 0.70710678118654746 0 0 -0.70710678118654746 0 0
0 0 0 0 0 0 0 0 0 0 0.70710678118654746 0 0 0.70710678118654746 0 0
0 0 0 0 0 0 0 0 0 0 -0.70710678118654746 0 0 0 -0.70710678118654746 0
0 0 0 0 0 0 0 0 0 0 -0.70710678118654746 0 0 0 0.70710678118654746 0
0 0 0 0 0 0 0 0 0 0 0.70710678118654746 0 0 0 -0.70710678118654746 0
0 0 0 0 0 0 0 0 0 0 0.70710678118654746 0 0 0 0.70710678118654746 0
0 0 0 0 0 0 0 0 0 0 -0.70710678118654746 0 0 0 0 -0.70710678118654746
0 0 0 0 0 0 0 0 0 0 -0.70710678118654746 0 0 0 0 0.70710678118654746
0 0 0 0 0 0 0 0 0 0 0.70710678118654746 0 0 0 0 -0.70710678118654746
0 0 0 0 0 0 0 0 0 0 0.70710678118654746 0 0 0 0 0.70710678118654746
0 0 0 0 0 0 0 0 0 0 0 -0.70710678118654746 -0.70710678118654746 0 0 0
0 0 0 0 0 0 0 0 0 0 0 -0.70710678118654746 0.70710678118654746 0 0 0
0 0 0 0 0 0 0 0 0 0 0 0.70710678118654746 -0.70710678118654746 0 0 0
0 0 0 0 0 0 0 0 0 0 0 0.70710678118654746 0.70710678118654746 0 0 0
0 0 0 0 0 0 0 0 0 0 0 -0.70710678118654746 0 -0.70710678118654746 0 0
0 0 0 0 0 0 0 0 0 0 0 -0.70710678118654746 0 0.70710678118654746 0 0
0 0 0 0 0 0 0 0 0 0 0 0.70710678118654746 0 -0.70710678118654746 0 0
0 0 0 0 0 0 0 0 0 0 0 0.70710678118654746 0 0.70710678118654746 0 0
0 0 0 0 0 0 0 0 0 0 0 -0.70710678118654746 0 0 -0.70710678118654746 0
0 0 0 0 0 0 0 0 0 0 0 -0.70710678118654746 0 0 0.70710678118654746 0
0 0 0 0 0 0 0 0 0 0 0 0.70710678118654746 0 0 -0.70710678118654746 0
0 0 0 0 0 0 0 0 0 0 0 0.70710678118654746 0 0 0.70710678118654746 0
0 0 0 0 0 0 0 0 0 0 0 -0.70710678118654746 0 0 0 -0.70710678118654746
0 0 0 0 0 0 0 0 0 0 0 -0.70710678118654746 0 0 0 0.70710678118654746
0 0 0 0 0 0 0 0 0 0 0 0.70710678118654746 0 0 0 -0.70710678118654746
0 0 0 0 0 0 0 0 0 0 0 0.70710678118654746 0 0 0 0.70710678118654746
0 0 0 0 0 0 0 0 0 0 0 0 -0.70710678118654746 -0.70710678118654746 0 0
0 0 0 0 0 0 0 0 0 0 0 0 -0.70710678118654746 0.70710678118654746 0 0
0 0 0 0 0 0 0 0 0 0 0 0 0.70710678118654746 -0.70710678118654746 0 0
0 0 0 0 0 0 0 0 0 0 0 0 0.70710678118654746 0.70710678118654746 0 0
0 0 0 0 0 0 0 0 0 0 0 0 -0.70710678118654746 0 -0.70710678118654746 0
0 0 0 0 0 0 0 0 0 0 0 0 -0.70710678118654746 0 0.70710678118654746 0
0 0 0 0 0 0 0 0 0 0 0 0 0.70710678118654746 0 -0.70710678118654746 0
0 0 0 0 0 0 0 0 0 0 0 0 0.70710678118654746 0 0.70710678118654746 0
0 0 0 0 0 0 0 0 0 0 0 0 -0.70710678118654746 0 0 -0.70710678118654746
0 0 0 0 0 0 0 0 0 0 0 0 -0.70710678118654746 0 0 0.70710678118654746
0 0 0 0 0 0 0 0 0 0 0 0 0.70710678118654746 0 0 -0.70710678118654746
0 0 0 0 0 0 0 0 0 0 0 0 0.70710678118654746 0 0 0.70710678118654746
0 0 0 0 0 0 0 0 0 0 0 0 0 -0.70710678118654746 -0.70710678118654746 0
0 0 0 0 0 0 0 0 0 0 0 0 0 -0.70710678118654746 0.70710678118654746 0
0 0 0 0 0 0 0 0 0 0 0 0 0 0.70710678118654746 -0.70710678118654746 0
0 0 0 0 0 0 0 0 0 0 0 0 0 0.70710678118654746 0.70710678118654746 0
0 0 0 0 0 0 0 0 0 0 0 0 0 -0.70710678118654746 0 -0.70710678118654746
0 0 0 0 0 0 0 0 0 0 0 0 0 -0.70710678118654746 0 0.70710678118654746
0 0 0 0 0 0 0 0 0 0 0 0 0 0.70710678118654746 0 -0.70710678118654746
0 0 0 0 0 0 0 0 0 0 0 0 0 0.70710678118654746 0 0.70710678118654746
0 0 0 0 0 0 0 0 0 0 0 0 0 0 -0.70710678118654746 -0.70710678118654746
0 0 0 0 0 0 0 0 0 0 0 0 0 0 -0.70710678118654746 0.70710678118654746
0 0 0 0 0 0 0 0 0 0 0 0 0 0 0.70710678118654746 -0.70710678118654746
0 0 0 0 0 0 0 0 0 0 0 0 0 0 0.70710678118654746 0.70710678118654746
0 0.35355339059327373 0 0.35355339059327373 0 0.35355339059327373 0 0.35355339059327373 0 0.35355339059327373 0 0.35355339059327373 0 0.35355339059327373 0 0.35355339059327373
0 0.35355339059327373 0 0.35355339059327373 0 0.35355339059327373 0 0.35355339059327373 0 0.35355339059327373 0 0.35355339059327373 0 -0.35355339059327373 0 -0.35355339059327373
0 0.35355339059327373 0 0.35355339059327373 0 0.35355339059327373 0 0.35355339059327373 0 0.35355339059327373 0 -0.35355339059327373 0 0.35355339059327373 0 -0.35355339059327373
0 0.35355339059327373 0 0.35355339059327373 0 0.35355339059327373 0 0.35355339059327373 0 0.35355339059327373 0 -0.35355339059327373 0 -0.35355339059327373 0 0.35355339059327373
0 0.35355339059327373 0 0.35355339059327373 0 0.35355339059327373 0 0.35355339059327373 0 -0.35355339059327373 0 0.35355339059327373 0 0.35355339059327373 0 -0.35355339059327373
0 0.35355339059327373 0 0.35355339059327373 0 0.35355339059327373 0 0.35355339059327373 0 -0.35355339059327373 0 0.35355339059327373 0 -0.35355339059327373 0 0.35355339059327373
0 0.35355339059327373 0 0.35355339059327373 0 0.35355339059327373 0 0.35355339059327373 0 -0.35355339059327373 0 -0.35355339059327373 0 0.35355339059327373 0 0.35355339059327373
0 0.35355339059327373 0 0.35355339059327373 0 0.35355339059327373 0 0.35355339059327373 0 -0.35355339059327373 0 -0.35355339059327373 0 -0.35355339059327373 0 -0.35355339059327373
0 0.35355339059327373 0 0.35355339059327373 0 0.35355339059327373 0 -0.35355339059327373 0 0.35355339059327373 0 0.35355339059327373 0 0.35355339059327373 0 -0.35355339059327373
0 0.35355339059327373 0 0.35355339059327373 0 0.35355339059327373 0 -0.35355339059327373 0 0.35355339059327373 0 0.35355339059327373 0 -0.35355339059327373 0 0.35355339059327373
0 0.35355339059327373 0 0.35355339059327373 0 0.35355339059327373 0 -0.35355339059327373 0 0.35355339059327373 0 -0.35355339059327373 0 0.35355339059327373 0 0.35355339059327373
0 0.35355339059327373 0 0.35355339059327373 0 0.35355339059327373 0 -0.35355339059327373 0 0.35355339059327373 0 -0.35355339059327373 0 -0.35355339059327373 0 -0.35355339059327373
0 0.35355339059327373 0 0.35355339059327373 0 0.35355339059327373 0 -0.35355339059327373 0 -0.35355339059327373 0 0.35355339059327373 0 0.35355339059327373 0 0.35355339059327373
0 0.35355339059327373 0 0.35355339059327373 0 0.35355339059327373 0 -0.35355339059327373 0 -0.35355339059327373 0 0.35355339059327373 0 -0.35355339059327373 0 -0.35355339059327373
0 0.35355339059327373 0 0.35355339059327373 0 0.35355339059327373 0 -0.35355339059327373 0 -0.35355339059327373 0 -0.35355339059327373 0 0.35355339059327373 0 -0.35355339059327373
0 0.35355339059327373 0 0.35355339059327373 0 0.35355339059327373 0 -0.35355339059327373 0 -0.35355339059327373 0 -0.35355339059327373 0 -0.35355339059327373 0 0.35355339059327373
0 0.35355339059327373 0 0.35355339059327373 0 -0.35355339059327373 0 0.35355339059327373 0 0.35355339059327373 0 0.35355339059327373 0 0.35355339059327373 0 -0.35355339059327373
0 0.35355339059327373 0 0.35355339059327373 0 -0.35355339059327373 0 0.35355339059327373 0 0.35355339059327373 0 0.35355339059327373 0 -0.35355339059327373 0 0.35355339059327373
0 0.35355339059327373 0 0.35355339059327373 0 -0.35355339059327373 0 0.35355339059327373 0 0.35355339059327373 0 -0.35355339059327373 0 0.35355339059327373 0 0.35355339059327373
0 0.35355339059327373 0 0.35355339059327373 0 -0.35355339059327373 0 0.35355339059327373 0 0.35355339059327373 0 -0.35355339059327373 0 -0.35355339059327373 0 -0.35355339059327373
0 0.35355339059327373 0 0.35355339059327373 0 -0.35355339059327373 0 0.35355339059327373 0 -0.35355339059327373 0 0.35355339059327373 0 0.35355339059327373 0 0.35355339059327373
0 0.35355339059327373 0 0.35355339059327373 0 -0.35355339059327373 0 0.35355339059327373 0 -0.35355339059327373 0 0.35355339059327373 0 -0.35355339059327373 0 -0.35355339059327373
0 0.35355339059327373 0 0.35355339059327373 0 -0.35355339059327373 0 0.35355339059327373 0 -0.35355339059327373 0 -0.35355339059327373 0 0.35355339059327373 0 -0.35355339059327373
0 0.35355339059327373 0 0.35355339059327373 0 -0.35355339059327373 0 0.35355339059327373 0 -0.35355339059327373 0 -0.35355339059327373 0 -0.35355339059327373 0 0.35355339059327373
0 0.35355339059327373 0 0.35355339059327373 0 -0.35355339059327373 0 -0.35355339059327373 0 0.35355339059327373 0 0.35355339059327373 0 0.35355339059327373 0 0.35355339059327373
0 0.35355339059327373 0 0.35355339059327373 0 -0.35355339059327373 0 -0.35355339059327373 0 0.35355339059327373 0 0.35355339059327373 0 -0.35355339059327373 0 -0.35355339059327373
0 0.35355339059327373 0 0.35355339059327373 0 -0.35355339059327373 0 -0.35355339059327373 0 0.35355339059327373 0 -0.35355339059327373 0 0.35355339059327373 0 -0.35355339059327373
0 0.35355339059327373 0 0.35355339059327373 0 -0.35355339059327373 0 -0.35355339059327373 0 0.35355339059327373 0 -0.35355339059327373 0 -0.35355339059327373 0 0.35355339059327373
0 0.35355339059327373 0 0.35355339059327373 0 -0.35355339059327373 0 -0.35355339059327373 0 -0.35355339059327373 0 0.35355339059327373 0 0.35355339059327373 0 -0.35355339059327373
0 0.35355339059327373 0 0.35355339059327373 0 -0.35355339059327373 0 -0.35355339059327373 0 -0.35355339059327373 0 0.35355339059327373 0 -0.35355339059327373 0 0.35355339059327373
0 0.35355339059327373 0 0.35355339059327373 0 -0.35355339059327373 0 -0.35355339059327373 0 -0.35355339059327373 0 -0.35355339059327373 0 0.35355339059327373 0 0.35355339059327373
0 0.35355339059327373 0 0.35355339059327373 0 -0.35355339059327373 0 -0.35355339059327373 0 -0.35355339059327373 0 -0.35355339059327373 0 -0.35355339059327373 0 -0.35355339059327373
0 0.35355339059327373 0 -0.35355339059327373 0 0.35355339059327373 0 0.35355339059327373 0 0.35355339059327373 0 0.35355339059327373 0 0.35355339059327373 0 -0.35355339059327373
0 0.35355339059327373 0 -0.35355339059327373 0 0.35355339059327373 0 0.35355339059327373 0 0.35355339059327373 0 0.35355339059327373 0 -0.35355339059327373 0 0.35355339059327373
0 0.35355339059327373 0 -0.35355339059327373 0 0.35355339059327373 0 0.35355339059327373 0 0.35355339059327373 0 -0.35355339059327373 0 0.35355339059327373 0 0.35355339059327373
0 0.35355339059327373 0 -0.35355339059327373 0 0.35355339059327373 0 0.35355339059327373 0 0.35355339059327373 0 -0.35355339059327373 0 -0.35355339059327373 0 -0.35355339059327373
0 0.35355339059327373 0 -0.35355339059327373 0 0.35355339059327373 0 0.35355339059327373 0 -0.35355339059327373 0 0.35355339059327373 0 0.35355339059327373 0 0.35355339059327373
0 0.35355339059327373 0 -0.35355339059327373 0 0.35355339059327373 0 0.35355339059327373 0 -0.35355339059327373 0 0.35355339059327373 0 -0.35355339059327373 0 -0.35355339059327373
0 0.35355339059327373 0 -0.35355339059327373 0 0.35355339059327373 0 0.35355339059327373 0 -0.35355339059327373 0 -0.35355339059327373 0 0.35355339059327373 0 -0.35355339059327373
0 0.35355339059327373 0 -0.35355339059327373 0 0.35355339059327373 0 0.35355339059327373 0 -0.35355339059327373 0 -0.35355339059327373 0 -0.35355339059327373 0 0.35355339059327373
0 0.35355339059327373 0 -0.35355339059327373 0 0.35355339059327373 0 -0.35355339059327373 0 0.35355339059327373 0 0.35355339059327373 0 0.35355339059327373 0 0.35355339059327373
0 0.35355339059327373 0 -0.35355339059327373 0 0.35355339059327373 0 -0.35355339059327373 0 0.35355339059327373 0 0.35355339059327373 0 -0.35355339059327373 0 -0.35355339059327373
0 0.35355339059327373 0 -0.35355339059327373 0 0.35355339059327373 0 -0.35355339059327373 0 0.35355339059327373 0 -0.35355339059327373 0 0.35355339059327373 0 -0.35355339059327373
0 0.35355339059327373 0 -0.35355339059327373 0 0.35355339059327373 0 -0.35355339059327373 0 0.35355339059327373 0 -0.35355339059327373 0 -0.35355339059327373 0 0.35355339059327373
0 0.35355339059327373 0 -0.35355339059327373 0 0.35355339059327373 0 -0.35355339059327373 0 -0.35355339059327373 0 0.35355339059327373 0 0.35355339059327373 0 -0.35355339059327373
0 0.35355339059327373 0 -0.35355339059327373 0 0.35355339059327373 0 -0.35355339059327373 0 -0.35355339059327373 0 0.35355339059327373 0 -0.35355339059327373 0 0.35355339059327373
0 0.35355339059327373 0 -0.35355339059327373 0 0.35355339059327373 0 -0.35355339059327373 0 -0.35355339059327373 0 -0.35355339059327373 0 0.35355339059327373 0 0.35355339059327373
0 0.35355339059327373 0 -0.35355339059327373 0 0.35355339059327373 0 -0.35355339059327373 0 -0.35355339059327373 0 -0.35355339059327373 0 -0.35355339059327373 0 -0.35355339059327373
0 0.35355339059327373 0 -0.35355339059327373 0 -0.35355339059327373 0 0.35355339059327373 0 0.35355339059327373 0 0.35355339059327373 0 0.35355339059327373 0 0.35355339059327373
0 0.35355339059327373 0 -0.35355339059327373 0 -0.35355339059327373 0 0.35355339059327373 0 0.35355339059327373 0 0.35355339059327373 0 -0.35355339059327373 0 -0.35355339059327373
0 0.35355339059327373 0 -0.35355339059327373 0 -0.35355339059327373 0 0.35355339059327373 0 0.35355339059327373 0 -0.35355339059327373 0 0.35355339059327373 0 -0.35355339059327373
0 0.35355339059327373 0 -0.35355339059327373 0 -0.35355339059327373 0 0.35355339059327373 0 0.35355339059327373 0 -0.35355339059327373 0 -0.35355339059327373 0 0.35355339059327373
0 0.35355339059327373 0 -0.35355339059327373 0 -0.35355339059327373 0 0.35355339059327373 0 -0.35355339059327373 0 0.35355339059327373 0 0.35355339059327373 0 -0.35355339059327373
0 0.35355339059327373 0 -0.35355339059327373 0 -0.35355339059327373 0 0.35355339059327373 0 -0.35355339059327373 0 0.35355339059327373 0 -0.35355339059327373 0 0.35355339059327373
0 0.35355339059327373 0 -0.35355339059327373 0 -0.35355339059327373 0 0.35355339059327373 0 -0.35355339059327373 0 -0.35355339059327373 0 0.35355339059327373 0 0.35355339059327373
0 0.35355339059327373 0 -0.35355339059327373 0 -0.35355339059327373 0 0.35355339059327373 0 -0.35355339059327373 0 -0.35355339059327373 0 -0.35355339059327373 0 -0.35355339059327373
0 0.35355339059327373 0 -0.35355339059327373 0 -0.35355339059327373 0 -0.35355339059327373 0 0.35355339059327373 0 0.35355339059327373 0 0.35355339059327373 0 -0.35355339059327373
0 0.35355339059327373 0 -0.35355339059327373 0 -0.35355339059327373 0 -0.35355339059327373 0 0.35355339059327373 0 0.35355339059327373 0 -0.35355339059327373 0 0.35355339059327373
0 0.35355339059327373 0 -0.35355339059327373 0 -0.35355339059327373 0 -0.35355339059327373 0 0.35355339059327373 0 -0.35355339059327373 0 0.35355339059327373 0 0.35355339059327373
0 0.35355339059327373 0 -0.35355339059327373 0 -0.35355339059327373 0 -0.35355339059327373 0 0.35355339059327373 0 -0.35355339059327373 0 -0.35355339059327373 0 -0.35355339059327373
0 0.35355339059327373 0 -0.35355339059327373 0 -0.35355339059327373 0 -0.35355339059327373 0 -0.35355339059327373 0 0.35355339059327373 0 0.35355339059327373 0 0.35355339059327373
0 0.35355339059327373 0 -0.35355339059327373 0 -0.35355339059327373 0 -0.35355339059327373 0 -0.35355339059327373 0 0.35355339059327373 0 -0.35355339059327373 0 -0.35355339059327373
0 0.35355339059327373 0 -0.35355339059327373 0 -0.35355339059327373 0 -0.35355339059327373 0 -0.35355339059327373 0 -0.35355339059327373 0 0.35355339059327373 0 -0.35355339059327373
0 0.35355339059327373 0 -0.35355339059327373 0 -0.35355339059327373 0 -0.35355339059327373 0 -0.35355339059327373 0 -0.35355339059327373 0 -0.35355339059327373 0 0.35355339059327373
0 -0.35355339059327373 0 0.35355339059327373 0 0.35355339059327373 0 0.35355339059327373 0 0.35355339059327373 0 0.35355339059327373 0 0.35355339059327373 0 -0.35355339059327373
0 -0.35355339059327373 0 0.35355339059327373 0 0.35355339059327373 0 0.35355339059327373 0 0.35355339059327373 0 0.35355339059327373 0 -0.35355339059327373 0 0.35355339059327373
0 -0.35355339059327373 0 0.35355339059327373 0 0.35355339059327373 0 0.35355339059327373 0 0.35355339059327373 0 -0.35355339059327373 0 0.35355339059327373 0 0.35355339059327373
0 -0.35355339059327373 0 0.35355339059327373 0 0.35355339059327373 0 0.35355339059327373 0 0.35355339059327373 0 -0.35355339059327373 0 -0.35355339059327373 0 -0.35355339059327373
0 -0.35355339059327373 0 0.35355339059327373 0 0.35355339059327373 0 0.35355339059327373 0 -0.35355339059327373 0 0.35355339059327373 0 0.35355339059327373 0 0.35355339059327373
0 -0.35355339059327373 0 0.35355339059327373 0 0.35355339059327373 0 0.35355339059327373 0 -0.35355339059327373 0 0.35355339059327373 0 -0.35355339059327373 0 -0.35355339059327373
0 -0.35355339059327373 0 0.35355339059327373 0 0.35355339059327373 0 0.35355339059327373 0 -0.35355339059327373 0 -0.35355339059327373 0 0.35355339059327373 0 -0.35355339059327373
0 -0.35355339059327373 0 0.35355339059327373 0 0.35355339059327373 0 0.35355339059327373 0 -0.35355339059327373 0 -0.35355339059327373 0 -0.35355339059327373 0 0.35355339059327373
0 -0.35355339059327373 0 0.35355339059327373 0 0.35355339059327373 0 -0.35355339059327373 0 0.35355339059327373 0 0.35355339059327373 0 0.35355339059327373 0 0.35355339059327373
0 -0.35355339059327373 0 0.35355339059327373 0 0.35355339059327373 0 -0.35355339059327373 0 0.35355339059327373 0 0.35355339059327373 0 -0.35355339059327373 0 -0.35355339059327373
0 -0.35355339059327373 0 0.35355339059327373 0 0.35355339059327373 0 -0.35355339059327373 0 0.35355339059327373 0 -0.35355339059327373 0 0.35355339059327373 0 -0.35355339059327373
0 -0.35355339059327373 0 0.35355339059327373 0 0.35355339059327373 0 -0.35355339059327373 0 0.35355339059327373 0 -0.35355339059327373 0 -0.35355339059327373 0 0.35355339059327373
0 -0.35355339059327373 0 0.35355339059327373 0 0.35355339059327373 0 -0.35355339059327373 0 -0.35355339059327373 0 0.35355339059327373 0 0.35355339059327373 0 -0.35355339059327373
0 -0.35355339059327373 0 0.35355339059327373 0 0.35355339059327373 0 -0.35355339059327373 0 -0.35355339059327373 0 0.35355339059327373 0 -0.35355339059327373 0 0.35355339059327373
0 -0.35355339059327373 0 0.35355339059327373 0 0.35355339059327373 0 -0.35355339059327373 0 -0.35355339059327373 0 -0.35355339059327373 0 0.35355339059327373 0 0.35355339059327373
0 -0.35355339059327373 0 0.35355339059327373 0 0.35355339059327373 0 -0.35355339059327373 0 -0.35355339059327373 0 -0.35355339059327373 0 -0.35355339059327373 0 -0.35355339059327373
0 -0.35355339059327373 0 0.35355339059327373 0 -0.35355339059327373 0 0.35355339059327373 0 0.35355339059327373 0 0.35355339059327373 0 0.35355339059327373 0 0.35355339059327373
0 -0.35355339059327373 0 0.35355339059327373 0 -0.35355339059327373 0 0.35355339059327373 0 0.35355339059327373 0 0.35355339059327373 0 -0.35355339059327373 0 -0.35355339059327373
0 -0.35355339059327373 0 0.35355339059327373 0 -0.35355339059327373 0 0.35355339059327373 0 0.35355339059327373 0 -0.35355339059327373 0 0.35355339059327373 0 -0.35355339059327373
0 -0.35355339059327373 0 0.35355339059327373 0 -0.35355339059327373 0 0.35355339059327373 0 0.35355339059327373 0 -0.35355339059327373 0 -0.35355339059327373 0 0.35355339059327373
0 -0.35355339059327373 0 0.35355339059327373 0 -0.35355339059327373 0 0.35355339059327373 0 -0.35355339059327373 0 0.35355339059327373 0 0.35355339059327373 0 -0.35355339059327373
0 -0.35355339059327373 0 0.35355339059327373 0 -0.35355339059327373 0 0.35355339059327373 0 -0.35355339059327373 0 0.35355339059327373 0 -0.35355339059327373 0 0.35355339059327373
0 -0.35355339059327373 0 0.35355339059327373 0 -0.35355339059327373 0 0.35355339059327373 0 -0.35355339059327373 0 -0.35355339059327373 0 0.35355339059327373 0 0.35355339059327373
0 -0.35355339059327373 0 0.35355339059327373 0 -0.35355339059327373 0 0.35355339059327373 0 -0.35355339059327373 0 -0.35355339059327373 0 -0.35355339059327373 0 -0.35355339059327373
0 -0.35355339059327373 0 0.35355339059327373 0 -0.35355339059327373 0 -0.35355339059327373 0 0.35355339059327373 0 0.35355339059327373 0 0.35355339059327373 0 -0.35355339059327373
0 -0.35355339059327373 0 0.35355339059327373 0 -0.35355339059327373 0 -0.35355339059327373 0 0.35355339059327373 0 0.35355339059327373 0 -0.35355339059327373 0 0.35355339059327373
0 -0.35355339059327373 0 0.35355339059327373 0 -0.35355339059327373 0 -0.35355339059327373 0 0.35355339059327373 0 -0.35355339059327373 0 0.35355339059327373 0 0.35355339059327373
0 -0.35355339059327373 0 0.35355339059327373 0 -0.35355339059327373 0 -0.35355339059327373 0 0.35355339059327373 0 -0.35355339059327373 0 -0.35355339059327373 0 -0.35355339059327373
0 -0.35355339059327373 0 0.35355339059327373 0 -0.35355339059327373 0 -0.35355339059327373 0 -0.35355339059327373 0 0.35355339059327373 0 0.35355339059327373 0 0.35355339059327373
0 -0.35355339059327373 0 0.35355339059327373 0 -0.35355339059327373 0 -0.35355339059327373 0 -0.35355339059327373 0 0.35355339059327373 0 -0.35355339059327373 0 -0.35355339059327373
0 -0.35355339059327373 0 0.35355339059327373 0 -0.35355339059327373 0 -0.35355339059327373 0 -0.35355339059327373 0 -0.35355339059327373 0 0.35355339059327373 0 -0.35355339059327373
0 -0.35355339059327373 0 0.35355339059327373 0 -0.35355339059327373 0 -0.35355339059327373 0 -0.35355339059327373 0 -0.35355339059327373 0 -0.35355339059327373 0 0.35355339059327373
0 -0.35355339059327373 0 -0.35355339059327373 0 0.35355339059327373 0 0.35355339059327373 0 0.35355339059327373 0 0.35355339059327373 0 0.35355339059327373 0 0.35355339059327373
0 -0.35355339059327373 0 -0.35355339059327373 0 0.35355339059327373 0 0.35355339059327373 0 0.35355339059327373 0 0.35355339059327373 0 -0.35355339059327373 0 -0.35355339059327373
0 -0.35355339059327373 0 -0.35355339059327373 0 0.35355339059327373 0 0.35355339059327373 0 0.35355339059327373 0 -0.35355339059327373 0 0.35355339059327373 0 -0.35355339059327373
0 -0.35355339059327373 0 -0.35355339059327373 0 0.35355339059327373 0 0.35355339059327373 0 0.35355339059327373 0 -0.35355339059327373 0 -0.35355339059327373 0 0.35355339059327373
0 -0.35355339059327373 0 -0.35355339059327373 0 0.35355339059327373 0 0.35355339059327373 0 -0.35355339059327373 0 0.35355339059327373 0 0.35355339059327373 0 -0.35355339059327373
0 -0.35355339059327373 0 -0.35355339059327373 0 0.35355339059327373 0 0.35355339059327373 0 -0.35355339059327373 0 0.35355339059327373 0 -0.35355339059327373 0 0.35355339059327373
0 -0.35355339059327373 0 -0.35355339059327373 0 0.35355339059327373 0 0.35355339059327373 0 -0.35355339059327373 0 -0.35355339059327373 0 0.35355339059327373 0 0.35355339059327373
0 -0.35355339059327373 0 -0.35355339059327373 0 0.35355339059327373 0 0.35355339059327373 0 -0.35355339059327373 0 -0.35355339059327373 0 -0.35355339059327373 0 -0.35355339059327373
0 -0.35355339059327373 0 -0.35355339059327373 0 0.35355339059327373 0 -0.35355339059327373 0 0.35355339059327373 0 0.35355339059327373 0 0.35355339059327373 0 -0.35355339059327373
0 -0.35355339059327373 0 -0.35355339059327373 0 0.35355339059327373 0 -0.35355339059327373 0 0.35355339059327373 0 0.35355339059327373 0 -0.35355339059327373 0 0.35355339059327373
0 -0.35355339059327373 0 -0.35355339059327373 0 0.35355339059327373 0 -0.35355339059327373 0 0.35355339059327373 0 -0.35355339059327373 0 0.35355339059327373 0 0.35355339059327373
0 -0.35355339059327373 0 -0.35355339059327373 0 0.35355339059327373 0 -0.35355339059327373 0 0.35355339059327373 0 -0.35355339059327373 0 -0.35355339059327373 0 -0.35355339059327373
0 -0.35355339059327373 0 -0.35355339059327373 0 0.35355339059327373 0 -0.35355339059327373 0 -0.35355339059327373 0 0.35355339059327373 0 0.35355339059327373 0 0.35355339059327373
0 -0.35355339059327373 0 -0.35355339059327373 0 0.35355339059327373 0 -0.35355339059327373 0 -0.35355339059327373 0 0.35355339059327373 0 -0.35355339059327373 0 -0.35355339059327373
0 -0.35355339059327373 0 -0.35355339059327373 0 0.35355339059327373 0 -0.35355339059327373 0 -0.35355339059327373 0 -0.35355339059327373 0 0.35355339059327373 0 -0.35355339059327373
0 -0.35355339059327373 0 -0.35355339059327373 0 0.35355339059327373 0 -0.35355339059327373 0 -0.35355339059327373 0 -0.35355339059327373 0 -0.35355339059327373 0 0.35355339059327373
0 -0.35355339059327373 0 -0.35355339059327373 0 -0.35355339059327373 0 0.35355339059327373 0 0.35355339059327373 0 0.35355339059327373 0 0.35355339059327373 0 -0.35355339059327373
0 -0.35355339059327373 0 -0.35355339059327373 0 -0.35355339059327373 0 0.35355339059327373 0 0.35355339059327373 0 0.35355339059327373 0 -0.35355339059327373 0 0.35355339059327373
0 -0.35355339059327373 0 -0.35355339059327373 0 -0.35355339059327373 0 0.35355339059327373 0 0.35355339059327373 0 -0.35355339059327373 0 0.35355339059327373 0 0.35355339059327373
0 -0.35355339059327373 0 -0.35355339059327373 0 -0.35355339059327373 0 0.35355339059327373 0 0.35355339059327373 0 -0.35355339059327373 0 -0.35355339059327373 0 -0.35355339059327373
0 -0.35355339059327373 0 -0.35355339059327373 0 -0.35355339059327373 0 0.35355339059327373 0 -0.35355339059327373 0 0.35355339059327373 0 0.35355339059327373 0 0.35355339059327373
0 -0.35355339059327373 0 -0.35355339059327373 0 -0.35355339059327373 0 0.35355339059327373 0 -0.35355339059327373 0 0.35355339059327373 0 -0.35355339059327373 0 -0.35355339059327373
0 -0.35355339059327373 0 -0.35355339059327373 0 -0.35355339059327373 0 0.35355339059327373 0 -0.35355339059327373 0 -0.35355339059327373 0 0.35355339059327373 0 -0.35355339059327373
0 -0.35355339059327373 0 -0.35355339059327373 0 -0.35355339059327373 0 0.35355339059327373 0 -0.35355339059327373 0 -0.35355339059327373 0 -0.35355339059327373 0 0.35355339059327373
0 -0.35355339059327373 0 -0.35355339059327373 0 -0.35355339059327373 0 -0.35355339059327373 0 0.35355339059327373 0 0.35355339059327373 0 0.35355339059327373 0 0.35355339059327373
0 -0.35355339059327373 0 -0.35355339059327373 0 -0.35355339059327373 0 -0.35355339059327373 0 0.35355339059327373 0 0.35355339059327373 0 -0.35355339059327373 0 -0.35355339059327373
0 -0.35355339059327373 0 -0.35355339059327373 0 -0.35355339059327373 0 -0.35355339059327373 0 0.35355339059327373 0 -0.35355339059327373 0 0.35355339059327373 0 -0.35355339059327373
0 -0.35355339059327373 0 -0.35355339059327373 0 -0.35355339059327373 0 -0.35355339059327373 0 0.35355339059327373 0 -0.35355339059327373 0 -0.35355339059327373 0 0.35355339059327373
0 -0.35355339059327373 0 -0.35355339059327373 0 -0.35355339059327373 0 -0.35355339059327373 0 -0.35355339059327373 0 0.35355339059327373 0 0.35355339059327373 0 -0.35355339059327373
0 -0.35355339059327373 0 -0.35355339059327373 0 -0.35355339059327373 0 -0.35355339059327373 0 -0.35355339059327373 0 0.35355339059327373 0 -0.35355339059327373 0 0.35355339059327373
0 -0.35355339059327373 0 -0.35355339059327373 0 -0.35355339059327373 0 -0.35355339059327373 0 -0.35355339059327373 0 -0.35355339059327373 0 0.35355339059327373 0 0.35355339059327373
0 -0.35355339059327373 0 -0.35355339059327373 0 -0.35355339059327373 0 -0.35355339059327373 0 -0.35355339059327373 0 -0.35355339059327373 0 -0.35355339059327373 0 -0.35355339059327373
0.35355339059327373 0 0.35355339059327373 0 0.35355339059327373 0 0.35355339059327373 0 0.35355339059327373 0 0.35355339059327373 0 0.35355339059327373 0 0.35355339059327373 0
0.35355339059327373 0 0.35355339059327373 0 0.35355339059327373 0 0.35355339059327373 0 0.35355339059327373 0 0.35355339059327373 0 -0.35355339059327373 0 -0.35355339059327373 0
0.35355339059327373 0 0.35355339059327373 0 0.35355339059327373 0 0.35355339059327373 0 0.35355339059327373 0 -0.35355339059327373 0 0.35355339059327373 0 -0.35355339059327373 0
0.35355339059327373 0 0.35355339059327373 0 0.35355339059327373 0 0.35355339059327373 0 0.35355339059327373 0 -0.35355339059327373 0 -0.35355339059327373 0 0.35355339059327373 0
0.35355339059327373 0 0.35355339059327373 0 0.35355339059327373 0 0.35355339059327373 0 -0.35355339059327373 0 0.35355339059327373 0 0.35355339059327373 0 -0.35355339059327373 0
0.35355339059327373 0 0.35355339059327373 0 0.35355339059327373 0 0.35355339059327373 0 -0.35355339059327373 0 0.35355339059327373 0 -0.35355339059327373 0 0.35355339059327373 0
0.35355339059327373 0 0.35355339059327373 0 0.35355339059327373 0 0.35355339059327373 0 -0.35355339059327373 0 -0.35355339059327373 0 0.35355339059327373 0 0.35355339059327373 0
0.35355339059327373 0 0.35355339059327373 0 0.35355339059327373 0 0.35355339059327373 0 -0.35355339059327373 0 -0.35355339059327373 0 -0.35355339059327373 0 -0.35355339059327373 0
0.35355339059327373 0 0.35355339059327373 0 0.35355339059327373 0 -0.35355339059327373 0 0.35355339059327373 0 0.35355339059327373 0 0.35355339059327373 0 -0.35355339059327373 0
0.35355339059327373 0 0.35355339059327373 0 0.35355339059327373 0 -0.35355339059327373 0 0.35355339059327373 0 0.35355339059327373 0 -0.35355339059327373 0 0.35355339059327373 0
0.35355339059327373 0 0.35355339059327373 0 0.35355339059327373 0 -0.35355339059327373 0 0.35355339059327373 0 -0.35355339059327373 0 0.35355339059327373 0 0.35355339059327373 0
0.35355339059327373 0 0.35355339059327373 0 0.35355339059327373 0 -0.35355339059327373 0 0.35355339059327373 0 -0.35355339059327373 0 -0.35355339059327373 0 -0.35355339059327373 0
0.35355339059327373 0 0.35355339059327373 0 0.35355339059327373 0 -0.35355339059327373 0 -0.35355339059327373 0 0.35355339059327373 0 0.35355339059327373 0 0.35355339059327373 0
0.35355339059327373 0 0.35355339059327373 0 0.35355339059327373 0 -0.35355339059327373 0 -0.35355339059327373 0 0.35355339059327373 0 -0.35355339059327373 0 -0.35355339059327373 0
0.35355339059327373 0 0.35355339059327373 0 0.35355339059327373 0 -0.35355339059327373 0 -0.35355339059327373 0 -0.35355339059327373 0 0.35355339059327373 0 -0.35355339059327373 0
0.35355339059327373 0 0.35355339059327373 0 0.35355339059327373 0 -0.35355339059327373 0 -0.35355339059327373 0 -0.35355339059327373 0 -0.35355339059327373 0 0.35355339059327373 0
0.35355339059327373 0 0.35355339059327373 0 -0.35355339059327373 0 0.35355339059327373 0 0.35355339059327373 0 0.35355339059327373 0 0.35355339059327373 0 -0.35355339059327373 0
0.35355339059327373 0 0.35355339059327373 0 -0.35355339059327373 0 0.35355339059327373 0 0.35355339059327373 0 0.35355339059327373 0 -0.35355339059327373 0 0.35355339059327373 0
0.35355339059327373 0 0.35355339059327373 0 -0.35355339059327373 0 0.35355339059327373 0 0.35355339059327373 0 -0.35355339059327373 0 0.35355339059327373 0 0.35355339059327373 0
0.35355339059327373 0 0.35355339059327373 0 -0.35355339059327373 0 0.35355339059327373 0 0.35355339059327373 0 -0.35355339059327373 0 -0.35355339059327373 0 -0.35355339059327373 0
0.35355339059327373 0 0.35355339059327373 0 -0.35355339059327373 0 0.35355339059327373 0 -0.35355339059327373 0 0.35355339059327373 0 0.35355339059327373 0 0.35355339059327373 0
0.35355339059327373 0 0.35355339059327373 0 -0.35355339059327373 0 0.35355339059327373 0 -0.35355339059327373 0 0.35355339059327373 0 -0.35355339059327373 0 -0.35355339059327373 0
0.35355339059327373 0 0.35355339059327373 0 -0.35355339059327373 0 0.35355339059327373 0 -0.35355339059327373 0 -0.35355339059327373 0 0.35355339059327373 0 -0.35355339059327373 0
0.35355339059327373 0 0.35355339059327373 0 -0.35355339059327373 0 0.35355339059327373 0 -0.35355339059327373 0 -0.35355339059327373 0 -0.35355339059327373 0 0.35355339059327373 0
0.35355339059327373 0 0.35355339059327373 0 -0.35355339059327373 0 -0.35355339059327373 0 0.35355339059327373 0 0.35355339059327373 0 0.35355339059327373 0 0.35355339059327373 0
0.35355339059327373 0 0.35355339059327373 0 -0.35355339059327373 0 -0.35355339059327373 0 0.35355339059327373 0 0.35355339059327373 0 -0.35355339059327373 0 -0.35355339059327373 0
0.35355339059327373 0 0.35355339059327373 0 -0.35355339059327373 0 -0.35355339059327373 0 0.35355339059327373 0 -0.35355339059327373 0 0.35355339059327373 0 -0.35355339059327373 0
0.35355339059327373 0 0.35355339059327373 0 -0.35355339059327373 0 -0.35355339059327373 0 0.35355339059327373 0 -0.35355339059327373 0 -0.35355339059327373 0 0.35355339059327373 0
0.35355339059327373 0 0.35355339059327373 0 -0.35355339059327373 0 -0.35355339059327373 0 -0.35355339059327373 0 0.35355339059327373 0 0.35355339059327373 0 -0.35355339059327373 0
0.35355339059327373 0 0.35355339059327373 0 -0.35355339059327373 0 -0.35355339059327373 0 -0.35355339059327373 0 0.35355339059327373 0 -0.35355339059327373 0 0.35355339059327373 0
0.35355339059327373 0 0.35355339059327373 0 -0.35355339059327373 0 -0.35355339059327373 0 -0.35355339059327373 0 -0.35355339059327373 0 0.35355339059327373 0 0.35355339059327373 0
0.35355339059327373 0 0.35355339059327373 0 -0.35355339059327373 0 -0.35355339059327373 0 -0.35355339059327373 0 -0.35355339059327373 0 -0.35355339059327373 0 -0.35355339059327373 0
0.35355339059327373 0 -0.35355339059327373 0 0.35355339059327373 0 0.35355339059327373 0 0.35355339059327373 0 0.35355339059327373 0 0.35355339059327373 0 -0.35355339059327373 0
0.35355339059327373 0 -0.35355339059327373 0 0.35355339059327373 0 0.35355339059327373 0 0.35355339059327373 0 0.35355339059327373 0 -0.35355339059327373 0 0.35355339059327373 0
0.35355339059327373 0 -0.35355339059327373 0 0.35355339059327373 0 0.35355339059327373 0 0.35355339059327373 0 -0.35355339059327373 0 0.35355339059327373 0 0.35355339059327373 0
0.35355339059327373 0 -0.35355339059327373 0 0.35355339059327373 0 0.35355339059327373 0 0.35355339059327373 0 -0.35355339059327373 0 -0.35355339059327373 0 -0.35355339059327373 0
0.35355339059327373 0 -0.35355339059327373 0 0.35355339059327373 0 0.35355339059327373 0 -0.35355339059327373 0 0.35355339059327373 0 0.35355339059327373 0 0.35355339059327373 0
0.35355339059327373 0 -0.35355339059327373 0 0.35355339059327373 0 0.35355339059327373 0 -0.35355339059327373 0 0.35355339059327373 0 -0.35355339059327373 0 -0.35355339059327373 0
0.35355339059327373 0 -0.35355339059327373 0 0.35355339059327373 0 0.35355339059327373 0 -0.35355339059327373 0 -0.35355339059327373 0 0.35355339059327373 0 -0.35355339059327373 0
0.35355339059327373 0 -0.35355339059327373 0 0.35355339059327373 0 0.35355339059327373 0 -0.35355339059327373 0 -0.35355339059327373 0 -0.35355339059327373 0 0.35355339059327373 0
0.35355339059327373 0 -0.35355339059327373 0 0.35355339059327373 0 -0.35355339059327373 0 0.35355339059327373 0 0.35355339059327373 0 0.35355339059327373 0 0.35355339059327373 0
0.35355339059327373 0 -0.35355339059327373 0 0.35355339059327373 0 -0.35355339059327373 0 0.35355339059327373 0 0.35355339059327373 0 -0.35355339059327373 0 -0.35355339059327373 0
0.35355339059327373 0 -0.35355339059327373 0 0.35355339059327373 0 -0.35355339059327373 0 0.35355339059327373 0 -0.35355339059327373 0 0.35355339059327373 0 -0.35355339059327373 0
0.35355339059327373 0 -0.35355339059327373 0 0.35355339059327373 0 -0.35355339059327373 0 0.35355339059327373 0 -0.35355339059327373 0 -0.35355339059327373 0 0.35355339059327373 0
0.35355339059327373 0 -0.35355339059327373 0 0.35355339059327373 0 -0.35355339059327373 0 -0.35355339059327373 0 0.35355339059327373 0 0.35355339059327373 0 -0.35355339059327373 0
0.35355339059327373 0 -0.35355339059327373 0 0.35355339059327373 0 -0.35355339059327373 0 -0.35355339059327373 0 0.35355339059327373 0 -0.35355339059327373 0 0.35355339059327373 0
0.35355339059327373 0 -0.35355339059327373 0 0.35355339059327373 0 -0.35355339059327373 0 -0.35355339059327373 0 -0.35355339059327373 0 0.35355339059327373 0 0.35355339059327373 0
0.35355339059327373 0 -0.35355339059327373 0 0.35355339059327373 0 -0.35355339059327373 0 -0.35355339059327373 0 -0.35355339059327373 0 -0.35355339059327373 0 -0.35355339059327373 0
0.35355339059327373 0 -0.35355339059327373 0 -0.35355339059327373 0 0.35355339059327373 0 0.35355339059327373 0 0.35355339059327373 0 0.35355339059327373 0 0.35355339059327373 0
0.35355339059327373 0 -0.35355339059327373 0 -0.35355339059327373 0 0.35355339059327373 0 0.35355339059327373 0 0.35355339059327373 0 -0.35355339059327373 0 -0.35355339059327373 0
0.35355339059327373 0 -0.35355339059327373 0 -0.35355339059327373 0 0.35355339059327373 0 0.35355339059327373 0 -0.35355339059327373 0 0.35355339059327373 0 -0.35355339059327373 0
0.35355339059327373 0 -0.35355339059327373 0 -0.35355339059327373 0 0.35355339059327373 0 0.35355339059327373 0 -0.35355339059327373 0 -0.35355339059327373 0 0.35355339059327373 0
0.35355339059327373 0 -0.35355339059327373 0 -0.35355339059327373 0 0.35355339059327373 0 -0.35355339059327373 0 0.35355339059327373 0 0.35355339059327373 0 -0.35355339059327373 0
0.35355339059327373 0 -0.35355339059327373 0 -0.35355339059327373 0 0.35355339059327373 0 -0.35355339059327373 0 0.35355339059327373 0 -0.35355339059327373 0 0.35355339059327373 0
0.35355339059327373 0 -0.35355339059327373 0 -0.35355339059327373 0 0.35355339059327373 0 -0.35355339059327373 0 -0.35355339059327373 0 0.35355339059327373 0 0.35355339059327373 0
0.35355339059327373 0 -0.35355339059327373 0 -0.35355339059327373 0 0.35355339059327373 0 -0.35355339059327373 0 -0.35355339059327373 0 -0.35355339059327373 0 -0.35355339059327373 0
0.35355339059327373 0 -0.35355339059327373 0 -0.35355339059327373 0 -0.35355339059327373 0 0.35355339059327373 0 0.35355339059327373 0 0.35355339059327373 0 -0.35355339059327373 0
0.35355339059327373 0 -0.35355339059327373 0 -0.35355339059327373 0 -0.35355339059327373 0 0.35355339059327373 0 0.35355339059327373 0 -0.35355339059327373 0 0.35355339059327373 0
0.35355339059327373 0 -0.35355339059327373 0 -0.35355339059327373 0 -0.35355339059327373 0 0.35355339059327373 0 -0.35355339059327373 0 0.35355339059327373 0 0.35355339059327373 0
0.35355339059327373 0 -0.35355339059327373 0 -0.35355339059327373 0 -0.35355339059327373 0 0.35355339059327373 0 -0.35355339059327373 0 -0.35355339059327373 0 -0.35355339059327373 0
0.35355339059327373 0 -0.35355339059327373 0 -0.35355339059327373 0 -0.35355339059327373 0 -0.35355339059327373 0 0.35355339059327373 0 0.35355339059327373 0 0.35355339059327373 0
0.35355339059327373 0 -0.35355339059327373 0 -0.35355339059327373 0 -0.35355339059327373 0 -0.35355339059327373 0 0.35355339059327373 0 -0.35355339059327373 0 -0.35355339059327373 0
0.35355339059327373 0 -0.35355339059327373 0 -0.35355339059327373 0 -0.35355339059327373 0 -0.35355339059327373 0 -0.35355339059327373 0 0.35355339059327373 0 -0.35355339059327373 0
0.35355339059327373 0 -0.35355339059327373 0 -0.35355339059327373 0 -0.35355339059327373 0 -0.35355339059327373 0 -0.35355339059327373 0 -0.35355339059327373 0 0.35355339059327373 0
-0.35355339059327373 0 0.35355339059327373 0 0.35355339059327373 0 0.35355339059327373 0 0.35355339059327373 0 0.35355339059327373 0 0.35355339059327373 0 -0.35355339059327373 0
-0.35355339059327373 0 0.35355339059327373 0 0.35355339059327373 0 0.35355339059327373 0 0.35355339059327373 0 0.35355339059327373 0 -0.35355339059327373 0 0.35355339059327373 0
-0.35355339059327373 0 0.35355339059327373 0 0.35355339059327373 0 0.35355339059327373 0 0.35355339059327373 0 -0.35355339059327373 0 0.35355339059327373 0 0.35355339059327373 0
-0.35355339059327373 0 0.35355339059327373 0 0.35355339059327373 0 0.35355339059327373 0 0.35355339059327373 0 -0.35355339059327373 0 -0.35355339059327373 0 -0.35355339059327373 0
-0.35355339059327373 0 0.35355339059327373 0 0.35355339059327373 0 0.35355339059327373 0 -0.35355339059327373 0 0.35355339059327373 0 0.35355339059327373 0 0.35355339059327373 0
-0.35355339059327373 0 0.35355339059327373 0 0.35355339059327373 0 0.35355339059327373 0 -0.35355339059327373 0 0.35355339059327373 0 -0.35355339059327373 0 -0.35355339059327373 0
-0.35355339059327373 0 0.35355339059327373 0 0.35355339059327373 0 0.35355339059327373 0 -0.35355339059327373 0 -0.35355339059327373 0 0.35355339059327373 0 -0.35355339059327373 0
-0.35355339059327373 0 0.35355339059327373 0 0.35355339059327373 0 0.35355339059327373 0 -0.35355339059327373 0 -0.35355339059327373 0 -0.35355339059327373 0 0.35355339059327373 0
-0.35355339059327373 0 0.35355339059327373 0 0.35355339059327373 0 -0.35355339059327373 0 0.35355339059327373 0 0.35355339059327373 0 0.35355339059327373 0 0.35355339059327373 0
-0.35355339059327373 0 0.35355339059327373 0 0.35355339059327373 0 -0.35355339059327373 0 0.35355339059327373 0 0.35355339059327373 0 -0.35355339059327373 0 -0.35355339059327373 0
-0.35355339059327373 0 0.35355339059327373 0 0.35355339059327373 0 -0.35355339059327373 0 0.35355339059327373 0 -0.35355339059327373 0 0.35355339059327373 0 -0.35355339059327373 0
-0.35355339059327373 0 0.35355339059327373 0 0.35355339059327373 0 -0.35355339059327373 0 0.35355339059327373 0 -0.35355339059327373 0 -0.35355339059327373 0 0.35355339059327373 0
-0.35355339059327373 0 0.35355339059327373 0 0.35355339059327373 0 -0.35355339059327373 0 -0.35355339059327373 0 0.35355339059327373 0 0.35355339059327373 0 -0.35355339059327373 0
-0.35355339059327373 0 0.35355339059327373 0 0.35355339059327373 0 -0.35355339059327373 0 -0.35355339059327373 0 0.35355339059327373 0 -0.35355339059327373 0 0.35355339059327373 0
-0.35355339059327373 0 0.35355339059327373 0 0.35355339059327373 0 -0.35355339059327373 0 -0.35355339059327373 0 -0.35355339059327373 0 0.35355339059327373 0 0.35355339059327373 0
-0.35355339059327373 0 0.35355339059327373 0 0.35355339059327373 0 -0.35355339059327373 0 -0.35355339059327373 0 -0.35355339059327373 0 -0.35355339059327373 0 -0.35355339059327373 0
-0.35355339059327373 0 0.35355339059327373 0 -0.35355339059327373 0 0.35355339059327373 0 0.35355339059327373 0 0.35355339059327373 0 0.35355339059327373 0 0.35355339059327373 0
-0.35355339059327373 0 0.35355339059327373 0 -0.35355339059327373 0 0.35355339059327373 0 0.35355339059327373 0 0.35355339059327373 0 -0.35355339059327373 0 -0.35355339059327373 0
-0.35355339059327373 0 0.35355339059327373 0 -0.35355339059327373 0 0.35355339059327373 0 0.35355339059327373 0 -0.35355339059327373 0 0.35355339059327373 0 -0.35355339059327373 0
-0.35355339059327373 0 0.35355339059327373 0 -0.35355339059327373 0 0.35355339059327373 0 0.35355339059327373 0 -0.35355339059327373 0 -0.35355339059327373 0 0.35355339059327373 0
-0.35355339059327373 0 0.35355339059327373 0 -0.35355339059327373 0 0.35355339059327373 0 -0.35355339059327373 0 0.35355339059327373 0 0.35355339059327373 0 -0.35355339059327373 0
-0.35355339059327373 0 0.35355339059327373 0 -0.35355339059327373 0 0.35355339059327373 0 -0.35355339059327373 0 0.35355339059327373 0 -0.35355339059327373 0 0.35355339059327373 0
-0.35355339059327373 0 0.35355339059327373 0 -0.35355339059327373 0 0.35355339059327373 0 -0.35355339059327373 0 -0.35355339059327373 0 0.35355339059327373 0 0.35355339059327373 0
-0.35355339059327373 0 0.35355339059327373 0 -0.35355339059327373 0 0.35355339059327373 0 -0.35355339059327373 0 -0.35355339059327373 0 -0.35355339059327373 0 -0.35355339059327373 0
-0.35355339059327373 0 0.35355339059327373 0 -0.35355339059327373 0 -0.35355339059327373 0 0.35355339059327373 0 0.35355339059327373 0 0.35355339059327373 0 -0.35355339059327373 0
-0.35355339059327373 0 0.35355339059327373 0 -0.35355339059327373 0 -0.35355339059327373 0 0.35355339059327373 0 0.35355339059327373 0 -0.35355339059327373 0 0.35355339059327373 0
-0.35355339059327373 0 0.35355339059327373 0 -0.35355339059327373 0 -0.35355339059327373 0 0.35355339059327373 0 -0.35355339059327373 0 0.35355339059327373 0 0.35355339059327373 0
-0.35355339059327373 0 0.35355339059327373 0 -0.35355339059327373 0 -0.35355339059327373 0 0.35355339059327373 0 -0.35355339059327373 0 -0.35355339059327373 0 -0.35355339059327373 0
-0.35355339059327373 0 0.35355339059327373 0 -0.35355339059327373 0 -0.35355339059327373 0 -0.35355339059327373 0 0.35355339059327373 0 0.35355339059327373 0 0.35355339059327373 0
-0.35355339059327373 0 0.35355339059327373 0 -0.35355339059327373 0 -0.35355339059327373 0 -0.35355339059327373 0 0.35355339059327373 0 -0.35355339059327373 0 -0.35355339059327373 0
-0.35355339059327373 0 0.35355339059327373 0 -0.35355339059327373 0 -0.35355339059327373 0 -0.35355339059327373 0 -0.35355339059327373 0 0.35355339059327373 0 -0.35355339059327373 0
-0.35355339059327373 0 0.35355339059327373 0 -0.35355339059327373 0 -0.35355339059327373 0 -0.35355339059327373 0 -0.35355339059327373 0 -0.35355339059327373 0 0.35355339059327373 0
-0.35355339059327373 0 -0.35355339059327373 0 0.35355339059327373 0 0.35355339059327373 0 0.35355339059327373 0 0.35355339059327373 0 0.35355339059327373 0 0.35355339059327373 0
-0.35355339059327373 0 -0.35355339059327373 0 0.35355339059327373 0 0.35355339059327373 0 0.35355339059327373 0 0.35355339059327373 0 -0.35355339059327373 0 -0.35355339059327373 0
-0.35355339059327373 0 -0.35355339059327373 0 0.35355339059327373 0 0.35355339059327373 0 0.35355339059327373 0 -0.35355339059327373 0 0.35355339059327373 0 -0.35355339059327373 0
-0.35355339059327373 0 -0.35355339059327373 0 0.35355339059327373 0 0.35355339059327373 0 0.35355339059327373 0 -0.35355339059327373 0 -0.35355339059327373 0 0.35355339059327373 0
-0.35355339059327373 0 -0.35355339059327373 0 0.35355339059327373 0 0.35355339059327373 0 -0.35355339059327373 0 0.35355339059327373 0 0.35355339059327373 0 -0.35355339059327373 0
-0.35355339059327373 0 -0.35355339059327373 0 0.35355339059327373 0 0.35355339059327373 0 -0.35355339059327373 0 0.35355339059327373 0 -0.35355339059327373 0 0.35355339059327373 0
-0.35355339059327373 0 -0.35355339059327373 0 0.35355339059327373 0 0.35355339059327373 0 -0.35355339059327373 0 -0.35355339059327373 0 0.35355339059327373 0 0.35355339059327373 0
-0.35355339059327373 0 -0.35355339059327373 0 0.35355339059327373 0 0.35355339059327373 0 -0.35355339059327373 0 -0.35355339059327373 0 -0.35355339059327373 0 -0.35355339059327373 0
-0.35355339059327373 0 -0.35355339059327373 0 0.35355339059327373 0 -0.35355339059327373 0 0.35355339059327373 0 0.35355339059327373 0 0.35355339059327373 0 -0.35355339059327373 0
-0.35355339059327373 0 -0.35355339059327373 0 0.35355339059327373 0 -0.35355339059327373 0 0.35355339059327373 0 0.35355339059327373 0 -0.35355339059327373 0 0.35355339059327373 0
-0.35355339059327373 0 -0.35355339059327373 0 0.35355339059327373 0 -0.35355339059327373 0 0.35355339059327373 0 -0.35355339059327373 0 0.35355339059327373 0 0.35355339059327373 0
-0.35355339059327373 0 -0.35355339059327373 0 0.35355339059327373 0 -0.35355339059327373 0 0.35355339059327373 0 -0.35355339059327373 0 -0.35355339059327373 0 -0.35355339059327373 0
-0.35355339059327373 0 -0.35355339059327373 0 0.35355339059327373 0 -0.35355339059327373 0 -0.35355339059327373 0 0.35355339059327373 0 0.35355339059327373 0 0.35355339059327373 0
-0.35355339059327373 0 -0.35355339059327373 0 0.35355339059327373 0 -0.35355339059327373 0 -0.35355339059327373 0 0.35355339059327373 0 -0.35355339059327373 0 -0.35355339059327373 0
-0.35355339059327373 0 -0.35355339059327373 0 0.35355339059327373 0 -0.35355339059327373 0 -0.35355339059327373 0 -0.35355339059327373 0 0.35355339059327373 0 -0.35355339059327373 0
-0.35355339059327373 0 -0.35355339059327373 0 0.35355339059327373 0 -0.35355339059327373 0 -0.35355339059327373 0 -0.35355339059327373 0 -0.35355339059327373 0 0.35355339059327373 0
-0.35355339059327373 0 -0.35355339059327373 0 -0.35355339059327373 0 0.35355339059327373 0 0.35355339059327373 0 0.35355339059327373 0 0.35355339059327373 0 -0.35355339059327373 0
-0.35355339059327373 0 -0.35355339059327373 0 -0.35355339059327373 0 0.35355339059327373 0 0.35355339059327373 0 0.35355339059327373 0 -0.35355339059327373 0 0.35355339059327373 0
-0.35355339059327373 0 -0.35355339059327373 0 -0.35355339059327373 0 0.35355339059327373 0 0.35355339059327373 0 -0.35355339059327373 0 0.35355339059327373 0 0.35355339059327373 0
-0.35355339059327373 0 -0.35355339059327373 0 -0.35355339059327373 0 0.35355339059327373 0 0.35355339059327373 0 -0.35355339059327373 0 -0.35355339059327373 0 -0.35355339059327373 0
-0.35355339059327373 0 -0.35355339059327373 0 -0.35355339059327373 0 0.35355339059327373 0 -0.35355339059327373 0 0.35355339059327373 0 0.35355339059327373 0 0.35355339059327373 0
-0.35355339059327373 0 -0.35355339059327373 0 -0.35355339059327373 0 0.35355339059327373 0 -0.35355339059327373 0 0.35355339059327373 0 -0.35355339059327373 0 -0.35355339059327373 0
-0.35355339059327373 0 -0.35355339059327373 0 -0.35355339059327373 0 0.35355339059327373 0 -0.35355339059327373 0 -0.35355339059327373 0 0.35355339059327373 0 -0.35355339059327373 0
-0.35355339059327373 0 -0.35355339059327373 0 -0.35355339059327373 0 0.35355339059327373 0 -0.35355339059327373 0 -0.35355339059327373 0 -0.35355339059327373 0 0.35355339059327373 0
-0.35355339059327373 0 -0.35355339059327373 0 -0.35355339059327373 0 -0.35355339059327373 0 0.35355339059327373 0 0.35355339059327373 0 0.35355339059327373 0 0.35355339059327373 0
-0.35355339059327373 0 -0.35355339059327373 0 -0.35355339059327373 0 -0.35355339059327373 0 0.35355339059327373 0 0.35355339059327373 0 -0.35355339059327373 0 -0.35355339059327373 0
-0.35355339059327373 0 -0.35355339059327373 0 -0.35355339059327373 0 -0.35355339059327373 0 0.35355339059327373 0 -0.35355339059327373 0 0.35355339059327373 0 -0.35355339059327373 0
-0.35355339059327373 0 -0.35355339059327373 0 -0.35355339059327373 0 -0.35355339059327373 0 0.35355339059327373 0 -0.35355339059327373 0 -0.35355339059327373 0 0.35355339059327373 0
-0.35355339059327373 0 -0.35355339059327373 0 -0.35355339059327373 0 -0.35355339059327373 0 -0.35355339059327373 0 0.35355339059327373 0 0.35355339059327373 0 -0.35355339059327373 0
-0.35355339059327373 0 -0.35355339059327373 0 -0.35355339059327373 0 -0.35355339059327373 0 -0.35355339059327373 0 0.35355339059327373 0 -0.35355339059327373 0 0.35355339059327373 0
-0.35355339059327373 0 -0.35355339059327373 0 -0.35355339059327373 0 -0.35355339059327373 0 -0.35355339059327373 0 -0.35355339059327373 0 0.35355339059327373 0 0.35355339059327373 0
-0.35355339059327373 0 -0.35355339059327373 0 -0.35355339059327373 0 -0.35355339059327373 0 -0.35355339059327373 0 -0.35355339059327373 0 -0.35355339059327373 0 -0.35355339059327373 0
0 0 0.35355339059327373 0.35355339059327373 0 0 0.35355339059327373 0.35355339059327373 0 0 0.35355339059327373 0.35355339059327373 0 0 0.35355339059327373 0.35355339059327373
0 0 0.35355339059327373 0.35355339059327373 0 0 0.35355339059327373 0.35355339059327373 0 0 0.35355339059327373 0.35355339059327373 0 0 -0.35355339059327373 -0.35355339059327373
0 0 0.35355339059327373 0.35355339059327373 0 0 0.35355339059327373 0.35355339059327373 0 0 0.35355339059327373 -0.35355339059327373 0 0 0.35355339059327373 -0.35355339059327373
0 0 0.35355339059327373 0.35355339059327373 0 0 0.35355339059327373 0.35355339059327373 0 0 0.35355339059327373 -0.35355339059327373 0 0 -0.35355339059327373 0.35355339059327373
0 0 0.35355339059327373 0.35355339059327373 0 0 0.35355339059327373 0.35355339059327373 0 0 -0.35355339059327373 0.35355339059327373 0 0 0.35355339059327373 -0.35355339059327373
0 0 0.35355339059327373 0.35355339059327373 0 0 0.35355339059327373 0.35355339059327373 0 0 -0.35355339059327373 0.35355339059327373 0 0 -0.35355339059327373 0.35355339059327373
0 0 0.35355339059327373 0.35355339059327373 0 0 0.35355339059327373 0.35355339059327373 0 0 -0.35355339059327373 -0.35355339059327373 0 0 0.35355339059327373 0.35355339059327373
0 0 0.35355339059327373 0.35355339059327373 0 0 0.35355339059327373 0.35355339059327373 0 0 -0.35355339059327373 -0.35355339059327373 0 0 -0.35355339059327373 -0.35355339059327373
0 0 0.35355339059327373 0.35355339059327373 0 0 0.35355339059327373 -0.35355339059327373 0 0 0.35355339059327373 0.35355339059327373 0 0 0.35355339059327373 -0.35355339059327373
0 0 0.35355339059327373 0.35355339059327373 0 0 0.35355339059327373 -0.35355339059327373 0 0 0.35355339059327373 0.35355339059327373 0 0 -0.35355339059327373 0.35355339059327373
0 0 0.35355339059327373 0.35355339059327373 0 0 0.35355339059327373 -0.35355339059327373 0 0 0.35355339059327373 -0.35355339059327373 0 0 0.35355339059327373 0.35355339059327373
0 0 0.35355339059327373 0.35355339059327373 0 0 0.35355339059327373 -0.35355339059327373 0 0 0.35355339059327373 -0.35355339059327373 0 0 -0.35355339059327373 -0.35355339059327373
0 0 0.35355339059327373 0.35355339059327373 0 0 0.35355339059327373 -0.35355339059327373 0 0 -0.35355339059327373 0.35355339059327373 0 0 0.35355339059327373 0.35355339059327373
0 0 0.35355339059327373 0.35355339059327373 0 0 0.35355339059327373 -0.35355339059327373 0 0 -0.35355339059327373 0.35355339059327373 0 0 -0.35355339059327373 -0.35355339059327373
0 0 0.35355339059327373 0.35355339059327373 0 0 0.35355339059327373 -0.35355339059327373 0 0 -0.35355339059327373 -0.35355339059327373 0 0 0.35355339059327373 -0.35355339059327373
0 0 0.35355339059327373 0.35355339059327373 0 0 0.35355339059327373 -0.35355339059327373 0 0 -0.35355339059327373 -0.35355339059327373 0 0 -0.35355339059327373 0.35355339059327373
0 0 0.35355339059327373 0.35355339059327373 0 0 -0.35355339059327373 0.35355339059327373 0 0 0.35355339059327373 0.35355339059327373 0 0 0.35355339059327373 -0.35355339059327373
0 0 0.35355339059327373 0.35355339059327373 0 0 -0.35355339059327373 0.35355339059327373 0 0 0.35355339059327373 0.35355339059327373 0 0 -0.35355339059327373 0.35355339059327373
0 0 0.35355339059327373 0.35355339059327373 0 0 -0.35355339059327373 0.35355339059327373 0 0 0.35355339059327373 -0.35355339059327373 0 0 0.35355339059327373 0.35355339059327373
0 0 0.35355339059327373 0.35355339059327373 0 0 -0.35355339059327373 0.35355339059327373 0 0 0.35355339059327373 -0.35355339059327373 0 0 -0.35355339059327373 -0.35355339059327373
0 0 0.35355339059327373 0.35355339059327373 0 0 -0.35355339059327373 0.35355339059327373 0 0 -0.35355339059327373 0.35355339059327373 0 0 0.35355339059327373 0.35355339059327373
0 0 0.35355339059327373 0.35355339059327373 0 0 -0.35355339059327373 0.35355339059327373 0 0 -0.35355339059327373 0.35355339059327373 0 0 -0.35355339059327373 -0.35355339059327373
0 0 0.35355339059327373 0.35355339059327373 0 0 -0.35355339059327373 0.35355339059327373 0 0 -0.35355339059327373 -0.35355339059327373 0 0 0.35355339059327373 -0.35355339059327373
0 0 0.35355339059327373 0.35355339059327373 0 0 -0.35355339059327373 0.35355339059327373 0 0 -0.35355339059327373 -0.35355339059327373 0 0 -0.35355339059327373 0.35355339059327373
0 0 0.35355339059327373 0.35355339059327373 0 0 -0.35355339059327373 -0.35355339059327373 0 0 0.35355339059327373 0.35355339059327373 0 0 0.35355339059327373 0.35355339059327373
0 0 0.35355339059327373 0.35355339059327373 0 0 -0.35355339059327373 -0.35355339059327373 0 0 0.35355339059327373 0.35355339059327373 0 0 -0.35355339059327373 -0.35355339059327373
0 0 0.35355339059327373 0.35355339059327373 0 0 -0.35355339059327373 -0.35355339059327373 0 0 0.35355339059327373 -0.35355339059327373 0 0 0.35355339059327373 -0.35355339059327373
0 0 0.35355339059327373 0.35355339059327373 0 0 -0.35355339059327373 -0.35355339059327373 0 0 0.35355339059327373 -0.35355339059327373 0 0 -0.35355339059327373 0.35355339059327373
0 0 0.35355339059327373 0.35355339059327373 0 0 -0.35355339059327373 -0.35355339059327373 0 0 -0.35355339059327373 0.35355339059327373 0 0 0.35355339059327373 -0.35355339059327373
0 0 0.35355339059327373 0.35355339059327373 0 0 -0.35355339059327373 -0.35355339059327373 0 0 -0.35355339059327373 0.35355339059327373 0 0 -0.35355339059327373 0.35355339059327373
0 0 0.35355339059327373 0.35355339059327373 0 0 -0.35355339059327373 -0.35355339059327373 0 0 -0.35355339059327373 -0.35355339059327373 0 0 0.35355339059327373 0.35355339059327373
0 0 0.35355339059327373 0.35355339059327373 0 0 -0.35355339059327373 -0.35355339059327373 0 0 -0.35355339059327373 -0.35355339059327373 0 0 -0.35355339059327373 -0.35355339059327373
0 0 0.35355339059327373 -0.35355339059327373 0 0 0.35355339059327373 0.35355339059327373 0 0 0.35355339059327373 0.35355339059327373 0 0 0.35355339059327373 -0.35355339059327373
0 0 0.35355339059327373 -0.35355339059327373 0 0 0.35355339059327373 0.35355339059327373 0 0 0.35355339059327373 0.35355339059327373 0 0 -0.35355339059327373 0.35355339059327373
0 0 0.35355339059327373 -0.35355339059327373 0 0 0.35355339059327373 0.35355339059327373 0 0 0.35355339059327373 -0.35355339059327373 0 0 0.35355339059327373 0.35355339059327373
0 0 0.35355339059327373 -0.35355339059327373 0 0 0.35355339059327373 0.35355339059327373 0 0 0.35355339059327373 -0.35355339059327373 0 0 -0.35355339059327373 -0.35355339059327373
0 0 0.35355339059327373 -0.35355339059327373 0 0 0.35355339059327373 0.35355339059327373 0 0 -0.35355339059327373 0.35355339059327373 0 0 0.35355339059327373 0.35355339059327373
0 0 0.35355339059327373 -0.35355339059327373 0 0 0.35355339059327373 0.35355339059327373 0 0 -0.35355339059327373 0.35355339059327373 0 0 -0.35355339059327373 -0.35355339059327373
0 0 0.35355339059327373 -0.35355339059327373 0 0 0.35355339059327373 0.35355339059327373 0 0 -0.35355339059327373 -0.35355339059327373 0 0 0.35355339059327373 -0.35355339059327373
0 0 0.35355339059327373 -0.35355339059327373 0 0 0.35355339059327373 0.35355339059327373 0 0 -0.35355339059327373 -0.35355339059327373 0 0 -0.35355339059327373 0.35355339059327373
0 0 0.35355339059327373 -0.35355339059327373 0 0 0.35355339059327373 -0.35355339059327373 0 0 0.35355339059327373 0.35355339059327373 0 0 0.35355339059327373 0.35355339059327373
0 0 0.35355339059327373 -0.35355339059327373 0 0 0.35355339059327373 -0.35355339059327373 0 0 0.35355339059327373 0.35355339059327373 0 0 -0.35355339059327373 -0.35355339059327373
0 0 0.35355339059327373 -0.35355339059327373 0 0 0.35355339059327373 -0.35355339059327373 0 0 0.35355339059327373 -0.35355339059327373 0 0 0.35355339059327373 -0.35355339059327373
0 0 0.35355339059327373 -0.35355339059327373 0 0 0.35355339059327373 -0.35355339059327373 0 0 0.35355339059327373 -0.35355339059327373 0 0 -0.35355339059327373 0.35355339059327373
0 0 0.35355339059327373 -0.35355339059327373 0 0 0.35355339059327373 -0.35355339059327373 0 0 -0.35355339059327373 0.35355339059327373 0 0 0.35355339059327373 -0.35355339059327373
0 0 0.35355339059327373 -0.35355339059327373 0 0 0.35355339059327373 -0.35355339059327373 0 0 -0.35355339059327373 0.35355339059327373 0 0 -0.35355339059327373 0.35355339059327373
0 0 0.35355339059327373 -0.35355339059327373 0 0 0.35355339059327373 -0.35355339059327373 0 0 -0.35355339059327373 -0.35355339059327373 0 0 0.35355339059327373 0.35355339059327373
0 0 0.35355339059327373 -0.35355339059327373 0 0 0.35355339059327373 -0.35355339059327373 0 0 -0.35355339059327373 -0.35355339059327373 0 0 -0.35355339059327373 -0.35355339059327373
0 0 0.35355339059327373 -0.35355339059327373 0 0 -0.35355339059327373 0.35355339059327373 0 0 0.35355339059327373 0.35355339059327373 0 0 0.35355339059327373 0.35355339059327373
0 0 0.35355339059327373 -0.35355339059327373 0 0 -0.35355339059327373 0.35355339059327373 0 0 0.35355339059327373 0.35355339059327373 0 0 -0.35355339059327373 -0.35355339059327373
0 0 0.35355339059327373 -0.35355339059327373 0 0 -0.35355339059327373 0.35355339059327373 0 0 0.35355339059327373 -0.35355339059327373 0 0 0.35355339059327373 -0.35355339059327373
0 0 0.35355339059327373 -0.35355339059327373 0 0 -0.35355339059327373 0.35355339059327373 0 0 0.35355339059327373 -0.35355339059327373 0 0 -0.35355339059327373 0.35355339059327373
0 0 0.35355339059327373 -0.35355339059327373 0 0 -0.35355339059327373 0.35355339059327373 0 0 -0.35355339059327373 0.35355339059327373 0 0 0.35355339059327373 -0.35355339059327373
0 0 0.35355339059327373 -0.35355339059327373 0 0 -0.35355339059327373 0.35355339059327373 0 0 -0.35355339059327373 0.35355339059327373 0 0 -0.35355339059327373 0.35355339059327373
0 0 0.35355339059327373 -0.35355339059327373 0 0 -0.35355339059327373 0.35355339059327373 0 0 -0.35355339059327373 -0.35355339059327373 0 0 0.35355339059327373 0.35355339059327373
0 0 0.35355339059327373 -0.35355339059327373 0 0 -0.35355339059327373 0.35355339059327373 0 0 -0.35355339059327373 -0.35355339059327373 0 0 -0.35355339059327373 -0.35355339059327373
0 0 0.35355339059327373 -0.35355339059327373 0 0 -0.35355339059327373 -0.35355339059327373 0 0 0.35355339059327373 0.35355339059327373 0 0 0.35355339059327373 -0.35355339059327373
0 0 0.35355339059327373 -0.35355339059327373 0 0 -0.35355339059327373 -0.35355339059327373 0 0 0.35355339059327373 0.35355339059327373 0 0 -0.35355339059327373 0.35355339059327373
0 0 0.35355339059327373 -0.35355339059327373 0 0 -0.35355339059327373 -0.35355339059327373 0 0 0.35355339059327373 -0.35355339059327373 0 0 0.35355339059327373 0.35355339059327373
0 0 0.35355339059327373 -0.35355339059327373 0 0 -0.35355339059327373 -0.35355339059327373 0 0 0.35355339059327373 -0.35355339059327373 0 0 -0.35355339059327373 -0.35355339059327373
0 0 0.35355339059327373 -0.35355339059327373 0 0 -0.35355339059327373 -0.35355339059327373 0 0 -0.35355339059327373 0.35355339059327373 0 0 0.35355339059327373 0.35355339059327373
0 0 0.35355339059327373 -0.35355339059327373 0 0 -0.35355339059327373 -0.35355339059327373 0 0 -0.35355339059327373 0.35355339059327373 0 0 -0.35355339059327373 -0.35355339059327373
0 0 0.35355339059327373 -0.35355339059327373 0 0 -0.35355339059327373 -0.35355339059327373 0 0 -0.35355339059327373 -0.35355339059327373 0 0 0.35355339059327373 -0.35355339059327373
0 0 0.35355339059327373 -0.35355339059327373 0 0 -0.35355339059327373 -0.35355339059327373 0 0 -0.35355339059327373 -0.35355339059327373 0 0 -0.35355339059327373 0.35355339059327373
0 0 -0.35355339059327373 0.35355339059327373 0 0 0.35355339059327373 0.35355339059327373 0 0 0.35355339059327373 0.35355339059327373 0 0 0.35355339059327373 -0.35355339059327373
0 0 -0.35355339059327373 0.35355339059327373 0 0 0.35355339059327373 0.35355339059327373 0 0 0.35355339059327373 0.35355339059327373 0 0 -0.35355339059327373 0.35355339059327373
0 0 -0.35355339059327373 0.35355339059327373 0 0 0.35355339059327373 0.35355339059327373 0 0 0.35355339059327373 -0.35355339059327373 0 0 0.35355339059327373 0.35355339059327373
0 0 -0.35355339059327373 0.35355339059327373 0 0 0.35355339059327373 0.35355339059327373 0 0 0.35355339059327373 -0.35355339059327373 0 0 -0.35355339059327373 -0.35355339059327373
0 0 -0.35355339059327373 0.35355339059327373 0 0 0.35355339059327373 0.35355339059327373 0 0 -0.35355339059327373 0.35355339059327373 0 0 0.35355339059327373 0.35355339059327373
0 0 -0.35355339059327373 0.35355339059327373 0 0 0.35355339059327373 0.35355339059327373 0 0 -0.35355339059327373 0.35355339059327373 0 0 -0.35355339059327373 -0.35355339059327373
0 0 -0.35355339059327373 0.35355339059327373 0 0 0.35355339059327373 0.35355339059327373 0 0 -0.35355339059327373 -0.35355339059327373 0 0 0.35355339059327373 -0.35355339059327373
0 0 -0.35355339059327373 0.35355339059327373 0 0 0.35355339059327373 0.35355339059327373 0 0 -0.35355339059327373 -0.35355339059327373 0 0 -0.35355339059327373 0.35355339059327373
0 0 -0.35355339059327373 0.35355339059327373 0 0 0.35355339059327373 -0.35355339059327373 0 0 0.35355339059327373 0.35355339059327373 0 0 0.35355339059327373 0.35355339059327373
0 0 -0.35355339059327373 0.35355339059327373 0 0 0.35355339059327373 -0.35355339059327373 0 0 0.35355339059327373 0.35355339059327373 0 0 -0.35355339059327373 -0.35355339059327373
0 0 -0.35355339059327373 0.35355339059327373 0 0 0.35355339059327373 -0.35355339059327373 0 0 0.35355339059327373 -0.35355339059327373 0 0 0.35355339059327373 -0.35355339059327373
0 0 -0.35355339059327373 0.35355339059327373 0 0 0.35355339059327373 -0.35355339059327373 0 0 0.35355339059327373 -0.35355339059327373 0 0 -0.35355339059327373 0.35355339059327373
0 0 -0.35355339059327373 0.35355339059327373 0 0 0.35355339059327373 -0.35355339059327373 0 0 -0.35355339059327373 0.35355339059327373 0 0 0.35355339059327373 -0.35355339059327373
0 0 -0.35355339059327373 0.35355339059327373 0 0 0.35355339059327373 -0.35355339059327373 0 0 -0.35355339059327373 0.35355339059327373 0 0 -0.35355339059327373 0.35355339059327373
0 0 -0.35355339059327373 0.35355339059327373 0 0 0.35355339059327373 -0.35355339059327373 0 0 -0.35355339059327373 -0.35355339059327373 0 0 0.35355339059327373 0.35355339059327373
0 0 -0.35355339059327373 0.35355339059327373 0 0 0.35355339059327373 -0.35355339059327373 0 0 -0.35355339059327373 -0.35355339059327373 0 0 -0.35355339059327373 -0.35355339059327373
0 0 -0.35355339059327373 0.35355339059327373 0 0 -0.35355339059327373 0.35355339059327373 0 0 0.35355339059327373 0.35355339059327373 0 0 0.35355339059327373 0.35355339059327373
0 0 -0.35355339059327373 0.35355339059327373 0 0 -0.35355339059327373 0.35355339059327373 0 0 0.35355339059327373 0.35355339059327373 0 0 -0.35355339059327373 -0.35355339059327373
0 0 -0.35355339059327373 0.35355339059327373 0 0 -0.35355339059327373 0.35355339059327373 0 0 0.35355339059327373 -0.35355339059327373 0 0 0.35355339059327373 -0.35355339059327373
0 0 -0.35355339059327373 0.35355339059327373 0 0 -0.35355339059327373 0.35355339059327373 0 0 0.35355339059327373 -0.35355339059327373 0 0 -0.35355339059327373 0.35355339059327373
0 0 -0.35355339059327373 0.35355339059327373 0 0 -0.35355339059327373 0.35355339059327373 0 0 -0.35355339059327373 0.35355339059327373 0 0 0.35355339059327373 -0.35355339059327373
0 0 -0.35355339059327373 0.35355339059327373 0 0 -0.35355339059327373 0.35355339059327373 0 0 -0.35355339059327373 0.35355339059327373 0 0 -0.35355339059327373 0.35355339059327373
0 0 -0.35355339059327373 0.35355339059327373 0 0 -0.35355339059327373 0.35355339059327373 0 0 -0.35355339059327373 -0.35355339059327373 0 0 0.35355339059327373 0.35355339059327373
0 0 -0.35355339059327373 0.35355339059327373 0 0 -0.35355339059327373 0.35355339059327373 0 0 -0.35355339059327373 -0.35355339059327373 0 0 -0.35355339059327373 -0.35355339059327373
0 0 -0.35355339059327373 0.35355339059327373 0 0 -0.35355339059327373 -0.35355339059327373 0 0 0.35355339059327373 0.35355339059327373 0 0 0.35355339059327373 -0.35355339059327373
0 0 -0.35355339059327373 0.35355339059327373 0 0 -0.35355339059327373 -0.35355339059327373 0 0 0.35355339059327373 0.35355339059327373 0 0 -0.35355339059327373 0.35355339059327373
0 0 -0.35355339059327373 0.35355339059327373 0 0 -0.35355339059327373 -0.35355339059327373 0 0 0.35355339059327373 -0.35355339059327373 0 0 0.35355339059327373 0.35355339059327373
0 0 -0.35355339059327373 0.35355339059327373 0 0 -0.35355339059327373 -0.35355339059327373 0 0 0.35355339059327373 -0.35355339059327373 0 0 -0.35355339059327373 -0.35355339059327373
0 0 -0.35355339059327373 0.35355339059327373 0 0 -0.35355339059327373 -0.35355339059327373 0 0 -0.35355339059327373 0.35355339059327373 0 0 0.35355339059327373 0.35355339059327373
0 0 -0.35355339059327373 0.35355339059327373 0 0 -0.35355339059327373 -0.35355339059327373 0 0 -0.35355339059327373 0.35355339059327373 0 0 -0.35355339059327373 -0.35355339059327373
0 0 -0.35355339059327373 0.35355339059327373 0 0 -0.35355339059327373 -0.35355339059327373 0 0 -0.35355339059327373 -0.35355339059327373 0 0 0.35355339059327373 -0.35355339059327373
0 0 -0.35355339059327373 0.35355339059327373 0 0 -0.35355339059327373 -0.35355339059327373 0 0 -0.35355339059327373 -0.35355339059327373 0 0 -0.35355339059327373 0.35355339059327373
0 0 -0.35355339059327373 -0.35355339059327373 0 0 0.35355339059327373 0.35355339059327373 0 0 0.35355339059327373 0.35355339059327373 0 0 0.35355339059327373 0.35355339059327373
0 0 -0.35355339059327373 -0.35355339059327373 0 0 0.35355339059327373 0.35355339059327373 0 0 0.35355339059327373 0.35355339059327373 0 0 -0.35355339059327373 -0.35355339059327373
0 0 -0.35355339059327373 -0.35355339059327373 0 0 0.35355339059327373 0.35355339059327373 0 0 0.35355339059327373 -0.35355339059327373 0 0 0.35355339059327373 -0.35355339059327373
0 0 -0.35355339059327373 -0.35355339059327373 0 0 0.35355339059327373 0.35355339059327373 0 0 0.35355339059327373 -0.35355339059327373 0 0 -0.35355339059327373 0.35355339059327373
0 0 -0.35355339059327373 -0.35355339059327373 0 0 0.35355339059327373 0.35355339059327373 0 0 -0.35355339059327373 0.35355339059327373 0 0 0.35355339059327373 -0.35355339059327373
0 0 -0.35355339059327373 -0.35355339059327373 0 0 0.35355339059327373 0.35355339059327373 0 0 -0.35355339059327373 0.35355339059327373 0 0 -0.35355339059327373 0.35355339059327373
0 0 -0.35355339059327373 -0.35355339059327373 0 0 0.35355339059327373 0.35355339059327373 0 0 -0.35355339059327373 -0.35355339059327373 0 0 0.35355339059327373 0.35355339059327373
0 0 -0.35355339059327373 -0.35355339059327373 0 0 0.35355339059327373 0.35355339059327373 0 0 -0.35355339059327373 -0.35355339059327373 0 0 -0.35355339059327373 -0.35355339059327373
0 0 -0.35355339059327373 -0.35355339059327373 0 0 0.35355339059327373 -0.35355339059327373 0 0 0.35355339059327373 0.35355339059327373 0 0 0.35355339059327373 -0.35355339059327373
0 0 -0.35355339059327373 -0.35355339059327373 0 0 0.35355339059327373 -0.35355339059327373 0 0 0.35355339059327373 0.35355339059327373 0 0 -0.35355339059327373 0.35355339059327373
0 0 -0.35355339059327373 -0.35355339059327373 0 0 0.35355339059327373 -0.35355339059327373 0 0 0.35355339059327373 -0.35355339059327373 0 0 0.35355339059327373 0.35355339059327373
0 0 -0.35355339059327373 -0.35355339059327373 0 0 0.35355339059327373 -0.35355339059327373 0 0 0.35355339059327373 -0.35355339059327373 0 0 -0.35355339059327373 -0.35355339059327373
0 0 -0.35355339059327373 -0.35355339059327373 0 0 0.35355339059327373 -0.35355339059327373 0 0 -0.35355339059327373 0.35355339059327373 0 0 0.35355339059327373 0.35355339059327373
0 0 -0.35355339059327373 -0.35355339059327373 0 0 0.35355339059327373 -0.35355339059327373 0 0 -0.35355339059327373 0.35355339059327373 0 0 -0.35355339059327373 -0.35355339059327373
0 0 -0.35355339059327373 -0.35355339059327373 0 0 0.35355339059327373 -0.35355339059327373 0 0 -0.35355339059327373 -0.35355339059327373 0 0 0.35355339059327373 -0.35355339059327373
0 0 -0.35355339059327373 -0.35355339059327373 0 0 0.35355339059327373 -0.35355339059327373 0 0 -0.35355339059327373 -0.35355339059327373 0 0 -0.35355339059327373 0.35355339059327373
0 0 -0.35355339059327373 -0.35355339059327373 0 0 -0.35355339059327373 0.35355339059327373 0 0 0.35355339059327373 0.35355339059327373 0 0 0.35355339059327373 -0.35355339059327373
0 0 -0.35355339059327373 -0.35355339059327373 0 0 -0.35355339059327373 0.35355339059327373 0 0 0.35355339059327373 0.35355339059327373 0 0 -0.35355339059327373 0.35355339059327373
0 0 -0.35355339059327373 -0.35355339059327373 0 0 -0.35355339059327373 0.35355339059327373 0 0 0.35355339059327373 -0.35355339059327373 0 0 0.35355339059327373 0.35355339059327373
0 0 -0.35355339059327373 -0.35355339059327373 0 0 -0.35355339059327373 0.35355339059327373 0 0 0.35355339059327373 -0.35355339059327373 0 0 -0.35355339059327373 -0.35355339059327373
0 0 -0.35355339059327373 -0.35355339059327373 0 0 -0.35355339059327373 0.35355339059327373 0 0 -0.35355339059327373 0.35355339059327373 0 0 0.35355339059327373 0.35355339059327373
0 0 -0.35355339059327373 -0.35355339059327373 0 0 -0.35355339059327373 0.35355339059327373 0 0 -0.35355339059327373 0.35355339059327373 0 0 -0.35355339059327373 -0.35355339059327373
0 0 -0.35355339059327373 -0.35355339059327373 0 0 -0.35355339059327373 0.35355339059327373 0 0 -0.35355339059327373 -0.35355339059327373 0 0 0.35355339059327373 -0.35355339059327373
0 0 -0.35355339059327373 -0.35355339059327373 0 0 -0.35355339059327373 0.35355339059327373 0 0 -0.35355339059327373 -0.35355339059327373 0 0 -0.35355339059327373 0.35355339059327373
0 0 -0.35355339059327373 -0.35355339059327373 0 0 -0.35355339059327373 -0.35355339059327373 0 0 0.35355339059327373 0.35355339059327373 0 0 0.35355339059327373 0.35355339059327373
0 0 -0.35355339059327373 -0.35355339059327373 0 0 -0.35355339059327373 -0.35355339059327373 0 0 0.35355339059327373 0.35355339059327373 0 0 -0.35355339059327373 -0.35355339059327373
0 0 -0.35355339059327373 -0.35355339059327373 0 0 -0.35355339059327373 -0.35355339059327373 0 0 0.35355339059327373 -0.35355339059327373 0 0 0.35355339059327373 -0.35355339059327373
0 0 -0.35355339059327373 -0.35355339059327373 0 0 -0.35355339059327373 -0.35355339059327373 0 0 0.35355339059327373 -0.35355339059327373 0 0 -0.35355339059327373 0.35355339059327373
0 0 -0.35355339059327373 -0.35355339059327373 0 0 -0.35355339059327373 -0.35355339059327373 0 0 -0.35355339059327373 0.35355339059327373 0 0 0.35355339059327373 -0.35355339059327373
0 0 -0.35355339059327373 -0.35355339059327373 0 0 -0.35355339059327373 -0.35355339059327373 0 0 -0.35355339059327373 0.35355339059327373 0 0 -0.35355339059327373 0.35355339059327373
0 0 -0.35355339059327373 -0.35355339059327373 0 0 -0.35355339059327373 -0.35355339059327373 0 0 -0.35355339059327373 -0.35355339059327373 0 0 0.35355339059327373 0.35355339059327373
0 0 -0.35355339059327373 -0.35355339059327373 0 0 -0.35355339059327373 -0.35355339059327373 0 0 -0.35355339059327373 -0.35355339059327373 0 0 -0.35355339059327373 -0.35355339059327373
0.35355339059327373 0.35355339059327373 0 0 0.35355339059327373 0.35355339059327373 0 0 0.35355339059327373 0.35355339059327373 0 0 0.35355339059327373 0.35355339059327373 0 0
0.35355339059327373 0.35355339059327373 0 0 0.35355339059327373 0.35355339059327373 0 0 0.35355339059327373 0.35355339059327373 0 0 -0.35355339059327373 -0.35355339059327373 0 0
0.35355339059327373 0.35355339059327373 0 0 0.35355339059327373 0.35355339059327373 0 0 0.35355339059327373 -0.35355339059327373 0 0 0.35355339059327373 -0.35355339059327373 0 0
0.35355339059327373 0.35355339059327373 0 0 0.35355339059327373 0.35355339059327373 0 0 0.35355339059327373 -0.35355339059327373 0 0 -0.35355339059327373 0.35355339059327373 0 0
0.35355339059327373 0.35355339059327373 0 0 0.35355339059327373 0.35355339059327373 0 0 -0.35355339059327373 0.35355339059327373 0 0 0.35355339059327373 -0.35355339059327373 0 0
0.35355339059327373 0.35355339059327373 0 0 0.35355339059327373 0.35355339059327373 0 0 -0.35355339059327373 0.35355339059327373 0 0 -0.35355339059327373 0.35355339059327373 0 0
0.35355339059327373 0.35355339059327373 0 0 0.35355339059327373 0.35355339059327373 0 0 -0.35355339059327373 -0.35355339059327373 0 0 0.35355339059327373 0.35355339059327373 0 0
0.35355339059327373 0.35355339059327373 0 0 0.35355339059327373 0.35355339059327373 0 0 -0.35355339059327373 -0.35355339059327373 0 0 -0.35355339059327373 -0.35355339059327373 0 0
0.35355339059327373 0.35355339059327373 0 0 0.35355339059327373 -0.35355339059327373 0 0 0.35355339059327373 0.35355339059327373 0 0 0.35355339059327373 -0.35355339059327373 0 0
0.35355339059327373 0.35355339059327373 0 0 0.35355339059327373 -0.35355339059327373 0 0 0.35355339059327373 0.35355339059327373 0 0 -0.35355339059327373 0.35355339059327373 0 0
0.35355339059327373 0.35355339059327373 0 0 0.35355339059327373 -0.35355339059327373 0 0 0.35355339059327373 -0.35355339059327373 0 0 0.35355339059327373 0.35355339059327373 0 0
0.35355339059327373 0.35355339059327373 0 0 0.35355339059327373 -0.35355339059327373 0 0 0.35355339059327373 -0.35355339059327373 0 0 -0.35355339059327373 -0.35355339059327373 0 0
0.35355339059327373 0.35355339059327373 0 0 0.35355339059327373 -0.35355339059327373 0 0 -0.35355339059327373 0.35355339059327373 0 0 0.35355339059327373 0.35355339059327373 0 0
0.35355339059327373 0.35355339059327373 0 0 0.35355339059327373 -0.35355339059327373 0 0 -0.35355339059327373 0.35355339059327373 0 0 -0.35355339059327373 -0.35355339059327373 0 0
0.35355339059327373 0.35355339059327373 0 0 0.35355339059327373 -0.35355339059327373 0 0 -0.35355339059327373 -0.35355339059327373 0 0 0.35355339059327373 -0.35355339059327373 0 0
0.35355339059327373 0.35355339059327373 0 0 0.35355339059327373 -0.35355339059327373 0 0 -0.35355339059327373 -0.35355339059327373 0 0 -0.35355339059327373 0.35355339059327373 0 0
0.35355339059327373 0.35355339059327373 0 0 -0.35355339059327373 0.35355339059327373 0 0 0.35355339059327373 0.35355339059327373 0 0 0.35355339059327373 -0.35355339059327373 0 0
0.35355339059327373 0.35355339059327373 0 0 -0.35355339059327373 0.35355339059327373 0 0 0.35355339059327373 0.35355339059327373 0 0 -0.35355339059327373 0.35355339059327373 0 0
0.35355339059327373 0.35355339059327373 0 0 -0.35355339059327373 0.35355339059327373 0 0 0.35355339059327373 -0.35355339059327373 0 0 0.35355339059327373 0.35355339059327373 0 0
0.35355339059327373 0.35355339059327373 0 0 -0.35355339059327373 0.35355339059327373 0 0 0.35355339059327373 -0.35355339059327373 0 0 -0.35355339059327373 -0.35355339059327373 0 0
0.35355339059327373 0.35355339059327373 0 0 -0.35355339059327373 0.35355339059327373 0 0 -0.35355339059327373 0.35355339059327373 0 0 0.35355339059327373 0.35355339059327373 0 0
0.35355339059327373 0.35355339059327373 0 0 -0.35355339059327373 0.35355339059327373 0 0 -0.35355339059327373 0.35355339059327373 0 0 -0.35355339059327373 -0.35355339059327373 0 0
0.35355339059327373 0.35355339059327373 0 0 -0.35355339059327373 0.35355339059327373 0 0 -0.35355339059327373 -0.35355339059327373 0 0 0.35355339059327373 -0.35355339059327373 0 0
0.35355339059327373 0.35355339059327373 0 0 -0.35355339059327373 0.35355339059327373 0 0 -0.35355339059327373 -0.35355339059327373 0 0 -0.35355339059327373 0.35355339059327373 0 0
0.35355339059327373 0.35355339059327373 0 0 -0.35355339059327373 -0.35355339059327373 0 0 0.35355339059327373 0.35355339059327373 0 0 0.35355339059327373 0.35355339059327373 0 0
0.35355339059327373 0.35355339059327373 0 0 -0.35355339059327373 -0.35355339059327373 0 0 0.35355339059327373 0.35355339059327373 0 0 -0.35355339059327373 -0.35355339059327373 0 0
0.35355339059327373 0.35355339059327373 0 0 -0.35355339059327373 -0.35355339059327373 0 0 0.35355339059327373 -0.35355339059327373 0 0 0.35355339059327373 -0.35355339059327373 0 0
0.35355339059327373 0.35355339059327373 0 0 -0.35355339059327373 -0.35355339059327373 0 0 0.35355339059327373 -0.35355339059327373 0 0 -0.35355339059327373 0.35355339059327373 0 0
0.35355339059327373 0.35355339059327373 0 0 -0.35355339059327373 -0.35355339059327373 0 0 -0.35355339059327373 0.35355339059327373 0 0 0.35355339059327373 -0.35355339059327373 0 0
0.35355339059327373 0.35355339059327373 0 0 -0.35355339059327373 -0.35355339059327373 0 0 -0.35355339059327373 0.35355339059327373 0 0 -0.35355339059327373 0.35355339059327373 0 0
0.35355339059327373 0.35355339059327373 0 0 -0.35355339059327373 -0.35355339059327373 0 0 -0.35355339059327373 -0.35355339059327373 0 0 0.35355339059327373 0.35355339059327373 0 0
0.35355339059327373 0.35355339059327373 0 0 -0.35355339059327373 -0.35355339059327373 0 0 -0.35355339059327373 -0.35355339059327373 0 0 -0.35355339059327373 -0.35355339059327373 0 0
0.35355339059327373 -0.35355339059327373 0 0 0.35355339059327373 0.35355339059327373 0 0 0.35355339059327373 0.35355339059327373 0 0 0.35355339059327373 -0.35355339059327373 0 0
0.35355339059327373 -0.35355339059327373 0 0 0.35355339059327373 0.35355339059327373 0 0 0.35355339059327373 0.35355339059327373 0 0 -0.35355339059327373 0.35355339059327373 0 0
0.35355339059327373 -0.35355339059327373 0 0 0.35355339059327373 0.35355339059327373 0 0 0.35355339059327373 -0.35355339059327373 0 0 0.35355339059327373 0.35355339059327373 0 0
0.35355339059327373 -0.35355339059327373 0 0 0.35355339059327373 0.35355339059327373 0 0 0.35355339059327373 -0.35355339059327373 0 0 -0.35355339059327373 -0.35355339059327373 0 0
0.35355339059327373 -0.35355339059327373 0 0 0.35355339059327373 0.35355339059327373 0 0 -0.35355339059327373 0.35355339059327373 0 0 0.35355339059327373 0.35355339059327373 0 0
0.35355339059327373 -0.35355339059327373 0 0 0.35355339059327373 0.35355339059327373 0 0 -0.35355339059327373 0.35355339059327373 0 0 -0.35355339059327373 -0.35355339059327373 0 0
0.35355339059327373 -0.35355339059327373 0 0 0.35355339059327373 0.35355339059327373 0 0 -0.35355339059327373 -0.35355339059327373 0 0 0.35355339059327373 -0.35355339059327373 0 0
0.35355339059327373 -0.35355339059327373 0 0 0.35355339059327373 0.35355339059327373 0 0 -0.35355339059327373 -0.35355339059327373 0 0 -0.35355339059327373 0.35355339059327373 0 0
0.35355339059327373 -0.35355339059327373 0 0 0.35355339059327373 -0.35355339059327373 0 0 0.35355339059327373 0.35355339059327373 0 0 0.35355339059327373 0.35355339059327373 0 0
0.35355339059327373 -0.35355339059327373 0 0 0.35355339059327373 -0.35355339059327373 0 0 0.35355339059327373 0.35355339059327373 0 0 -0.35355339059327373 -0.35355339059327373 0 0
0.35355339059327373 -0.35355339059327373 0 0 0.35355339059327373 -0.35355339059327373 0 0 0.35355339059327373 -0.35355339059327373 0 0 0.35355339059327373 -0.35355339059327373 0 0
0.35355339059327373 -0.35355339059327373 0 0 0.35355339059327373 -0.35355339059327373 0 0 0.35355339059327373 -0.35355339059327373 0 0 -0.35355339059327373 0.35355339059327373 0 0
0.35355339059327373 -0.35355339059327373 0 0 0.35355339059327373 -0.35355339059327373 0 0 -0.35355339059327373 0.35355339059327373 0 0 0.35355339059327373 -0.35355339059327373 0 0
0.35355339059327373 -0.35355339059327373 0 0 0.35355339059327373 -0.35355339059327373 0 0 -0.35355339059327373 0.35355339059327373 0 0 -0.35355339059327373 0.35355339059327373 0 0
0.35355339059327373 -0.35355339059327373 0 0 0.35355339059327373 -0.35355339059327373 0 0 -0.35355339059327373 -0.35355339059327373 0 0 0.35355339059327373 0.35355339059327373 0 0
0.35355339059327373 -0.35355339059327373 0 0 0.35355339059327373 -0.35355339059327373 0 0 -0.35355339059327373 -0.35355339059327373 0 0 -0.35355339059327373 -0.35355339059327373 0 0
0.35355339059327373 -0.35355339059327373 0 0 -0.35355339059327373 0.35355339059327373 0 0 0.35355339059327373 0.35355339059327373 0 0 0.35355339059327373 0.35355339059327373 0 0
0.35355339059327373 -0.35355339059327373 0 0 -0.35355339059327373 0.35355339059327373 0 0 0.35355339059327373 0.35355339059327373 0 0 -0.35355339059327373 -0.35355339059327373 0 0
0.35355339059327373 -0.35355339059327373 0 0 -0.35355339059327373 0.35355339059327373 0 0 0.35355339059327373 -0.35355339059327373 0 0 0.35355339059327373 -0.35355339059327373 0 0
0.35355339059327373 -0.35355339059327373 0 0 -0.35355339059327373 0.35355339059327373 0 0 0.35355339059327373 -0.35355339059327373 0 0 -0.35355339059327373 0.35355339059327373 0 0
0.35355339059327373 -0.35355339059327373 0 0 -0.35355339059327373 0.35355339059327373 0 0 -0.35355339059327373 0.35355339059327373 0 0 0.35355339059327373 -0.35355339059327373 0 0
0.35355339059327373 -0.35355339059327373 0 0 -0.35355339059327373 0.35355339059327373 0 0 -0.35355339059327373 0.35355339059327373 0 0 -0.35355339059327373 0.35355339059327373 0 0
0.35355339059327373 -0.35355339059327373 0 0 -0.35355339059327373 0.35355339059327373 0 0 -0.35355339059327373 -0.35355339059327373 0 0 0.35355339059327373 0.35355339059327373 0 0
0.35355339059327373 -0.35355339059327373 0 0 -0.35355339059327373 0.35355339059327373 0 0 -0.35355339059327373 -0.35355339059327373 0 0 -0.35355339059327373 -0.35355339059327373 0 0
0.35355339059327373 -0.35355339059327373 0 0 -0.35355339059327373 -0.35355339059327373 0 0 0.35355339059327373 0.35355339059327373 0 0 0.35355339059327373 -0.35355339059327373 0 0
0.35355339059327373 -0.35355339059327373 0 0 -0.35355339059327373 -0.35355339059327373 0 0 0.35355339059327373 0.35355339059327373 0 0 -0.35355339059327373 0.35355339059327373 0 0
0.35355339059327373 -0.35355339059327373 0 0 -0.35355339059327373 -0.35355339059327373 0 0 0.35355339059327373 -0.35355339059327373 0 0 0.35355339059327373 0.35355339059327373 0 0
0.35355339059327373 -0.35355339059327373 0 0 -0.35355339059327373 -0.35355339059327373 0 0 0.35355339059327373 -0.35355339059327373 0 0 -0.35355339059327373 -0.35355339059327373 0 0
0.35355339059327373 -0.35355339059327373 0 0 -0.35355339059327373 -0.35355339059327373 0 0 -0.35355339059327373 0.35355339059327373 0 0 0.35355339059327373 0.35355339059327373 0 0
0.35355339059327373 -0.35355339059327373 0 0 -0.35355339059327373 -0.35355339059327373 0 0 -0.35355339059327373 0.35355339059327373 0 0 -0.35355339059327373 -0.35355339059327373 0 0
0.35355339059327373 -0.35355339059327373 0 0 -0.35355339059327373 -0.35355339059327373 0 0 -0.35355339059327373 -0.35355339059327373 0 0 0.35355339059327373 -0.35355339059327373 0 0
0.35355339059327373 -0.35355339059327373 0 0 -0.35355339059327373 -0.35355339059327373 0 0 -0.35355339059327373 -0.35355339059327373 0 0 -0.35355339059327373 0.35355339059327373 0 0
-0.35355339059327373 0.35355339059327373 0 0 0.35355339059327373 0.35355339059327373 0 0 0.35355339059327373 0.35355339059327373 0 0 0.35355339059327373 -0.35355339059327373 0 0
-0.35355339059327373 0.35355339059327373 0 0 0.35355339059327373 0.35355339059327373 0 0 0.35355339059327373 0.35355339059327373 0 0 -0.35355339059327373 0.35355339059327373 0 0
-0.35355339059327373 0.35355339059327373 0 0 0.35355339059327373 0.35355339059327373 0 0 0.35355339059327373 -0.35355339059327373 0 0 0.35355339059327373 0.35355339059327373 0 0
-0.35355339059327373 0.35355339059327373 0 0 0.35355339059327373 0.35355339059327373 0 0 0.35355339059327373 -0.35355339059327373 0 0 -0.35355339059327373 -0.35355339059327373 0 0
-0.35355339059327373 0.35355339059327373 0 0 0.35355339059327373 0.35355339059327373 0 0 -0.35355339059327373 0.35355339059327373 0 0 0.35355339059327373 0.35355339059327373 0 0
-0.35355339059327373 0.35355339059327373 0 0 0.35355339059327373 0.35355339059327373 0 0 -0.35355339059327373 0.35355339059327373 0 0 -0.35355339059327373 -0.35355339059327373 0 0
-0.35355339059327373 0.35355339059327373 0 0 0.35355339059327373 0.35355339059327373 0 0 -0.35355339059327373 -0.35355339059327373 0 0 0.35355339059327373 -0.35355339059327373 0 0
-0.35355339059327373 0.35355339059327373 0 0 0.35355339059327373 0.35355339059327373 0 0 -0.35355339059327373 -0.35355339059327373 0 0 -0.35355339059327373 0.35355339059327373 0 0
-0.35355339059327373 0.35355339059327373 0 0 0.35355339059327373 -0.35355339059327373 0 0 0.35355339059327373 0.35355339059327373 0 0 0.35355339059327373 0.35355339059327373 0 0
-0.35355339059327373 0.35355339059327373 0 0 0.35355339059327373 -0.35355339059327373 0 0 0.35355339059327373 0.35355339059327373 0 0 -0.35355339059327373 -0.35355339059327373 0 0
-0.35355339059327373 0.35355339059327373 0 0 0.35355339059327373 -0.35355339059327373 0 0 0.35355339059327373 -0.35355339059327373 0 0 0.35355339059327373 -0.35355339059327373 0 0
-0.35355339059327373 0.35355339059327373 0 0 0.35355339059327373 -0.35355339059327373 0 0 0.35355339059327373 -0.35355339059327373 0 0 -0.35355339059327373 0.35355339059327373 0 0
-0.35355339059327373 0.35355339059327373 0 0 0.35355339059327373 -0.35355339059327373 0 0 -0.35355339059327373 0.35355339059327373 0 0 0.35355339059327373 -0.35355339059327373 0 0
-0.35355339059327373 0.35355339059327373 0 0 0.35355339059327373 -0.35355339059327373 0 0 -0.35355339059327373 0.35355339059327373 0 0 -0.35355339059327373 0.35355339059327373 0 0
-0.35355339059327373 0.35355339059327373 0 0 0.35355339059327373 -0.35355339059327373 0 0 -0.35355339059327373 -0.35355339059327373 0 0 0.35355339059327373 0.35355339059327373 0 0
-0.35355339059327373 0.35355339059327373 0 0 0.35355339059327373 -0.35355339059327373 0 0 -0.35355339059327373 -0.35355339059327373 0 0 -0.35355339059327373 -0.35355339059327373 0 0
-0.35355339059327373 0.35355339059327373 0 0 -0.35355339059327373 0.35355339059327373 0 0 0.35355339059327373 0.35355339059327373 0 0 0.35355339059327373 0.35355339059327373 0 0
-0.35355339059327373 0.35355339059327373 0 0 -0.35355339059327373 0.35355339059327373 0 0 0.35355339059327373 0.35355339059327373 0 0 -0.35355339059327373 -0.35355339059327373 0 0
-0.35355339059327373 0.35355339059327373 0 0 -0.35355339059327373 0.35355339059327373 0 0 0.35355339059327373 -0.35355339059327373 0 0 0.35355339059327373 -0.35355339059327373 0 0
-0.35355339059327373 0.35355339059327373 0 0 -0.35355339059327373 0.35355339059327373 0 0 0.35355339059327373 -0.35355339059327373 0 0 -0.35355339059327373 0.35355339059327373 0 0
-0.35355339059327373 0.35355339059327373 0 0 -0.35355339059327373 0.35355339059327373 0 0 -0.35355339059327373 0.35355339059327373 0 0 0.35355339059327373 -0.35355339059327373 0 0
-0.35355339059327373 0.35355339059327373 0 0 -0.35355339059327373 0.35355339059327373 0 0 -0.35355339059327373 0.35355339059327373 0 0 -0.35355339059327373 0.35355339059327373 0 0
-0.35355339059327373 0.35355339059327373 0 0 -0.35355339059327373 0.35355339059327373 0 0 -0.35355339059327373 -0.35355339059327373 0 0 0.35355339059327373 0.35355339059327373 0 0
-0.35355339059327373 0.35355339059327373 0 0 -0.35355339059327373 0.35355339059327373 0 0 -0.35355339059327373 -0.35355339059327373 0 0 -0.35355339059327373 -0.35355339059327373 0 0
-0.35355339059327373 0.35355339059327373 0 0 -0.35355339059327373 -0.35355339059327373 0 0 0.35355339059327373 0.35355339059327373 0 0 0.35355339059327373 -0.35355339059327373 0 0
-0.35355339059327373 0.35355339059327373 0 0 -0.35355339059327373 -0.35355339059327373 0 0 0.35355339059327373 0.35355339059327373 0 0 -0.35355339059327373 0.35355339059327373 0 0
-0.35355339059327373 0.35355339059327373 0 0 -0.35355339059327373 -0.35355339059327373 0 0 0.35355339059327373 -0.35355339059327373 0 0 0.35355339059327373 0.35355339059327373 0 0
-0.35355339059327373 0.35355339059327373 0 0 -0.35355339059327373 -0.35355339059327373 0 0 0.35355339059327373 -0.35355339059327373 0 0 -0.35355339059327373 -0.35355339059327373 0 0
-0.35355339059327373 0.35355339059327373 0 0 -0.35355339059327373 -0.35355339059327373 0 0 -0.35355339059327373 0.35355339059327373 0 0 0.35355339059327373 0.35355339059327373 0 0
-0.35355339059327373 0.35355339059327373 0 0 -0.35355339059327373 -0.35355339059327373 0 0 -0.35355339059327373 0.35355339059327373 0 0 -0.35355339059327373 -0.35355339059327373 0 0
-0.35355339059327373 0.35355339059327373 0 0 -0.35355339059327373 -0.35355339059327373 0 0 -0.35355339059327373 -0.35355339059327373 0 0 0.35355339059327373 -0.35355339059327373 0 0
-0.35355339059327373 0.35355339059327373 0 0 -0.35355339059327373 -0.35355339059327373 0 0 -0.35355339059327373 -0.35355339059327373 0 0 -0.35355339059327373 0.35355339059327373 0 0
-0.35355339059327373 -0.35355339059327373 0 0 0.35355339059327373 0.35355339059327373 0 0 0.35355339059327373 0.35355339059327373 0 0 0.35355339059327373 0.35355339059327373 0 0
-0.35355339059327373 -0.35355339059327373 0 0 0.35355339059327373 0.35355339059327373 0 0 0.35355339059327373 0.35355339059327373 0 0 -0.35355339059327373 -0.35355339059327373 0 0
-0.35355339059327373 -0.35355339059327373 0 0 0.35355339059327373 0.35355339059327373 0 0 0.35355339059327373 -0.35355339059327373 0 0 0.35355339059327373 -0.35355339059327373 0 0
-0.35355339059327373 -0.35355339059327373 0 0 0.35355339059327373 0.35355339059327373 0 0 0.35355339059327373 -0.35355339059327373 0 0 -0.35355339059327373 0.35355339059327373 0 0
-0.35355339059327373 -0.35355339059327373 0 0 0.35355339059327373 0.35355339059327373 0 0 -0.35355339059327373 0.35355339059327373 0 0 0.35355339059327373 -0.35355339059327373 0 0
-0.35355339059327373 -0.35355339059327373 0 0 0.35355339059327373 0.35355339059327373 0 0 -0.35355339059327373 0.35355339059327373 0 0 -0.35355339059327373 0.35355339059327373 0 0
-0.35355339059327373 -0.35355339059327373 0 0 0.35355339059327373 0.35355339059327373 0 0 -0.35355339059327373 -0.35355339059327373 0 0 0.35355339059327373 0.35355339059327373 0 0
-0.35355339059327373 -0.35355339059327373 0 0 0.35355339059327373 0.35355339059327373 0 0 -0.35355339059327373 -0.35355339059327373 0 0 -0.35355339059327373 -0.35355339059327373 0 0
-0.35355339059327373 -0.35355339059327373 0 0 0.35355339059327373 -0.35355339059327373 0 0 0.35355339059327373 0.35355339059327373 0 0 0.35355339059327373 -0.35355339059327373 0 0
-0.35355339059327373 -0.35355339059327373 0 0 0.35355339059327373 -0.35355339059327373 0 0 0.35355339059327373 0.35355339059327373 0 0 -0.35355339059327373 0.35355339059327373 0 0
-0.35355339059327373 -0.35355339059327373 0 0 0.35355339059327373 -0.35355339059327373 0 0 0.35355339059327373 -0.35355339059327373 0 0 0.35355339059327373 0.35355339059327373 0 0
-0.35355339059327373 -0.35355339059327373 0 0 0.35355339059327373 -0.35355339059327373 0 0 0.35355339059327373 -0.35355339059327373 0 0 -0.35355339059327373 -0.35355339059327373 0 0
-0.35355339059327373 -0.35355339059327373 0 0 0.35355339059327373 -0.35355339059327373 0 0 -0.35355339059327373 0.35355339059327373 0 0 0.35355339059327373 0.35355339059327373 0 0
-0.35355339059327373 -0.35355339059327373 0 0 0.35355339059327373 -0.35355339059327373 0 0 -0.35355339059327373 0.35355339059327373 0 0 -0.35355339059327373 -0.35355339059327373 0 0
-0.35355339059327373 -0.35355339059327373 0 0 0.35355339059327373 -0.35355339059327373 0 0 -0.35355339059327373 -0.35355339059327373 0 0 0.35355339059327373 -0.35355339059327373 0 0
-0.35355339059327373 -0.35355339059327373 0 0 0.35355339059327373 -0.35355339059327373 0 0 -0.35355339059327373 -0.35355339059327373 0 0 -0.35355339059327373 0.35355339059327373 0 0
-0.35355339059327373 -0.35355339059327373 0 0 -0.35355339059327373 0.35355339059327373 0 0 0.35355339059327373 0.35355339059327373 0 0 0.35355339059327373 -0.35355339059327373 0 0
-0.35355339059327373 -0.35355339059327373 0 0 -0.35355339059327373 0.35355339059327373 0 0 0.35355339059327373 0.35355339059327373 0 0 -0.35355339059327373 0.35355339059327373 0 0
-0.35355339059327373 -0.35355339059327373 0 0 -0.35355339059327373 0.35355339059327373 0 0 0.35355339059327373 -0.35355339059327373 0 0 0.35355339059327373 0.35355339059327373 0 0
-0.35355339059327373 -0.35355339059327373 0 0 -0.35355339059327373 0.35355339059327373 0 0 0.35355339059327373 -0.35355339059327373 0 0 -0.35355339059327373 -0.35355339059327373 0 0
-0.35355339059327373 -0.35355339059327373 0 0 -0.35355339059327373 0.35355339059327373 0 0 -0.35355339059327373 0.35355339059327373 0 0 0.35355339059327373 0.35355339059327373 0 0
-0.35355339059327373 -0.35355339059327373 0 0 -0.35355339059327373 0.35355339059327373 0 0 -0.35355339059327373 0.35355339059327373 0 0 -0.35355339059327373 -0.35355339059327373 0 0
-0.35355339059327373 -0.35355339059327373 0 0 -0.35355339059327373 0.35355339059327373 0 0 -0.35355339059327373 -0.35355339059327373 0 0 0.35355339059327373 -0.35355339059327373 0 0
-0.35355339059327373 -0.35355339059327373 0 0 -0.35355339059327373 0.35355339059327373 0 0 -0.35355339059327373 -0.35355339059327373 0 0 -0.35355339059327373 0.35355339059327373 0 0
-0.35355339059327373 -0.35355339059327373 0 0 -0.35355339059327373 -0.35355339059327373 0 0 0.35355339059327373 0.35355339059327373 0 0 0.35355339059327373 0.35355339059327373 0 0
-0.35355339059327373 -0.35355339059327373 0 0 -0.35355339059327373 -0.35355339059327373 0 0 0.35355339059327373 0.35355339059327373 0 0 -0.35355339059327373 -0.35355339059327373 0 0
-0.35355339059327373 -0.35355339059327373 0 0 -0.35355339059327373 -0.35355339059327373 0 0 0.35355339059327373 -0.35355339059327373 0 0 0.35355339059327373 -0.35355339059327373 0 0
-0.35355339059327373 -0.35355339059327373 0 0 -0.35355339059327373 -0.35355339059327373 0 0 0.35355339059327373 -0.35355339059327373 0 0 -0.35355339059327373 0.35355339059327373 0 0
-0.35355339059327373 -0.35355339059327373 0 0 -0.35355339059327373 -0.35355339059327373 0 0 -0.35355339059327373 0.35355339059327373 0 0 0.35355339059327373 -0.35355339059327373 0 0
-0.35355339059327373 -0.35355339059327373 0 0 -0.35355339059327373 -0.35355339059327373 0 0 -0.35355339059327373 0.35355339059327373 0 0 -0.35355339059327373 0.35355339059327373 0 0
-0.35355339059327373 -0.35355339059327373 0 0 -0.35355339059327373 -0.35355339059327373 0 0 -0.35355339059327373 -0.35355339059327373 0 0 0.35355339059327373 0.35355339059327373 0 0
-0.35355339059327373 -0.35355339059327373 0 0 -0.35355339059327373 -0.35355339059327373 0 0 -0.35355339059327373 -0.35355339059327373 0 0 -0.35355339059327373 -0.35355339059327373 0 0
0 0.35355339059327373 0.35355339059327373 0 0 0.35355339059327373 0.35355339059327373 0 0 0.35355339059327373 0.35355339059327373 0 0 0.35355339059327373 0.35355339059327373 0
0 0.35355339059327373 0.35355339059327373 0 0 0.35355339059327373 0.35355339059327373 0 0 0.35355339059327373 0.35355339059327373 0 0 -0.35355339059327373 -0.35355339059327373 0
0 0.35355339059327373 0.35355339059327373 0 0 0.35355339059327373 0.35355339059327373 0 0 0.35355339059327373 -0.35355339059327373 0 0 0.35355339059327373 -0.35355339059327373 0
0 0.35355339059327373 0.35355339059327373 0 0 0.35355339059327373 0.35355339059327373 0 0 0.35355339059327373 -0.35355339059327373 0 0 -0.35355339059327373 0.35355339059327373 0
0 0.35355339059327373 0.35355339059327373 0 0 0.35355339059327373 0.35355339059327373 0 0 -0.35355339059327373 0.35355339059327373 0 0 0.35355339059327373 -0.35355339059327373 0
0 0.35355339059327373 0.35355339059327373 0 0 0.35355339059327373 0.35355339059327373 0 0 -0.35355339059327373 0.35355339059327373 0 0 -0.35355339059327373 0.35355339059327373 0
0 0.35355339059327373 0.35355339059327373 0 0 0.35355339059327373 0.35355339059327373 0 0 -0.35355339059327373 -0.35355339059327373 0 0 0.35355339059327373 0.35355339059327373 0
0 0.35355339059327373 0.35355339059327373 0 0 0.35355339059327373 0.35355339059327373 0 0 -0.35355339059327373 -0.35355339059327373 0 0 -0.35355339059327373 -0.35355339059327373 0
0 0.35355339059327373 0.35355339059327373 0 0 0.35355339059327373 -0.35355339059327373 0 0 0.35355339059327373 0.35355339059327373 0 0 0.35355339059327373 -0.35355339059327373 0
0 0.35355339059327373 0.35355339059327373 0 0 0.35355339059327373 -0.35355339059327373 0 0 0.35355339059327373 0.35355339059327373 0 0 -0.35355339059327373 0.35355339059327373 0
0 0.35355339059327373 0.35355339059327373 0 0 0.35355339059327373 -0.35355339059327373 0 0 0.35355339059327373 -0.35355339059327373 0 0 0.35355339059327373 0.35355339059327373 0
0 0.35355339059327373 0.35355339059327373 0 0 0.35355339059327373 -0.35355339059327373 0 0 0.35355339059327373 -0.35355339059327373 0 0 -0.35355339059327373 -0.35355339059327373 0
0 0.35355339059327373 0.35355339059327373 0 0 0.35355339059327373 -0.35355339059327373 0 0 -0.35355339059327373 0.35355339059327373 0 0 0.35355339059327373 0.35355339059327373 0
0 0.35355339059327373 0.35355339059327373 0 0 0.35355339059327373 -0.35355339059327373 0 0 -0.35355339059327373 0.35355339059327373 0 0 -0.35355339059327373 -0.35355339059327373 0
0 0.35355339059327373 0.35355339059327373 0 0 0.35355339059327373 -0.35355339059327373 0 0 -0.35355339059327373 -0.35355339059327373 0 0 0.35355339059327373 -0.35355339059327373 0
0 0.35355339059327373 0.35355339059327373 0 0 0.35355339059327373 -0.35355339059327373 0 0 -0.35355339059327373 -0.35355339059327373 0 0 -0.35355339059327373 0.35355339059327373 0
0 0.35355339059327373 0.35355339059327373 0 0 -0.35355339059327373 0.35355339059327373 0 0 0.35355339059327373 0.35355339059327373 0 0 0.35355339059327373 -0.35355339059327373 0
0 0.35355339059327373 0.35355339059327373 0 0 -0.35355339059327373 0.35355339059327373 0 0 0.35355339059327373 0.35355339059327373 0 0 -0.35355339059327373 0.35355339059327373 0
0 0.35355339059327373 0.35355339059327373 0 0 -0.35355339059327373 0.35355339059327373 0 0 0.35355339059327373 -0.35355339059327373 0 0 0.35355339059327373 0.35355339059327373 0
0 0.35355339059327373 0.35355339059327373 0 0 -0.35355339059327373 0.35355339059327373 0 0 0.35355339059327373 -0.35355339059327373 0 0 -0.35355339059327373 -0.35355339059327373 0
0 0.35355339059327373 0.35355339059327373 0 0 -0.35355339059327373 0.35355339059327373 0 0 -0.35355339059327373 0.35355339059327373 0 0 0.35355339059327373 0.35355339059327373 0
0 0.35355339059327373 0.35355339059327373 0 0 -0.35355339059327373 0.35355339059327373 0 0 -0.35355339059327373 0.35355339059327373 0 0 -0.35355339059327373 -0.35355339059327373 0
0 0.35355339059327373 0.35355339059327373 0 0 -0.35355339059327373 0.35355339059327373 0 0 -0.35355339059327373 -0.35355339059327373 0 0 0.35355339059327373 -0.35355339059327373 0
0 0.35355339059327373 0.35355339059327373 0 0 -0.35355339059327373 0.35355339059327373 0 0 -0.35355339059327373 -0.35355339059327373 0 0 -0.35355339059327373 0.35355339059327373 0
0 0.35355339059327373 0.35355339059327373 0 0 -0.35355339059327373 -0.35355339059327373 0 0 0.35355339059327373 0.35355339059327373 0 0 0.35355339059327373 0.35355339059327373 0
0 0.35355339059327373 0.35355339059327373 0 0 -0.35355339059327373 -0.35355339059327373 0 0 0.35355339059327373 0.35355339059327373 0 0 -0.35355339059327373 -0.35355339059327373 0
0 0.35355339059327373 0.35355339059327373 0 0 -0.35355339059327373 -0.35355339059327373 0 0 0.35355339059327373 -0.35355339059327373 0 0 0.35355339059327373 -0.35355339059327373 0
0 0.35355339059327373 0.35355339059327373 0 0 -0.35355339059327373 -0.35355339059327373 0 0 0.35355339059327373 -0.35355339059327373 0 0 -0.35355339059327373 0.35355339059327373 0
0 0.35355339059327373 0.35355339059327373 0 0 -0.35355339059327373 -0.35355339059327373 0 0 -0.35355339059327373 0.35355339059327373 0 0 0.35355339059327373 -0.35355339059327373 0
0 0.35355339059327373 0.35355339059327373 0 0 -0.35355339059327373 -0.35355339059327373 0 0 -0.35355339059327373 0.35355339059327373 0 0 -0.35355339059327373 0.35355339059327373 0
0 0.35355339059327373 0.35355339059327373 0 0 -0.35355339059327373 -0.35355339059327373 0 0 -0.35355339059327373 -0.35355339059327373 0 0 0.35355339059327373 0.35355339059327373 0
0 0.35355339059327373 0.35355339059327373 0 0 -0.35355339059327373 -0.35355339059327373 0 0 -0.35355339059327373 -0.35355339059327373 0 0 -0.35355339059327373 -0.35355339059327373 0
0 0.35355339059327373 -0.35355339059327373 0 0 0.35355339059327373 0.35355339059327373 0 0 0.35355339059327373 0.35355339059327373 0 0 0.35355339059327373 -0.35355339059327373 0
0 0.35355339059327373 -0.35355339059327373 0 0 0.35355339059327373 0.35355339059327373 0 0 0.35355339059327373 0.35355339059327373 0 0 -0.35355339059327373 0.35355339059327373 0
0 0.35355339059327373 -0.35355339059327373 0 0 0.35355339059327373 0.35355339059327373 0 0 0.35355339059327373 -0.35355339059327373 0 0 0.35355339059327373 0.35355339059327373 0
0 0.35355339059327373 -0.35355339059327373 0 0 0.35355339059327373 0.35355339059327373 0 0 0.35355339059327373 -0.35355339059327373 0 0 -0.35355339059327373 -0.35355339059327373 0
0 0.35355339059327373 -0.35355339059327373 0 0 0.35355339059327373 0.35355339059327373 0 0 -0.35355339059327373 0.35355339059327373 0 0 0.35355339059327373 0.35355339059327373 0
0 0.35355339059327373 -0.35355339059327373 0 0 0.35355339059327373 0.35355339059327373 0 0 -0.35355339059327373 0.35355339059327373 0 0 -0.35355339059327373 -0.35355339059327373 0
0 0.35355339059327373 -0.35355339059327373 0 0 0.35355339059327373 0.35355339059327373 0 0 -0.35355339059327373 -0.35355339059327373 0 0 0.35355339059327373 -0.35355339059327373 0
0 0.35355339059327373 -0.35355339059327373 0 0 0.35355339059327373 0.35355339059327373 0 0 -0.35355339059327373 -0.35355339059327373 0 0 -0.35355339059327373 0.35355339059327373 0
0 0.35355339059327373 -0.35355339059327373 0 0 0.35355339059327373 -0.35355339059327373 0 0 0.35355339059327373 0.35355339059327373 0 0 0.35355339059327373 0.35355339059327373 0
0 0.35355339059327373 -0.35355339059327373 0 0 0.35355339059327373 -0.35355339059327373 0 0 0.35355339059327373 0.35355339059327373 0 0 -0.35355339059327373 -0.35355339059327373 0
0 0.35355339059327373 -0.35355339059327373 0 0 0.35355339059327373 -0.35355339059327373 0 0 0.35355339059327373 -0.35355339059327373 0 0 0.35355339059327373 -0.35355339059327373 0
0 0.35355339059327373 -0.35355339059327373 0 0 0.35355339059327373 -0.35355339059327373 0 0 0.35355339059327373 -0.35355339059327373 0 0 -0.35355339059327373 0.35355339059327373 0
0 0.35355339059327373 -0.35355339059327373 0 0 0.35355339059327373 -0.35355339059327373 0 0 -0.35355339059327373 0.35355339059327373 0 0 0.35355339059327373 -0.35355339059327373 0
0 0.35355339059327373 -0.35355339059327373 0 0 0.35355339059327373 -0.35355339059327373 0 0 -0.35355339059327373 0.35355339059327373 0 0 -0.35355339059327373 0.35355339059327373 0
0 0.35355339059327373 -0.35355339059327373 0 0 0.35355339059327373 -0.35355339059327373 0 0 -0.35355339059327373 -0.35355339059327373 0 0 0.35355339059327373 0.35355339059327373 0
0 0.35355339059327373 -0.35355339059327373 0 0 0.35355339059327373 -0.35355339059327373 0 0 -0.35355339059327373 -0.35355339059327373 0 0 -0.35355339059327373 -0.35355339059327373 0
0 0.35355339059327373 -0.35355339059327373 0 0 -0.35355339059327373 0.35355339059327373 0 0 0.35355339059327373 0.35355339059327373 0 0 0.35355339059327373 0.35355339059327373 0
0 0.35355339059327373 -0.35355339059327373 0 0 -0.35355339059327373 0.35355339059327373 0 0 0.35355339059327373 0.35355339059327373 0 0 -0.35355339059327373 -0.35355339059327373 0
0 0.35355339059327373 -0.35355339059327373 0 0 -0.35355339059327373 0.35355339059327373 0 0 0.35355339059327373 -0.35355339059327373 0 0 0.35355339059327373 -0.35355339059327373 0
0 0.35355339059327373 -0.35355339059327373 0 0 -0.35355339059327373 0.35355339059327373 0 0 0.35355339059327373 -0.35355339059327373 0 0 -0.35355339059327373 0.35355339059327373 0
0 0.35355339059327373 -0.35355339059327373 0 0 -0.35355339059327373 0.35355339059327373 0 0 -0.35355339059327373 0.35355339059327373 0 0 0.35355339059327373 -0.35355339059327373 0
0 0.35355339059327373 -0.35355339059327373 0 0 -0.35355339059327373 0.35355339059327373 0 0 -0.35355339059327373 0.35355339059327373 0 0 -0.35355339059327373 0.35355339059327373 0
0 0.35355339059327373 -0.35355339059327373 0 0 -0.35355339059327373 0.35355339059327373 0 0 -0.35355339059327373 -0.35355339059327373 0 0 0.35355339059327373 0.35355339059327373 0
0 0.35355339059327373 -0.35355339059327373 0 0 -0.35355339059327373 0.35355339059327373 0 0 -0.35355339059327373 -0.35355339059327373 0 0 -0.35355339059327373 -0.35355339059327373 0
0 0.35355339059327373 -0.35355339059327373 0 0 -0.35355339059327373 -0.35355339059327373 0 0 0.35355339059327373 0.35355339059327373 0 0 0.35355339059327373 -0.35355339059327373 0
0 0.35355339059327373 -0.35355339059327373 0 0 -0.35355339059327373 -0.35355339059327373 0 0 0.35355339059327373 0.35355339059327373 0 0 -0.35355339059327373 0.35355339059327373 0
0 0.35355339059327373 -0.35355339059327373 0 0 -0.35355339059327373 -0.35355339059327373 0 0 0.35355339059327373 -0.35355339059327373 0 0 0.35355339059327373 0.35355339059327373 0
0 0.35355339059327373 -0.35355339059327373 0 0 -0.35355339059327373 -0.35355339059327373 0 0 0.35355339059327373 -0.35355339059327373 0 0 -0.35355339059327373 -0.35355339059327373 0
0 0.35355339059327373 -0.35355339059327373 0 0 -0.35355339059327373 -0.35355339059327373 0 0 -0.35355339059327373 0.35355339059327373 0 0 0.35355339059327373 0.35355339059327373 0
0 0.35355339059327373 -0.35355339059327373 0 0 -0.35355339059327373 -0.35355339059327373 0 0 -0.35355339059327373 0.35355339059327373 0 0 -0.35355339059327373 -0.35355339059327373 0
0 0.35355339059327373 -0.35355339059327373 0 0 -0.35355339059327373 -0.35355339059327373 0 0 -0.35355339059327373 -0.35355339059327373 0 0 0.35355339059327373 -0.35355339059327373 0
0 0.35355339059327373 -0.35355339059327373 0 0 -0.35355339059327373 -0.35355339059327373 0 0 -0.35355339059327373 -0.35355339059327373 0 0 -0.35355339059327373 0.35355339059327373 0
0 -0.35355339059327373 0.35355339059327373 0 0 0.35355339059327373 0.35355339059327373 0 0 0.35355339059327373 0.35355339059327373 0 0 0.35355339059327373 -0.35355339059327373 0
0 -0.35355339059327373 0.35355339059327373 0 0 0.35355339059327373 0.35355339059327373 0 0 0.35355339059327373 0.35355339059327373 0 0 -0.35355339059327373 0.35355339059327373 0
0 -0.35355339059327373 0.35355339059327373 0 0 0.35355339059327373 0.35355339059327373 0 0 0.35355339059327373 -0.35355339059327373 0 0 0.35355339059327373 0.35355339059327373 0
0 -0.35355339059327373 0.35355339059327373 0 0 0.35355339059327373 0.35355339059327373 0 0 0.35355339059327373 -0.35355339059327373 0 0 -0.35355339059327373 -0.35355339059327373 0
0 -0.35355339059327373 0.35355339059327373 0 0 0.35355339059327373 0.35355339059327373 0 0 -0.35355339059327373 0.35355339059327373 0 0 0.35355339059327373 0.35355339059327373 0
0 -0.35355339059327373 0.35355339059327373 0 0 0.35355339059327373 0.35355339059327373 0 0 -0.35355339059327373 0.35355339059327373 0 0 -0.35355339059327373 -0.35355339059327373 0
0 -0.35355339059327373 0.35355339059327373 0 0 0.35355339059327373 0.35355339059327373 0 0 -0.35355339059327373 -0.35355339059327373 0 0 0.35355339059327373 -0.35355339059327373 0
0 -0.35355339059327373 0.35355339059327373 0 0 0.35355339059327373 0.35355339059327373 0 0 -0.35355339059327373 -0.35355339059327373 0 0 -0.35355339059327373 0.35355339059327373 0
0 -0.35355339059327373 0.35355339059327373 0 0 0.35355339059327373 -0.35355339059327373 0 0 0.35355339059327373 0.35355339059327373 0 0 0.35355339059327373 0.35355339059327373 0
0 -0.35355339059327373 0.35355339059327373 0 0 0.35355339059327373 -0.35355339059327373 0 0 0.35355339059327373 0.35355339059327373 0 0 -0.35355339059327373 -0.35355339059327373 0
0 -0.35355339059327373 0.35355339059327373 0 0 0.35355339059327373 -0.35355339059327373 0 0 0.35355339059327373 -0.35355339059327373 0 0 0.35355339059327373 -0.35355339059327373 0
0 -0.35355339059327373 0.35355339059327373 0 0 0.35355339059327373 -0.35355339059327373 0 0 0.35355339059327373 -0.35355339059327373 0 0 -0.35355339059327373 0.35355339059327373 0
0 -0.35355339059327373 0.35355339059327373 0 0 0.35355339059327373 -0.35355339059327373 0 0 -0.35355339059327373 0.35355339059327373 0 0 0.35355339059327373 -0.35355339059327373 0
0 -0.35355339059327373 0.35355339059327373 0 0 0.35355339059327373 -0.35355339059327373 0 0 -0.35355339059327373 0.35355339059327373 0 0 -0.35355339059327373 0.35355339059327373 0
0 -0.35355339059327373 0.35355339059327373 0 0 0.35355339059327373 -0.35355339059327373 0 0 -0.35355339059327373 -0.35355339059327373 0 0 0.35355339059327373 0.35355339059327373 0
0 -0.35355339059327373 0.35355339059327373 0 0 0.35355339059327373 -0.35355339059327373 0 0 -0.35355339059327373 -0.35355339059327373 0 0 -0.35355339059327373 -0.35355339059327373 0
0 -0.35355339059327373 0.35355339059327373 0 0 -0.35355339059327373 0.35355339059327373 0 0 0.35355339059327373 0.35355339059327373 0 0 0.35355339059327373 0.35355339059327373 0
0 -0.35355339059327373 0.35355339059327373 0 0 -0.35355339059327373 0.35355339059327373 0 0 0.35355339059327373 0.35355339059327373 0 0 -0.35355339059327373 -0.35355339059327373 0
0 -0.35355339059327373 0.35355339059327373 0 0 -0.35355339059327373 0.35355339059327373 0 0 0.35355339059327373 -0.35355339059327373 0 0 0.35355339059327373 -0.35355339059327373 0
0 -0.35355339059327373 0.35355339059327373 0 0 -0.35355339059327373 0.35355339059327373 0 0 0.35355339059327373 -0.35355339059327373 0 0 -0.35355339059327373 0.35355339059327373 0
0 -0.35355339059327373 0.35355339059327373 0 0 -0.35355339059327373 0.35355339059327373 0 0 -0.35355339059327373 0.35355339059327373 0 0 0.35355339059327373 -0.35355339059327373 0
0 -0.35355339059327373 0.35355339059327373 0 0 -0.35355339059327373 0.35355339059327373 0 0 -0.35355339059327373 0.35355339059327373 0 0 -0.35355339059327373 0.35355339059327373 0
0 -0.35355339059327373 0.35355339059327373 0 0 -0.35355339059327373 0.35355339059327373 0 0 -0.35355339059327373 -0.35355339059327373 0 0 0.35355339059327373 0.35355339059327373 0
0 -0.35355339059327373 0.35355339059327373 0 0 -0.35355339059327373 0.35355339059327373 0 0 -0.35355339059327373 -0.35355339059327373 0 0 -0.35355339059327373 -0.35355339059327373 0
0 -0.35355339059327373 0.35355339059327373 0 0 -0.35355339059327373 -0.35355339059327373 0 0 0.35355339059327373 0.35355339059327373 0 0 0.35355339059327373 -0.35355339059327373 0
0 -0.35355339059327373 0.35355339059327373 0 0 -0.35355339059327373 -0.35355339059327373 0 0 0.35355339059327373 0.35355339059327373 0 0 -0.35355339059327373 0.35355339059327373 0
0 -0.35355339059327373 0.35355339059327373 0 0 -0.35355339059327373 -0.35355339059327373 0 0 0.35355339059327373 -0.35355339059327373 0 0 0.35355339059327373 0.35355339059327373 0
0 -0.35355339059327373 0.35355339059327373 0 0 -0.35355339059327373 -0.35355339059327373 0 0 0.35355339059327373 -0.35355339059327373 0 0 -0.35355339059327373 -0.35355339059327373 0
0 -0.35355339059327373 0.35355339059327373 0 0 -0.35355339059327373 -0.35355339059327373 0 0 -0.35355339059327373 0.35355339059327373 0 0 0.35355339059327373 0.35355339059327373 0
0 -0.35355339059327373 0.35355339059327373 0 0 -0.35355339059327373 -0.35355339059327373 0 0 -0.35355339059327373 0.35355339059327373 0 0 -0.35355339059327373 -0.35355339059327373 0
0 -0.35355339059327373 0.35355339059327373 0 0 -0.35355339059327373 -0.35355339059327373 0 0 -0.35355339059327373 -0.35355339059327373 0 0 0.35355339059327373 -0.35355339059327373 0
0 -0.35355339059327373 0.35355339059327373 0 0 -0.35355339059327373 -0.35355339059327373 0 0 -0.35355339059327373 -0.35355339059327373 0 0 -0.35355339059327373 0.35355339059327373 0
0 -0.35355339059327373 -0.35355339059327373 0 0 0.35355339059327373 0.35355339059327373 0 0 0.35355339059327373 0.35355339059327373 0 0 0.35355339059327373 0.35355339059327373 0
0 -0.35355339059327373 -0.35355339059327373 0 0 0.35355339059327373 0.35355339059327373 0 0 0.35355339059327373 0.35355339059327373 0 0 -0.35355339059327373 -0.35355339059327373 0
0 -0.35355339059327373 -0.35355339059327373 0 0 0.35355339059327373 0.35355339059327373 0 0 0.35355339059327373 -0.35355339059327373 0 0 0.35355339059327373 -0.35355339059327373 0
0 -0.35355339059327373 -0.35355339059327373 0 0 0.35355339059327373 0.35355339059327373 0 0 0.35355339059327373 -0.35355339059327373 0 0 -0.35355339059327373 0.35355339059327373 0
0 -0.35355339059327373 -0.35355339059327373 0 0 0.35355339059327373 0.35355339059327373 0 0 -0.35355339059327373 0.35355339059327373 0 0 0.35355339059327373 -0.35355339059327373 0
0 -0.35355339059327373 -0.35355339059327373 0 0 0.35355339059327373 0.35355339059327373 0 0 -0.35355339059327373 0.35355339059327373 0 0 -0.35355339059327373 0.35355339059327373 0
0 -0.35355339059327373 -0.35355339059327373 0 0 0.35355339059327373 0.35355339059327373 0 0 -0.35355339059327373 -0.35355339059327373 0 0 0.35355339059327373 0.35355339059327373 0
0 -0.35355339059327373 -0.35355339059327373 0 0 0.35355339059327373 0.35355339059327373 0 0 -0.35355339059327373 -0.35355339059327373 0 0 -0.35355339059327373 -0.35355339059327373 0
0 -0.35355339059327373 -0.35355339059327373 0 0 0.35355339059327373 -0.35355339059327373 0 0 0.35355339059327373 0.35355339059327373 0 0 0.35355339059327373 -0.35355339059327373 0
0 -0.35355339059327373 -0.35355339059327373 0 0 0.35355339059327373 -0.35355339059327373 0 0 0.35355339059327373 0.35355339059327373 0 0 -0.35355339059327373 0.35355339059327373 0
0 -0.35355339059327373 -0.35355339059327373 0 0 0.35355339059327373 -0.35355339059327373 0 0 0.35355339059327373 -0.35355339059327373 0 0 0.35355339059327373 0.35355339059327373 0
0 -0.35355339059327373 -0.35355339059327373 0 0 0.35355339059327373 -0.35355339059327373 0 0 0.35355339059327373 -0.35355339059327373 0 0 -0.35355339059327373 -0.35355339059327373 0
0 -0.35355339059327373 -0.35355339059327373 0 0 0.35355339059327373 -0.35355339059327373 0 0 -0.35355339059327373 0.35355339059327373 0 0 0.35355339059327373 0.35355339059327373 0
0 -0.35355339059327373 -0.35355339059327373 0 0 0.35355339059327373 -0.35355339059327373 0 0 -0.35355339059327373 0.35355339059327373 0 0 -0.35355339059327373 -0.35355339059327373 0
0 -0.35355339059327373 -0.35355339059327373 0 0 0.35355339059327373 -0.35355339059327373 0 0 -0.35355339059327373 -0.35355339059327373 0 0 0.35355339059327373 -0.35355339059327373 0
0 -0.35355339059327373 -0.35355339059327373 0 0 0.35355339059327373 -0.35355339059327373 0 0 -0.35355339059327373 -0.35355339059327373 0 0 -0.35355339059327373 0.35355339059327373 0
0 -0.35355339059327373 -0.35355339059327373 0 0 -0.35355339059327373 0.35355339059327373 0 0 0.35355339059327373 0.35355339059327373 0 0 0.35355339059327373 -0.35355339059327373 0
0 -0.35355339059327373 -0.35355339059327373 0 0 -0.35355339059327373 0.35355339059327373 0 0 0.35355339059327373 0.35355339059327373 0 0 -0.35355339059327373 0.35355339059327373 0
0 -0.35355339059327373 -0.35355339059327373 0 0 -0.35355339059327373 0.35355339059327373 0 0 0.35355339059327373 -0.35355339059327373 0 0 0.35355339059327373 0.35355339059327373 0
0 -0.35355339059327373 -0.35355339059327373 0 0 -0.35355339059327373 0.35355339059327373 0 0 0.35355339059327373 -0.35355339059327373 0 0 -0.35355339059327373 -0.35355339059327373 0
0 -0.35355339059327373 -0.35355339059327373 0 0 -0.35355339059327373 0.35355339059327373 0 0 -0.35355339059327373 0.35355339059327373 0 0 0.35355339059327373 0.35355339059327373 0
0 -0.35355339059327373 -0.35355339059327373 0 0 -0.35355339059327373 0.35355339059327373 0 0 -0.35355339059327373 0.35355339059327373 0 0 -0.35355339059327373 -0.35355339059327373 0
0 -0.35355339059327373 -0.35355339059327373 0 0 -0.35355339059327373 0.35355339059327373 0 0 -0.35355339059327373 -0.35355339059327373 0 0 0.35355339059327373 -0.35355339059327373 0
0 -0.35355339059327373 -0.35355339059327373 0 0 -0.35355339059327373 0.35355339059327373 0 0 -0.35355339059327373 -0.35355339059327373 0 0 -0.35355339059327373 0.35355339059327373 0
0 -0.35355339059327373 -0.35355339059327373 0 0 -0.35355339059327373 -0.35355339059327373 0 0 0.35355339059327373 0.35355339059327373 0 0 0.35355339059327373 0.35355339059327373 0
0 -0.35355339059327373 -0.35355339059327373 0 0 -0.35355339059327373 -0.35355339059327373 0 0 0.35355339059327373 0.35355339059327373 0 0 -0.35355339059327373 -0.35355339059327373 0
0 -0.35355339059327373 -0.35355339059327373 0 0 -0.35355339059327373 -0.35355339059327373 0 0 0.35355339059327373 -0.35355339059327373 0 0 0.35355339059327373 -0.35355339059327373 0
0 -0.35355339059327373 -0.35355339059327373 0 0 -0.35355339059327373 -0.35355339059327373 0 0 0.35355339059327373 -0.35355339059327373 0 0 -0.35355339059327373 0.35355339059327373 0
0 -0.35355339059327373 -0.35355339059327373 0 0 -0.35355339059327373 -0.35355339059327373 0 0 -0.35355339059327373 0.35355339059327373 0 0 0.35355339059327373 -0.35355339059327373 0
0 -0.35355339059327373 -0.35355339059327373 0 0 -0.35355339059327373 -0.35355339059327373 0 0 -0.35355339059327373 0.35355339059327373 0 0 -0.35355339059327373 0.35355339059327373 0
0 -0.35355339059327373 -0.35355339059327373 0 0 -0.35355339059327373 -0.35355339059327373 0 0 -0.35355339059327373 -0.35355339059327373 0 0 0.35355339059327373 0.35355339059327373 0
0 -0.35355339059327373 -0.35355339059327373 0 0 -0.35355339059327373 -0.35355339059327373 0 0 -0.35355339059327373 -0.35355339059327373 0 0 -0.35355339059327373 -0.35355339059327373 0
0.35355339059327373 0 0 0.35355339059327373 0.35355339059327373 0 0 0.35355339059327373 0.35355339059327373 0 0 0.35355339059327373 0.35355339059327373 0 0 0.35355339059327373
0.35355339059327373 0 0 0.35355339059327373 0.35355339059327373 0 0 0.35355339059327373 0.35355339059327373 0 0 0.35355339059327373 -0.35355339059327373 0 0 -0.35355339059327373
0.35355339059327373 0 0 0.35355339059327373 0.35355339059327373 0 0 0.35355339059327373 0.35355339059327373 0 0 -0.35355339059327373 0.35355339059327373 0 0 -0.35355339059327373
0.35355339059327373 0 0 0.35355339059327373 0.35355339059327373 0 0 0.35355339059327373 0.35355339059327373 0 0 -0.35355339059327373 -0.35355339059327373 0 0 0.35355339059327373
0.35355339059327373 0 0 0.35355339059327373 0.35355339059327373 0 0 0.35355339059327373 -0.35355339059327373 0 0 0.35355339059327373 0.35355339059327373 0 0 -0.35355339059327373
0.35355339059327373 0 0 0.35355339059327373 0.35355339059327373 0 0 0.35355339059327373 -0.35355339059327373 0 0 0.35355339059327373 -0.35355339059327373 0 0 0.35355339059327373
0.35355339059327373 0 0 0.35355339059327373 0.35355339059327373 0 0 0.35355339059327373 -0.35355339059327373 0 0 -0.35355339059327373 0.35355339059327373 0 0 0.35355339059327373
0.35355339059327373 0 0 0.35355339059327373 0.35355339059327373 0 0 0.35355339059327373 -0.35355339059327373 0 0 -0.35355339059327373 -0.35355339059327373 0 0 -0.35355339059327373
0.35355339059327373 0 0 0.35355339059327373 0.35355339059327373 0 0 -0.35355339059327373 0.35355339059327373 0 0 0.35355339059327373 0.35355339059327373 0 0 -0.35355339059327373
0.35355339059327373 0 0 0.35355339059327373 0.35355339059327373 0 0 -0.35355339059327373 0.35355339059327373 0 0 0.35355339059327373 -0.35355339059327373 0 0 0.35355339059327373
0.35355339059327373 0 0 0.35355339059327373 0.35355339059327373 0 0 -0.35355339059327373 0.35355339059327373 0 0 -0.35355339059327373 0.35355339059327373 0 0 0.35355339059327373
0.35355339059327373 0 0 0.35355339059327373 0.35355339059327373 0 0 -0.35355339059327373 0.35355339059327373 0 0 -0.35355339059327373 -0.35355339059327373 0 0 -0.35355339059327373
0.35355339059327373 0 0 0.35355339059327373 0.35355339059327373 0 0 -0.35355339059327373 -0.35355339059327373 0 0 0.35355339059327373 0.35355339059327373 0 0 0.35355339059327373
0.35355339059327373 0 0 0.35355339059327373 0.35355339059327373 0 0 -0.35355339059327373 -0.35355339059327373 0 0 0.35355339059327373 -0.35355339059327373 0 0 -0.35355339059327373
0.35355339059327373 0 0 0.35355339059327373 0.35355339059327373 0 0 -0.35355339059327373 -0.35355339059327373 0 0 -0.35355339059327373 0.35355339059327373 0 0 -0.35355339059327373
0.35355339059327373 0 0 0.35355339059327373 0.35355339059327373 0 0 -0.35355339059327373 -0.35355339059327373 0 0 -0.35355339059327373 -0.35355339059327373 0 0 0.35355339059327373
0.35355339059327373 0 0 0.35355339059327373 -0.35355339059327373 0 0 0.35355339059327373 0.35355339059327373 0 0 0.35355339059327373 0.35355339059327373 0 0 -0.35355339059327373
0.35355339059327373 0 0 0.35355339059327373 -0.35355339059327373 0 0 0.35355339059327373 0.35355339059327373 0 0 0.35355339059327373 -0.35355339059327373 0 0 0.35355339059327373
0.35355339059327373 0 0 0.35355339059327373 -0.35355339059327373 0 0 0.35355339059327373 0.35355339059327373 0 0 -0.35355339059327373 0.35355339059327373 0 0 0.35355339059327373
0.35355339059327373 0 0 0.35355339059327373 -0.35355339059327373 0 0 0.35355339059327373 0.35355339059327373 0 0 -0.35355339059327373 -0.35355339059327373 0 0 -0.35355339059327373
0.35355339059327373 0 0 0.35355339059327373 -0.35355339059327373 0 0 0.35355339059327373 -0.35355339059327373 0 0 0.35355339059327373 0.35355339059327373 0 0 0.35355339059327373
0.35355339059327373 0 0 0.35355339059327373 -0.35355339059327373 0 0 0.35355339059327373 -0.35355339059327373 0 0 0.35355339059327373 -0.35355339059327373 0 0 -0.35355339059327373
0.35355339059327373 0 0 0.35355339059327373 -0.35355339059327373 0 0 0.35355339059327373 -0.35355339059327373 0 0 -0.35355339059327373 0.35355339059327373 0 0 -0.35355339059327373
0.35355339059327373 0 0 0.35355339059327373 -0.35355339059327373 0 0 0.35355339059327373 -0.35355339059327373 0 0 -0.35355339059327373 -0.35355339059327373 0 0 0.35355339059327373
0.35355339059327373 0 0 0.35355339059327373 -0.35355339059327373 0 0 -0.35355339059327373 0.35355339059327373 0 0 0.35355339059327373 0.35355339059327373 0 0 0.35355339059327373
0.35355339059327373 0 0 0.35355339059327373 -0.35355339059327373 0 0 -0.35355339059327373 0.35355339059327373 0 0 0.35355339059327373 -0.35355339059327373 0 0 -0.35355339059327373
0.35355339059327373 0 0 0.35355339059327373 -0.35355339059327373 0 0 -0.35355339059327373 0.35355339059327373 0 0 -0.35355339059327373 0.35355339059327373 0 0 -0.35355339059327373
0.35355339059327373 0 0 0.35355339059327373 -0.35355339059327373 0 0 -0.35355339059327373 0.35355339059327373 0 0 -0.35355339059327373 -0.35355339059327373 0 0 0.35355339059327373
0.35355339059327373 0 0 0.35355339059327373 -0.35355339059327373 0 0 -0.35355339059327373 -0.35355339059327373 0 0 0.35355339059327373 0.35355339059327373 0 0 -0.35355339059327373
0.35355339059327373 0 0 0.35355339059327373 -0.35355339059327373 0 0 -0.35355339059327373 -0.35355339059327373 0 0 0.35355339059327373 -0.35355339059327373 0 0 0.35355339059327373
0.35355339059327373 0 0 0.35355339059327373 -0.35355339059327373 0 0 -0.35355339059327373 -0.35355339059327373 0 0 -0.35355339059327373 0.35355339059327373 0 0 0.35355339059327373
0.35355339059327373 0 0 0.35355339059327373 -0.35355339059327373 0 0 -0.35355339059327373 -0.35355339059327373 0 0 -0.35355339059327373 -0.35355339059327373 0 0 -0.35355339059327373
0.35355339059327373 0 0 -0.35355339059327373 0.35355339059327373 0 0 0.35355339059327373 0.35355339059327373 0 0 0.35355339059327373 0.35355339059327373 0 0 -0.35355339059327373
0.35355339059327373 0 0 -0.35355339059327373 0.35355339059327373 0 0 0.35355339059327373 0.35355339059327373 0 0 0.35355339059327373 -0.35355339059327373 0 0 0.35355339059327373
0.35355339059327373 0 0 -0.35355339059327373 0.35355339059327373 0 0 0.35355339059327373 0.35355339059327373 0 0 -0.35355339059327373 0.35355339059327373 0 0 0.35355339059327373
0.35355339059327373 0 0 -0.35355339059327373 0.35355339059327373 0 0 0.35355339059327373 0.35355339059327373 0 0 -0.35355339059327373 -0.35355339059327373 0 0 -0.35355339059327373
0.35355339059327373 0 0 -0.35355339059327373 0.35355339059327373 0 0 0.35355339059327373 -0.35355339059327373 0 0 0.35355339059327373 0.35355339059327373 0 0 0.35355339059327373
0.35355339059327373 0 0 -0.35355339059327373 0.35355339059327373 0 0 0.35355339059327373 -0.35355339059327373 0 0 0.35355339059327373 -0.35355339059327373 0 0 -0.35355339059327373
0.35355339059327373 0 0 -0.35355339059327373 0.35355339059327373 0 0 0.35355339059327373 -0.35355339059327373 0 0 -0.35355339059327373 0.35355339059327373 0 0 -0.35355339059327373
0.35355339059327373 0 0 -0.35355339059327373 0.35355339059327373 0 0 0.35355339059327373 -0.35355339059327373 0 0 -0.35355339059327373 -0.35355339059327373 0 0 0.35355339059327373
0.35355339059327373 0 0 -0.35355339059327373 0.35355339059327373 0 0 -0.35355339059327373 0.35355339059327373 0 0 0.35355339059327373 0.35355339059327373 0 0 0.35355339059327373
0.35355339059327373 0 0 -0.35355339059327373 0.35355339059327373 0 0 -0.35355339059327373 0.35355339059327373 0 0 0.35355339059327373 -0.35355339059327373 0 0 -0.35355339059327373
0.35355339059327373 0 0 -0.35355339059327373 0.35355339059327373 0 0 -0.35355339059327373 0.35355339059327373 0 0 -0.35355339059327373 0.35355339059327373 0 0 -0.35355339059327373
0.35355339059327373 0 0 -0.35355339059327373 0.35355339059327373 0 0 -0.35355339059327373 0.35355339059327373 0 0 -0.35355339059327373 -0.35355339059327373 0 0 0.35355339059327373
0.35355339059327373 0 0 -0.35355339059327373 0.35355339059327373 0 0 -0.35355339059327373 -0.35355339059327373 0 0 0.35355339059327373 0.35355339059327373 0 0 -0.35355339059327373
0.35355339059327373 0 0 -0.35355339059327373 0.35355339059327373 0 0 -0.35355339059327373 -0.35355339059327373 0 0 0.35355339059327373 -0.35355339059327373 0 0 0.35355339059327373
0.35355339059327373 0 0 -0.35355339059327373 0.35355339059327373 0 0 -0.35355339059327373 -0.35355339059327373 0 0 -0.35355339059327373 0.35355339059327373 0 0 0.35355339059327373
0.35355339059327373 0 0 -0.35355339059327373 0.35355339059327373 0 0 -0.35355339059327373 -0.35355339059327373 0 0 -0.35355339059327373 -0.35355339059327373 0 0 -0.35355339059327373
0.35355339059327373 0 0 -0.35355339059327373 -0.35355339059327373 0 0 0.35355339059327373 0.35355339059327373 0 0 0.35355339059327373 0.35355339059327373 0 0 0.35355339059327373
0.35355339059327373 0 0 -0.35355339059327373 -0.35355339059327373 0 0 0.35355339059327373 0.35355339059327373 0 0 0.35355339059327373 -0.35355339059327373 0 0 -0.35355339059327373
0.35355339059327373 0 0 -0.35355339059327373 -0.35355339059327373 0 0 0.35355339059327373 0.35355339059327373 0 0 -0.35355339059327373 0.35355339059327373 0 0 -0.35355339059327373
0.35355339059327373 0 0 -0.35355339059327373 -0.35355339059327373 0 0 0.35355339059327373 0.35355339059327373 0 0 -0.35355339059327373 -0.35355339059327373 0 0 0.35355339059327373
0.35355339059327373 0 0 -0.35355339059327373 -0.35355339059327373 0 0 0.35355339059327373 -0.35355339059327373 0 0 0.35355339059327373 0.35355339059327373 0 0 -0.35355339059327373
0.35355339059327373 0 0 -0.35355339059327373 -0.35355339059327373 0 0 0.35355339059327373 -0.35355339059327373 0 0 0.35355339059327373 -0.35355339059327373 0 0 0.35355339059327373
0.35355339059327373 0 0 -0.35355339059327373 -0.35355339059327373 0 0 0.35355339059327373 -0.35355339059327373 0 0 -0.35355339059327373 0.35355339059327373 0 0 0.35355339059327373
0.35355339059327373 0 0 -0.35355339059327373 -0.35355339059327373 0 0 0.35355339059327373 -0.35355339059327373 0 0 -0.35355339059327373 -0.35355339059327373 0 0 -0.35355339059327373
0.35355339059327373 0 0 -0.35355339059327373 -0.35355339059327373 0 0 -0.35355339059327373 0.35355339059327373 0 0 0.35355339059327373 0.35355339059327373 0 0 -0.35355339059327373
0.35355339059327373 0 0 -0.35355339059327373 -0.35355339059327373 0 0 -0.35355339059327373 0.35355339059327373 0 0 0.35355339059327373 -0.35355339059327373 0 0 0.35355339059327373
0.35355339059327373 0 0 -0.35355339059327373 -0.35355339059327373 0 0 -0.35355339059327373 0.35355339059327373 0 0 -0.35355339059327373 0.35355339059327373 0 0 0.35355339059327373
0.35355339059327373 0 0 -0.35355339059327373 -0.35355339059327373 0 0 -0.35355339059327373 0.35355339059327373 0 0 -0.35355339059327373 -0.35355339059327373 0 0 -0.35355339059327373
0.35355339059327373 0 0 -0.35355339059327373 -0.35355339059327373 0 0 -0.35355339059327373 -0.35355339059327373 0 0 0.35355339059327373 0.35355339059327373 0 0 0.35355339059327373
0.35355339059327373 0 0 -0.35355339059327373 -0.35355339059327373 0 0 -0.35355339059327373 -0.35355339059327373 0 0 0.35355339059327373 -0.35355339059327373 0 0 -0.35355339059327373
0.35355339059327373 0 0 -0.35355339059327373 -0.35355339059327373 0 0 -0.35355339059327373 -0.35355339059327373 0 0 -0.35355339059327373 0.35355339059327373 0 0 -0.35355339059327373
0.35355339059327373 0 0 -0.35355339059327373 -0.35355339059327373 0 0 -0.35355339059327373 -0.35355339059327373 0 0 -0.35355339059327373 -0.35355339059327373 0 0 0.35355339059327373
-0.35355339059327373 0 0 0.35355339059327373 0.35355339059327373 0 0 0.35355339059327373 0.35355339059327373 0 0 0.35355339059327373 0.35355339059327373 0 0 -0.35355339059327373
-0.35355339059327373 0 0 0.35355339059327373 0.35355339059327373 0 0 0.35355339059327373 0.35355339059327373 0 0 0.35355339059327373 -0.35355339059327373 0 0 0.35355339059327373
-0.35355339059327373 0 0 0.35355339059327373 0.35355339059327373 0 0 0.35355339059327373 0.35355339059327373 0 0 -0.35355339059327373 0.35355339059327373 0 0 0.35355339059327373
-0.35355339059327373 0 0 0.35355339059327373 0.35355339059327373 0 0 0.35355339059327373 0.35355339059327373 0 0 -0.35355339059327373 -0.35355339059327373 0 0 -0.35355339059327373
-0.35355339059327373 0 0 0.35355339059327373 0.35355339059327373 0 0 0.35355339059327373 -0.35355339059327373 0 0 0.35355339059327373 0.35355339059327373 0 0 0.35355339059327373
-0.35355339059327373 0 0 0.35355339059327373 0.35355339059327373 0 0 0.35355339059327373 -0.35355339059327373 0 0 0.35355339059327373 -0.35355339059327373 0 0 -0.35355339059327373
-0.35355339059327373 0 0 0.35355339059327373 0.35355339059327373 0 0 0.35355339059327373 -0.35355339059327373 0 0 -0.35355339059327373 0.35355339059327373 0 0 -0.35355339059327373
-0.35355339059327373 0 0 0.35355339059327373 0.35355339059327373 0 0 0.35355339059327373 -0.35355339059327373 0 0 -0.35355339059327373 -0.35355339059327373 0 0 0.35355339059327373
-0.35355339059327373 0 0 0.35355339059327373 0.35355339059327373 0 0 -0.35355339059327373 0.35355339059327373 0 0 0.35355339059327373 0.35355339059327373 0 0 0.35355339059327373
-0.35355339059327373 0 0 0.35355339059327373 0.35355339059327373 0 0 -0.35355339059327373 0.35355339059327373 0 0 0.35355339059327373 -0.35355339059327373 0 0 -0.35355339059327373
-0.35355339059327373 0 0 0.35355339059327373 0.35355339059327373 0 0 -0.35355339059327373 0.35355339059327373 0 0 -0.35355339059327373 0.35355339059327373 0 0 -0.35355339059327373
-0.35355339059327373 0 0 0.35355339059327373 0.35355339059327373 0 0 -0.35355339059327373 0.35355339059327373 0 0 -0.35355339059327373 -0.35355339059327373 0 0 0.35355339059327373
-0.35355339059327373 0 0 0.35355339059327373 0.35355339059327373 0 0 -0.35355339059327373 -0.35355339059327373 0 0 0.35355339059327373 0.35355339059327373 0 0 -0.35355339059327373
-0.35355339059327373 0 0 0.35355339059327373 0.35355339059327373 0 0 -0.35355339059327373 -0.35355339059327373 0 0 0.35355339059327373 -0.35355339059327373 0 0 0.35355339059327373
-0.35355339059327373 0 0 0.35355339059327373 0.35355339059327373 0 0 -0.35355339059327373 -0.35355339059327373 0 0 -0.35355339059327373 0.35355339059327373 0 0 0.35355339059327373
-0.35355339059327373 0 0 0.35355339059327373 0.35355339059327373 0 0 -0.35355339059327373 -0.35355339059327373 0 0 -0.35355339059327373 -0.35355339059327373 0 0 -0.35355339059327373
-0.35355339059327373 0 0 0.35355339059327373 -0.35355339059327373 0 0 0.35355339059327373 0.35355339059327373 0 0 0.35355339059327373 0.35355339059327373 0 0 0.35355339059327373
-0.35355339059327373 0 0 0.35355339059327373 -0.35355339059327373 0 0 0.35355339059327373 0.35355339059327373 0 0 0.35355339059327373 -0.35355339059327373 0 0 -0.35355339059327373
-0.35355339059327373 0 0 0.35355339059327373 -0.35355339059327373 0 0 0.35355339059327373 0.35355339059327373 0 0 -0.35355339059327373 0.35355339059327373 0 0 -0.35355339059327373
-0.35355339059327373 0 0 0.35355339059327373 -0.35355339059327373 0 0 0.35355339059327373 0.35355339059327373 0 0 -0.35355339059327373 -0.35355339059327373 0 0 0.35355339059327373
-0.35355339059327373 0 0 0.35355339059327373 -0.35355339059327373 0 0 0.35355339059327373 -0.35355339059327373 0 0 0.35355339059327373 0.35355339059327373 0 0 -0.35355339059327373
-0.35355339059327373 0 0 0.35355339059327373 -0.35355339059327373 0 0 0.35355339059327373 -0.35355339059327373 0 0 0.35355339059327373 -0.35355339059327373 0 0 0.35355339059327373
-0.35355339059327373 0 0 0.35355339059327373 -0.35355339059327373 0 0 0.35355339059327373 -0.35355339059327373 0 0 -0.35355339059327373 0.35355339059327373 0 0 0.35355339059327373
-0.35355339059327373 0 0 0.35355339059327373 -0.35355339059327373 0 0 0.35355339059327373 -0.35355339059327373 0 0 -0.35355339059327373 -0.35355339059327373 0 0 -0.35355339059327373
-0.35355339059327373 0 0 0.35355339059327373 -0.35355339059327373 0 0 -0.35355339059327373 0.35355339059327373 0 0 0.35355339059327373 0.35355339059327373 0 0 -0.35355339059327373
-0.35355339059327373 0 0 0.35355339059327373 -0.35355339059327373 0 0 -0.35355339059327373 0.35355339059327373 0 0 0.35355339059327373 -0.35355339059327373 0 0 0.35355339059327373
-0.35355339059327373 0 0 0.35355339059327373 -0.35355339059327373 0 0 -0.35355339059327373 0.35355339059327373 0 0 -0.35355339059327373 0.35355339059327373 0 0 0.35355339059327373
-0.35355339059327373 0 0 0.35355339059327373 -0.35355339059327373 0 0 -0.35355339059327373 0.35355339059327373 0 0 -0.35355339059327373 -0.35355339059327373 0 0 -0.35355339059327373
-0.35355339059327373 0 0 0.35355339059327373 -0.35355339059327373 0 0 -0.35355339059327373 -0.35355339059327373 0 0 0.35355339059327373 0.35355339059327373 0 0 0.35355339059327373
-0.35355339059327373 0 0 0.35355339059327373 -0.35355339059327373 0 0 -0.35355339059327373 -0.35355339059327373 0 0 0.35355339059327373 -0.35355339059327373 0 0 -0.35355339059327373
-0.35355339059327373 0 0 0.35355339059327373 -0.35355339059327373 0 0 -0.35355339059327373 -0.35355339059327373 0 0 -0.35355339059327373 0.35355339059327373 0 0 -0.35355339059327373
-0.35355339059327373 0 0 0.35355339059327373 -0.35355339059327373 0 0 -0.35355339059327373 -0.35355339059327373 0 0 -0.35355339059327373 -0.35355339059327373 0 0 0.35355339059327373
-0.35355339059327373 0 0 -0.35355339059327373 0.35355339059327373 0 0 0.35355339059327373 0.35355339059327373 0 0 0.35355339059327373 0.35355339059327373 0 0 0.35355339059327373
-0.35355339059327373 0 0 -0.35355339059327373 0.35355339059327373 0 0 0.35355339059327373 0.35355339059327373 0 0 0.35355339059327373 -0.35355339059327373 0 0 -0.35355339059327373
-0.35355339059327373 0 0 -0.35355339059327373 0.35355339059327373 0 0 0.35355339059327373 0.35355339059327373 0 0 -0.35355339059327373 0.35355339059327373 0 0 -0.35355339059327373
-0.35355339059327373 0 0 -0.35355339059327373 0.35355339059327373 0 0 0.35355339059327373 0.35355339059327373 0 0 -0.35355339059327373 -0.35355339059327373 0 0 0.35355339059327373
-0.35355339059327373 0 0 -0.35355339059327373 0.35355339059327373 0 0 0.35355339059327373 -0.35355339059327373 0 0 0.35355339059327373 0.35355339059327373 0 0 -0.35355339059327373
-0.35355339059327373 0 0 -0.35355339059327373 0.35355339059327373 0 0 0.35355339059327373 -0.35355339059327373 0 0 0.35355339059327373 -0.35355339059327373 0 0 0.35355339059327373
-0.35355339059327373 0 0 -0.35355339059327373 0.35355339059327373 0 0 0.35355339059327373 -0.35355339059327373 0 0 -0.35355339059327373 0.35355339059327373 0 0 0.35355339059327373
-0.35355339059327373 0 0 -0.35355339059327373 0.35355339059327373 0 0 0.35355339059327373 -0.35355339059327373 0 0 -0.35355339059327373 -0.35355339059327373 0 0 -0.35355339059327373
-0.35355339059327373 0 0 -0.35355339059327373 0.35355339059327373 0 0 -0.35355339059327373 0.35355339059327373 0 0 0.35355339059327373 0.35355339059327373 0 0 -0.35355339059327373
-0.35355339059327373 0 0 -0.35355339059327373 0.35355339059327373 0 0 -0.35355339059327373 0.35355339059327373 0 0 0.35355339059327373 -0.35355339059327373 0 0 0.35355339059327373
-0.35355339059327373 0 0 -0.35355339059327373 0.35355339059327373 0 0 -0.35355339059327373 0.35355339059327373 0 0 -0.35355339059327373 0.35355339059327373 0 0 0.35355339059327373
-0.35355339059327373 0 0 -0.35355339059327373 0.35355339059327373 0 0 -0.35355339059327373 0.35355339059327373 0 0 -0.35355339059327373 -0.35355339059327373 0 0 -0.35355339059327373
-0.35355339059327373 0 0 -0.35355339059327373 0.35355339059327373 0 0 -0.35355339059327373 -0.35355339059327373 0 0 0.35355339059327373 0.35355339059327373 0 0 0.35355339059327373
-0.35355339059327373 0 0 -0.35355339059327373 0.35355339059327373 0 0 -0.35355339059327373 -0.35355339059327373 0 0 0.35355339059327373 -0.35355339059327373 0 0 -0.35355339059327373
-0.35355339059327373 0 0 -0.35355339059327373 0.35355339059327373 0 0 -0.35355339059327373 -0.35355339059327373 0 0 -0.35355339059327373 0.35355339059327373 0 0 -0.35355339059327373
-0.35355339059327373 0 0 -0.35355339059327373 0.35355339059327373 0 0 -0.35355339059327373 -0.35355339059327373 0 0 -0.35355339059327373 -0.35355339059327373 0 0 0.35355339059327373
-0.35355339059327373 0 0 -0.35355339059327373 -0.35355339059327373 0 0 0.35355339059327373 0.35355339059327373 0 0 0.35355339059327373 0.35355339059327373 0 0 -0.35355339059327373
-0.35355339059327373 0 0 -0.35355339059327373 -0.35355339059327373 0 0 0.35355339059327373 0.35355339059327373 0 0 0.35355339059327373 -0.35355339059327373 0 0 0.35355339059327373
-0.35355339059327373 0 0 -0.35355339059327373 -0.35355339059327373 0 0 0.35355339059327373 0.35355339059327373 0 0 -0.35355339059327373 0.35355339059327373 0 0 0.35355339059327373
-0.35355339059327373 0 0 -0.35355339059327373 -0.35355339059327373 0 0 0.35355339059327373 0.35355339059327373 0 0 -0.35355339059327373 -0.35355339059327373 0 0 -0.35355339059327373
-0.35355339059327373 0 0 -0.35355339059327373 -0.35355339059327373 0 0 0.35355339059327373 -0.35355339059327373 0 0 0.35355339059327373 0.35355339059327373 0 0 0.35355339059327373
-0.35355339059327373 0 0 -0.35355339059327373 -0.35355339059327373 0 0 0.35355339059327373 -0.35355339059327373 0 0 0.35355339059327373 -0.35355339059327373 0 0 -0.35355339059327373
-0.35355339059327373 0 0 -0.35355339059327373 -0.35355339059327373 0 0 0.35355339059327373 -0.35355339059327373 0 0 -0.35355339059327373 0.35355339059327373 0 0 -0.35355339059327373
-0.35355339059327373 0 0 -0.35355339059327373 -0.35355339059327373 0 0 0.35355339059327373 -0.35355339059327373 0 0 -0.35355339059327373 -0.35355339059327373 0 0 0.35355339059327373
-0.35355339059327373 0 0 -0.35355339059327373 -0.35355339059327373 0 0 -0.35355339059327373 0.35355339059327373 0 0 0.35355339059327373 0.35355339059327373 0 0 0.35355339059327373
-0.35355339059327373 0 0 -0.35355339059327373 -0.35355339059327373 0 0 -0.35355339059327373 0.35355339059327373 0 0 0.35355339059327373 -0.35355339059327373 0 0 -0.35355339059327373
-0.35355339059327373 0 0 -0.35355339059327373 -0.35355339059327373 0 0 -0.35355339059327373 0.35355339059327373 0 0 -0.35355339059327373 0.35355339059327373 0 0 -0.35355339059327373
-0.35355339059327373 0 0 -0.35355339059327373 -0.35355339059327373 0 0 -0.35355339059327373 0.35355339059327373 0 0 -0.35355339059327373 -0.35355339059327373 0 0 0.35355339059327373
-0.35355339059327373 0 0 -0.35355339059327373 -0.35355339059327373 0 0 -0.35355339059327373 -0.35355339059327373 0 0 0.35355339059327373 0.35355339059327373 0 0 -0.35355339059327373
-0.35355339059327373 0 0 -0.35355339059327373 -0.35355339059327373 0 0 -0.35355339059327373 -0.35355339059327373 0 0 0.35355339059327373 -0.35355339059327373 0 0 0.35355339059327373
-0.35355339059327373 0 0 -0.35355339059327373 -0.35355339059327373 0 0 -0.35355339059327373 -0.35355339059327373 0 0 -0.35355339059327373 0.35355339059327373 0 0 0.35355339059327373
-0.35355339059327373 0 0 -0.35355339059327373 -0.35355339059327373 0 0 -0.35355339059327373 -0.35355339059327373 0 0 -0.35355339059327373 -0.35355339059327373 0 0 -0.35355339059327373
0 0 0 0 0.35355339059327373 0.35355339059327373 0.35355339059327373 0.35355339059327373 0 0 0 0 0.35355339059327373 0.35355339059327373 0.35355339059327373 0.35355339059327373
0 0 0 0 0.35355339059327373 0.35355339059327373 0.35355339059327373 0.35355339059327373 0 0 0 0 0.35355339059327373 0.35355339059327373 -0.35355339059327373 -0.35355339059327373
0 0 0 0 0.35355339059327373 0.35355339059327373 0.35355339059327373 0.35355339059327373 0 0 0 0 0.35355339059327373 -0.35355339059327373 0.35355339059327373 -0.35355339059327373
0 0 0 0 0.35355339059327373 0.35355339059327373 0.35355339059327373 0.35355339059327373 0 0 0 0 0.35355339059327373 -0.35355339059327373 -0.35355339059327373 0.35355339059327373
0 0 0 0 0.35355339059327373 0.35355339059327373 0.35355339059327373 0.35355339059327373 0 0 0 0 -0.35355339059327373 0.35355339059327373 0.35355339059327373 -0.35355339059327373
0 0 0 0 0.35355339059327373 0.35355339059327373 0.35355339059327373 0.35355339059327373 0 0 0 0 -0.35355339059327373 0.35355339059327373 -0.35355339059327373 0.35355339059327373
0 0 0 0 0.35355339059327373 0.35355339059327373 0.35355339059327373 0.35355339059327373 0 0 0 0 -0.35355339059327373 -0.35355339059327373 0.35355339059327373 0.35355339059327373
0 0 0 0 0.35355339059327373 0.35355339059327373 0.35355339059327373 0.35355339059327373 0 0 0 0 -0.35355339059327373 -0.35355339059327373 -0.35355339059327373 -0.35355339059327373
0 0 0 0 0.35355339059327373 0.35355339059327373 0.35355339059327373 -0.35355339059327373 0 0 0 0 0.35355339059327373 0.35355339059327373 0.35355339059327373 -0.35355339059327373
0 0 0 0 0.35355339059327373 0.35355339059327373 0.35355339059327373 -0.35355339059327373 0 0 0 0 0.35355339059327373 0.35355339059327373 -0.35355339059327373 0.35355339059327373
0 0 0 0 0.35355339059327373 0.35355339059327373 0.35355339059327373 -0.35355339059327373 0 0 0 0 0.35355339059327373 -0.35355339059327373 0.35355339059327373 0.35355339059327373
0 0 0 0 0.35355339059327373 0.35355339059327373 0.35355339059327373 -0.35355339059327373 0 0 0 0 0.35355339059327373 -0.35355339059327373 -0.35355339059327373 -0.35355339059327373
0 0 0 0 0.35355339059327373 0.35355339059327373 0.35355339059327373 -0.35355339059327373 0 0 0 0 -0.35355339059327373 0.35355339059327373 0.35355339059327373 0.35355339059327373
0 0 0 0 0.35355339059327373 0.35355339059327373 0.35355339059327373 -0.35355339059327373 0 0 0 0 -0.35355339059327373 0.35355339059327373 -0.35355339059327373 -0.35355339059327373
0 0 0 0 0.35355339059327373 0.35355339059327373 0.35355339059327373 -0.35355339059327373 0 0 0 0 -0.35355339059327373 -0.35355339059327373 0.35355339059327373 -0.35355339059327373
0 0 0 0 0.35355339059327373 0.35355339059327373 0.35355339059327373 -0.35355339059327373 0 0 0 0 -0.35355339059327373 -0.35355339059327373 -0.35355339059327373 0.35355339059327373
0 0 0 0 0.35355339059327373 0.35355339059327373 -0.35355339059327373 0.35355339059327373 0 0 0 0 0.35355339059327373 0.35355339059327373 0.35355339059327373 -0.35355339059327373
0 0 0 0 0.35355339059327373 0.35355339059327373 -0.35355339059327373 0.35355339059327373 0 0 0 0 0.35355339059327373 0.35355339059327373 -0.35355339059327373 0.35355339059327373
0 0 0 0 0.35355339059327373 0.35355339059327373 -0.35355339059327373 0.35355339059327373 0 0 0 0 0.35355339059327373 -0.35355339059327373 0.35355339059327373 0.35355339059327373
0 0 0 0 0.35355339059327373 0.35355339059327373 -0.35355339059327373 0.35355339059327373 0 0 0 0 0.35355339059327373 -0.35355339059327373 -0.35355339059327373 -0.35355339059327373
0 0 0 0 0.35355339059327373 0.35355339059327373 -0.35355339059327373 0.35355339059327373 0 0 0 0 -0.35355339059327373 0.35355339059327373 0.35355339059327373 0.35355339059327373
0 0 0 0 0.35355339059327373 0.35355339059327373 -0.35355339059327373 0.35355339059327373 0 0 0 0 -0.35355339059327373 0.35355339059327373 -0.35355339059327373 -0.35355339059327373
0 0 0 0 0.35355339059327373 0.35355339059327373 -0.35355339059327373 0.35355339059327373 0 0 0 0 -0.35355339059327373 -0.35355339059327373 0.35355339059327373 -0.35355339059327373
0 0 0 0 0.35355339059327373 0.35355339059327373 -0.35355339059327373 0.35355339059327373 0 0 0 0 -0.35355339059327373 -0.35355339059327373 -0.35355339059327373 0.35355339059327373
0 0 0 0 0.35355339059327373 0.35355339059327373 -0.35355339059327373 -0.35355339059327373 0 0 0 0 0.35355339059327373 0.35355339059327373 0.35355339059327373 0.35355339059327373
0 0 0 0 0.35355339059327373 0.35355339059327373 -0.35355339059327373 -0.35355339059327373 0 0 0 0 0.35355339059327373 0.35355339059327373 -0.35355339059327373 -0.35355339059327373
0 0 0 0 0.35355339059327373 0.35355339059327373 -0.35355339059327373 -0.35355339059327373 0 0 0 0 0.35355339059327373 -0.35355339059327373 0.35355339059327373 -0.35355339059327373
0 0 0 0 0.35355339059327373 0.35355339059327373 -0.35355339059327373 -0.35355339059327373 0 0 0 0 0.35355339059327373 -0.35355339059327373 -0.35355339059327373 0.35355339059327373
0 0 0 0 0.35355339059327373 0.35355339059327373 -0.35355339059327373 -0.35355339059327373 0 0 0 0 -0.35355339059327373 0.35355339059327373 0.35355339059327373 -0.35355339059327373
0 0 0 0 0.35355339059327373 0.35355339059327373 -0.35355339059327373 -0.35355339059327373 0 0 0 0 -0.35355339059327373 0.35355339059327373 -0.35355339059327373 0.35355339059327373
0 0 0 0 0.35355339059327373 0.35355339059327373 -0.35355339059327373 -0.35355339059327373 0 0 0 0 -0.35355339059327373 -0.35355339059327373 0.35355339059327373 0.35355339059327373
0 0 0 0 0.35355339059327373 0.35355339059327373 -0.35355339059327373 -0.35355339059327373 0 0 0 0 -0.35355339059327373 -0.35355339059327373 -0.35355339059327373 -0.35355339059327373
0 0 0 0 0.35355339059327373 -0.35355339059327373 0.35355339059327373 0.35355339059327373 0 0 0 0 0.35355339059327373 0.35355339059327373 0.35355339059327373 -0.35355339059327373
0 0 0 0 0.35355339059327373 -0.35355339059327373 0.35355339059327373 0.35355339059327373 0 0 0 0 0.35355339059327373 0.35355339059327373 -0.35355339059327373 0.35355339059327373
0 0 0 0 0.35355339059327373 -0.35355339059327373 0.35355339059327373 0.35355339059327373 0 0 0 0 0.35355339059327373 -0.35355339059327373 0.35355339059327373 0.35355339059327373
0 0 0 0 0.35355339059327373 -0.35355339059327373 0.35355339059327373 0.35355339059327373 0 0 0 0 0.35355339059327373 -0.35355339059327373 -0.35355339059327373 -0.35355339059327373
0 0 0 0 0.35355339059327373 -0.35355339059327373 0.35355339059327373 0.35355339059327373 0 0 0 0 -0.35355339059327373 0.35355339059327373 0.35355339059327373 0.35355339059327373
0 0 0 0 0.35355339059327373 -0.35355339059327373 0.35355339059327373 0.35355339059327373 0 0 0 0 -0.35355339059327373 0.35355339059327373 -0.35355339059327373 -0.35355339059327373
0 0 0 0 0.35355339059327373 -0.35355339059327373 0.35355339059327373 0.35355339059327373 0 0 0 0 -0.35355339059327373 -0.35355339059327373 0.35355339059327373 -0.35355339059327373
0 0 0 0 0.35355339059327373 -0.35355339059327373 0.35355339059327373 0.35355339059327373 0 0 0 0 -0.35355339059327373 -0.35355339059327373 -0.35355339059327373 0.35355339059327373
0 0 0 0 0.35355339059327373 -0.35355339059327373 0.35355339059327373 -0.35355339059327373 0 0 0 0 0.35355339059327373 0.35355339059327373 0.35355339059327373 0.35355339059327373
0 0 0 0 0.35355339059327373 -0.35355339059327373 0.35355339059327373 -0.35355339059327373 0 0 0 0 0.35355339059327373 0.35355339059327373 -0.35355339059327373 -0.35355339059327373
0 0 0 0 0.35355339059327373 -0.35355339059327373 0.35355339059327373 -0.35355339059327373 0 0 0 0 0.35355339059327373 -0.35355339059327373 0.35355339059327373 -0.35355339059327373
0 0 0 0 0.35355339059327373 -0.35355339059327373 0.35355339059327373 -0.35355339059327373 0 0 0 0 0.35355339059327373 -0.35355339059327373 -0.35355339059327373 0.35355339059327373
0 0 0 0 0.35355339059327373 -0.35355339059327373 0.35355339059327373 -0.35355339059327373 0 0 0 0 -0.35355339059327373 0.35355339059327373 0.35355339059327373 -0.35355339059327373
0 0 0 0 0.35355339059327373 -0.35355339059327373 0.35355339059327373 -0.35355339059327373 0 0 0 0 -0.35355339059327373 0.35355339059327373 -0.35355339059327373 0.35355339059327373
0 0 0 0 0.35355339059327373 -0.35355339059327373 0.35355339059327373 -0.35355339059327373 0 0 0 0 -0.35355339059327373 -0.35355339059327373 0.35355339059327373 0.35355339059327373
0 0 0 0 0.35355339059327373 -0.35355339059327373 0.35355339059327373 -0.35355339059327373 0 0 0 0 -0.35355339059327373 -0.35355339059327373 -0.35355339059327373 -0.35355339059327373
0 0 0 0 0.35355339059327373 -0.35355339059327373 -0.35355339059327373 0.35355339059327373 0 0 0 0 0.35355339059327373 0.35355339059327373 0.35355339059327373 0.35355339059327373
0 0 0 0 0.35355339059327373 -0.35355339059327373 -0.35355339059327373 0.35355339059327373 0 0 0 0 0.35355339059327373 0.35355339059327373 -0.35355339059327373 -0.35355339059327373
0 0 0 0 0.35355339059327373 -0.35355339059327373 -0.35355339059327373 0.35355339059327373 0 0 0 0 0.35355339059327373 -0.35355339059327373 0.35355339059327373 -0.35355339059327373
0 0 0 0 0.35355339059327373 -0.35355339059327373 -0.35355339059327373 0.35355339059327373 0 0 0 0 0.35355339059327373 -0.35355339059327373 -0.35355339059327373 0.35355339059327373
0 0 0 0 0.35355339059327373 -0.35355339059327373 -0.35355339059327373 0.35355339059327373 0 0 0 0 -0.35355339059327373 0.35355339059327373 0.35355339059327373 -0.35355339059327373
0 0 0 0 0.35355339059327373 -0.35355339059327373 -0.35355339059327373 0.35355339059327373 0 0 0 0 -0.35355339059327373 0.35355339059327373 -0.35355339059327373 0.35355339059327373
0 0 0 0 0.35355339059327373 -0.35355339059327373 -0.35355339059327373 0.35355339059327373 0 0 0 0 -0.35355339059327373 -0.35355339059327373 0.35355339059327373 0.35355339059327373
0 0 0 0 0.35355339059327373 -0.35355339059327373 -0.35355339059327373 0.35355339059327373 0 0 0 0 -0.35355339059327373 -0.35355339059327373 -0.35355339059327373 -0.35355339059327373
0 0 0 0 0.35355339059327373 -0.35355339059327373 -0.35355339059327373 -0.35355339059327373 0 0 0 0 0.35355339059327373 0.35355339059327373 0.35355339059327373 -0.35355339059327373
0 0 0 0 0.35355339059327373 -0.35355339059327373 -0.35355339059327373 -0.35355339059327373 0 0 0 0 0.35355339059327373 0.35355339059327373 -0.35355339059327373 0.35355339059327373
0 0 0 0 0.35355339059327373 -0.35355339059327373 -0.35355339059327373 -0.35355339059327373 0 0 0 0 0.35355339059327373 -0.35355339059327373 0.35355339059327373 0.35355339059327373
0 0 0 0 0.35355339059327373 -0.35355339059327373 -0.35355339059327373 -0.35355339059327373 0 0 0 0 0.35355339059327373 -0.35355339059327373 -0.35355339059327373 -0.35355339059327373
0 0 0 0 0.35355339059327373 -0.35355339059327373 -0.35355339059327373 -0.35355339059327373 0 0 0 0 -0.35355339059327373 0.35355339059327373 0.35355339059327373 0.35355339059327373
0 0 0 0 0.35355339059327373 -0.35355339059327373 -0.35355339059327373 -0.35355339059327373 0 0 0 0 -0.35355339059327373 0.35355339059327373 -0.35355339059327373 -0.35355339059327373
0 0 0 0 0.35355339059327373 -0.35355339059327373 -0.35355339059327373 -0.35355339059327373 0 0 0 0 -0.35355339059327373 -0.35355339059327373 0.35355339059327373 -0.35355339059327373
0 0 0 0 0.35355339059327373 -0.35355339059327373 -0.35355339059327373 -0.35355339059327373 0 0 0 0 -0.35355339059327373 -0.35355339059327373 -0.35355339059327373 0.35355339059327373
0 0 0 0 -0.35355339059327373 0.35355339059327373 0.35355339059327373 0.35355339059327373 0 0 0 0 0.35355339059327373 0.35355339059327373 0.35355339059327373 -0.35355339059327373
0 0 0 0 -0.35355339059327373 0.35355339059327373 0.35355339059327373 0.35355339059327373 0 0 0 0 0.35355339059327373 0.35355339059327373 -0.35355339059327373 0.35355339059327373
0 0 0 0 -0.35355339059327373 0.35355339059327373 0.35355339059327373 0.35355339059327373 0 0 0 0 0.35355339059327373 -0.35355339059327373 0.35355339059327373 0.35355339059327373
0 0 0 0 -0.35355339059327373 0.35355339059327373 0.35355339059327373 0.35355339059327373 0 0 0 0 0.35355339059327373 -0.35355339059327373 -0.35355339059327373 -0.35355339059327373
0 0 0 0 -0.35355339059327373 0.35355339059327373 0.35355339059327373 0.35355339059327373 0 0 0 0 -0.35355339059327373 0.35355339059327373 0.35355339059327373 0.35355339059327373
0 0 0 0 -0.35355339059327373 0.35355339059327373 0.35355339059327373 0.35355339059327373 0 0 0 0 -0.35355339059327373 0.35355339059327373 -0.35355339059327373 -0.35355339059327373
0 0 0 0 -0.35355339059327373 0.35355339059327373 0.35355339059327373 0.35355339059327373 0 0 0 0 -0.35355339059327373 -0.35355339059327373 0.35355339059327373 -0.35355339059327373
0 0 0 0 -0.35355339059327373 0.35355339059327373 0.35355339059327373 0.35355339059327373 0 0 0 0 -0.35355339059327373 -0.35355339059327373 -0.35355339059327373 0.35355339059327373
0 0 0 0 -0.35355339059327373 0.35355339059327373 0.35355339059327373 -0.35355339059327373 0 0 0 0 0.35355339059327373 0.35355339059327373 0.35355339059327373 0.35355339059327373
0 0 0 0 -0.35355339059327373 0.35355339059327373 0.35355339059327373 -0.35355339059327373 0 0 0 0 0.35355339059327373 0.35355339059327373 -0.35355339059327373 -0.35355339059327373
0 0 0 0 -0.35355339059327373 0.35355339059327373 0.35355339059327373 -0.35355339059327373 0 0 0 0 0.35355339059327373 -0.35355339059327373 0.35355339059327373 -0.35355339059327373
0 0 0 0 -0.35355339059327373 0.35355339059327373 0.35355339059327373 -0.35355339059327373 0 0 0 0 0.35355339059327373 -0.35355339059327373 -0.35355339059327373 0.35355339059327373
0 0 0 0 -0.35355339059327373 0.35355339059327373 0.35355339059327373 -0.35355339059327373 0 0 0 0 -0.35355339059327373 0.35355339059327373 0.35355339059327373 -0.35355339059327373
0 0 0 0 -0.35355339059327373 0.35355339059327373 0.35355339059327373 -0.35355339059327373 0 0 0 0 -0.35355339059327373 0.35355339059327373 -0.35355339059327373 0.35355339059327373
0 0 0 0 -0.35355339059327373 0.35355339059327373 0.35355339059327373 -0.35355339059327373 0 0 0 0 -0.35355339059327373 -0.35355339059327373 0.35355339059327373 0.35355339059327373
0 0 0 0 -0.35355339059327373 0.35355339059327373 0.35355339059327373 -0.35355339059327373 0 0 0 0 -0.35355339059327373 -0.35355339059327373 -0.35355339059327373 -0.35355339059327373
0 0 0 0 -0.35355339059327373 0.35355339059327373 -0.35355339059327373 0.35355339059327373 0 0 0 0 0.35355339059327373 0.35355339059327373 0.35355339059327373 0.35355339059327373
0 0 0 0 -0.35355339059327373 0.35355339059327373 -0.35355339059327373 0.35355339059327373 0 0 0 0 0.35355339059327373 0.35355339059327373 -0.35355339059327373 -0.35355339059327373
0 0 0 0 -0.35355339059327373 0.35355339059327373 -0.35355339059327373 0.35355339059327373 0 0 0 0 0.35355339059327373 -0.35355339059327373 0.35355339059327373 -0.35355339059327373
0 0 0 0 -0.35355339059327373 0.35355339059327373 -0.35355339059327373 0.35355339059327373 0 0 0 0 0.35355339059327373 -0.35355339059327373 -0.35355339059327373 0.35355339059327373
0 0 0 0 -0.35355339059327373 0.35355339059327373 -0.35355339059327373 0.35355339059327373 0 0 0 0 -0.35355339059327373 0.35355339059327373 0.35355339059327373 -0.35355339059327373
0 0 0 0 -0.35355339059327373 0.35355339059327373 -0.35355339059327373 0.35355339059327373 0 0 0 0 -0.35355339059327373 0.35355339059327373 -0.35355339059327373 0.35355339059327373
0 0 0 0 -0.35355339059327373 0.35355339059327373 -0.35355339059327373 0.35355339059327373 0 0 0 0 -0.35355339059327373 -0.35355339059327373 0.35355339059327373 0.35355339059327373
0 0 0 0 -0.35355339059327373 0.35355339059327373 -0.35355339059327373 0.35355339059327373 0 0 0 0 -0.35355339059327373 -0.35355339059327373 -0.35355339059327373 -0.35355339059327373
0 0 0 0 -0.35355339059327373 0.35355339059327373 -0.35355339059327373 -0.35355339059327373 0 0 0 0 0.35355339059327373 0.35355339059327373 0.35355339059327373 -0.35355339059327373
0 0 0 0 -0.35355339059327373 0.35355339059327373 -0.35355339059327373 -0.35355339059327373 0 0 0 0 0.35355339059327373 0.35355339059327373 -0.35355339059327373 0.35355339059327373
0 0 0 0 -0.35355339059327373 0.35355339059327373 -0.35355339059327373 -0.35355339059327373 0 0 0 0 0.35355339059327373 -0.35355339059327373 0.35355339059327373 0.35355339059327373
0 0 0 0 -0.35355339059327373 0.35355339059327373 -0.35355339059327373 -0.35355339059327373 0 0 0 0 0.35355339059327373 -0.35355339059327373 -0.35355339059327373 -0.35355339059327373
0 0 0 0 -0.35355339059327373 0.35355339059327373 -0.35355339059327373 -0.35355339059327373 0 0 0 0 -0.35355339059327373 0.35355339059327373 0.35355339059327373 0.35355339059327373
0 0 0 0 -0.35355339059327373 0.35355339059327373 -0.35355339059327373 -0.35355339059327373 0 0 0 0 -0.35355339059327373 0.35355339059327373 -0.35355339059327373 -0.35355339059327373
0 0 0 0 -0.35355339059327373 0.35355339059327373 -0.35355339059327373 -0.35355339059327373 0 0 0 0 -0.35355339059327373 -0.35355339059327373 0.35355339059327373 -0.35355339059327373
0 0 0 0 -0.35355339059327373 0.35355339059327373 -0.35355339059327373 -0.35355339059327373 0 0 0 0 -0.35355339059327373 -0.35355339059327373 -0.35355339059327373 0.35355339059327373
0 0 0 0 -0.35355339059327373 -0.35355339059327373 0.35355339059327373 0.35355339059327373 0 0 0 0 0.35355339059327373 0.35355339059327373 0.35355339059327373 0.35355339059327373
0 0 0 0 -0.35355339059327373 -0.35355339059327373 0.35355339059327373 0.35355339059327373 0 0 0 0 0.35355339059327373 0.35355339059327373 -0.35355339059327373 -0.35355339059327373
0 0 0 0 -0.35355339059327373 -0.35355339059327373 0.35355339059327373 0.35355339059327373 0 0 0 0 0.35355339059327373 -0.35355339059327373 0.35355339059327373 -0.35355339059327373
0 0 0 0 -0.35355339059327373 -0.35355339059327373 0.35355339059327373 0.35355339059327373 0 0 0 0 0.35355339059327373 -0.35355339059327373 -0.35355339059327373 0.35355339059327373
0 0 0 0 -0.35355339059327373 -0.35355339059327373 0.35355339059327373 0.35355339059327373 0 0 0 0 -0.35355339059327373 0.35355339059327373 0.35355339059327373 -0.35355339059327373
0 0 0 0 -0.35355339059327373 -0.35355339059327373 0.35355339059327373 0.35355339059327373 0 0 0 0 -0.35355339059327373 0.35355339059327373 -0.35355339059327373 0.35355339059327373
0 0 0 0 -0.35355339059327373 -0.35355339059327373 0.35355339059327373 0.35355339059327373 0 0 0 0 -0.35355339059327373 -0.35355339059327373 0.35355339059327373 0.35355339059327373
0 0 0 0 -0.35355339059327373 -0.35355339059327373 0.35355339059327373 0.35355339059327373 0 0 0 0 -0.35355339059327373 -0.35355339059327373 -0.35355339059327373 -0.35355339059327373
0 0 0 0 -0.35355339059327373 -0.35355339059327373 0.35355339059327373 -0.35355339059327373 0 0 0 0 0.35355339059327373 0.35355339059327373 0.35355339059327373 -0.35355339059327373
0 0 0 0 -0.35355339059327373 -0.35355339059327373 0.35355339059327373 -0.35355339059327373 0 0 0 0 0.35355339059327373 0.35355339059327373 -0.35355339059327373 0.35355339059327373
0 0 0 0 -0.35355339059327373 -0.35355339059327373 0.35355339059327373 -0.35355339059327373 0 0 0 0 0.35355339059327373 -0.35355339059327373 0.35355339059327373 0.35355339059327373
0 0 0 0 -0.35355339059327373 -0.35355339059327373 0.35355339059327373 -0.35355339059327373 0 0 0 0 0.35355339059327373 -0.35355339059327373 -0.35355339059327373 -0.35355339059327373
0 0 0 0 -0.35355339059327373 -0.35355339059327373 0.35355339059327373 -0.35355339059327373 0 0 0 0 -0.35355339059327373 0.35355339059327373 0.35355339059327373 0.35355339059327373
0 0 0 0 -0.35355339059327373 -0.35355339059327373 0.35355339059327373 -0.35355339059327373 0 0 0 0 -0.35355339059327373 0.35355339059327373 -0.35355339059327373 -0.35355339059327373
0 0 0 0 -0.35355339059327373 -0.35355339059327373 0.35355339059327373 -0.35355339059327373 0 0 0 0 -0.35355339059327373 -0.35355339059327373 0.35355339059327373 -0.35355339059327373
0 0 0 0 -0.35355339059327373 -0.35355339059327373 0.35355339059327373 -0.35355339059327373 0 0 0 0 -0.35355339059327373 -0.35355339059327373 -0.35355339059327373 0.35355339059327373
0 0 0 0 -0.35355339059327373 -0.35355339059327373 -0.35355339059327373 0.35355339059327373 0 0 0 0 0.35355339059327373 0.35355339059327373 0.35355339059327373 -0.35355339059327373
0 0 0 0 -0.35355339059327373 -0.35355339059327373 -0.35355339059327373 0.35355339059327373 0 0 0 0 0.35355339059327373 0.35355339059327373 -0.35355339059327373 0.35355339059327373
0 0 0 0 -0.35355339059327373 -0.35355339059327373 -0.35355339059327373 0.35355339059327373 0 0 0 0 0.35355339059327373 -0.35355339059327373 0.35355339059327373 0.35355339059327373
0 0 0 0 -0.35355339059327373 -0.35355339059327373 -0.35355339059327373 0.35355339059327373 0 0 0 0 0.35355339059327373 -0.35355339059327373 -0.35355339059327373 -0.35355339059327373
0 0 0 0 -0.35355339059327373 -0.35355339059327373 -0.35355339059327373 0.35355339059327373 0 0 0 0 -0.35355339059327373 0.35355339059327373 0.35355339059327373 0.35355339059327373
0 0 0 0 -0.35355339059327373 -0.35355339059327373 -0.35355339059327373 0.35355339059327373 0 0 0 0 -0.35355339059327373 0.35355339059327373 -0.35355339059327373 -0.35355339059327373
0 0 0 0 -0.35355339059327373 -0.35355339059327373 -0.35355339059327373 0.35355339059327373 0 0 0 0 -0.35355339059327373 -0.35355339059327373 0.35355339059327373 -0.35355339059327373
0 0 0 0 -0.35355339059327373 -0.35355339059327373 -0.35355339059327373 0.35355339059327373 0 0 0 0 -0.35355339059327373 -0.35355339059327373 -0.35355339059327373 0.35355339059327373
0 0 0 0 -0.35355339059327373 -0.35355339059327373 -0.35355339059327373 -0.35355339059327373 0 0 0 0 0.35355339059327373 0.35355339059327373 0.35355339059327373 0.35355339059327373
0 0 0 0 -0.35355339059327373 -0.35355339059327373 -0.35355339059327373 -0.35355339059327373 0 0 0 0 0.35355339059327373 0.35355339059327373 -0.35355339059327373 -0.35355339059327373
0 0 0 0 -0.35355339059327373 -0.35355339059327373 -0.35355339059327373 -0.35355339059327373 0 0 0 0 0.35355339059327373 -0.35355339059327373 0.35355339059327373 -0.35355339059327373
0 0 0 0 -0.35355339059327373 -0.35355339059327373 -0.35355339059327373 -0.35355339059327373 0 0 0 0 0.35355339059327373 -0.35355339059327373 -0.35355339059327373 0.35355339059327373
0 0 0 0 -0.35355339059327373 -0.35355339059327373 -0.35355339059327373 -0.35355339059327373 0 0 0 0 -0.35355339059327373 0.35355339059327373 0.35355339059327373 -0.35355339059327373
0 0 0 0 -0.35355339059327373 -0.35355339059327373 -0.35355339059327373 -0.35355339059327373 0 0 0 0 -0.35355339059327373 0.35355339059327373 -0.35355339059327373 0.35355339059327373
0 0 0 0 -0.35355339059327373 -0.35355339059327373 -0.35355339059327373 -0.35355339059327373 0 0 0 0 -0.35355339059327373 -0.35355339059327373 0.35355339059327373 0.35355339059327373
0 0 0 0 -0.35355339059327373 -0.35355339059327373 -0.35355339059327373 -0.35355339059327373 0 0 0 0 -0.35355339059327373 -0.35355339059327373 -0.35355339059327373 -0.35355339059327373
0.35355339059327373 0.35355339059327373 0.35355339059327373 0.35355339059327373 0 0 0 0 0.35355339059327373 0.35355339059327373 0.35355339059327373 0.35355339059327373 0 0 0 0
0.35355339059327373 0.35355339059327373 0.35355339059327373 0.35355339059327373 0 0 0 0 0.35355339059327373 0.35355339059327373 -0.35355339059327373 -0.35355339059327373 0 0 0 0
0.35355339059327373 0.35355339059327373 0.35355339059327373 0.35355339059327373 0 0 0 0 0.35355339059327373 -0.35355339059327373 0.35355339059327373 -0.35355339059327373 0 0 0 0
0.35355339059327373 0.35355339059327373 0.35355339059327373 0.35355339059327373 0 0 0 0 0.35355339059327373 -0.35355339059327373 -0.35355339059327373 0.35355339059327373 0 0 0 0
0.35355339059327373 0.35355339059327373 0.35355339059327373 0.35355339059327373 0 0 0 0 -0.35355339059327373 0.35355339059327373 0.35355339059327373 -0.35355339059327373 0 0 0 0
0.35355339059327373 0.35355339059327373 0.35355339059327373 0.35355339059327373 0 0 0 0 -0.35355339059327373 0.35355339059327373 -0.35355339059327373 0.35355339059327373 0 0 0 0
0.35355339059327373 0.35355339059327373 0.35355339059327373 0.35355339059327373 0 0 0 0 -0.35355339059327373 -0.35355339059327373 0.35355339059327373 0.35355339059327373 0 0 0 0
0.35355339059327373 0.35355339059327373 0.35355339059327373 0.35355339059327373 0 0 0 0 -0.35355339059327373 -0.35355339059327373 -0.35355339059327373 -0.35355339059327373 0 0 0 0
0.35355339059327373 0.35355339059327373 0.35355339059327373 -0.35355339059327373 0 0 0 0 0.35355339059327373 0.35355339059327373 0.35355339059327373 -0.35355339059327373 0 0 0 0
0.35355339059327373 0.35355339059327373 0.35355339059327373 -0.35355339059327373 0 0 0 0 0.35355339059327373 0.35355339059327373 -0.35355339059327373 0.35355339059327373 0 0 0 0
0.35355339059327373 0.35355339059327373 0.35355339059327373 -0.35355339059327373 0 0 0 0 0.35355339059327373 -0.35355339059327373 0.35355339059327373 0.35355339059327373 0 0 0 0
0.35355339059327373 0.35355339059327373 0.35355339059327373 -0.35355339059327373 0 0 0 0 0.35355339059327373 -0.35355339059327373 -0.35355339059327373 -0.35355339059327373 0 0 0 0
0.35355339059327373 0.35355339059327373 0.35355339059327373 -0.35355339059327373 0 0 0 0 -0.35355339059327373 0.35355339059327373 0.35355339059327373 0.35355339059327373 0 0 0 0
0.35355339059327373 0.35355339059327373 0.35355339059327373 -0.35355339059327373 0 0 0 0 -0.35355339059327373 0.35355339059327373 -0.35355339059327373 -0.35355339059327373 0 0 0 0
0.35355339059327373 0.35355339059327373 0.35355339059327373 -0.35355339059327373 0 0 0 0 -0.35355339059327373 -0.35355339059327373 0.35355339059327373 -0.35355339059327373 0 0 0 0
0.35355339059327373 0.35355339059327373 0.35355339059327373 -0.35355339059327373 0 0 0 0 -0.35355339059327373 -0.35355339059327373 -0.35355339059327373 0.35355339059327373 0 0 0 0
0.35355339059327373 0.35355339059327373 -0.35355339059327373 0.35355339059327373 0 0 0 0 0.35355339059327373 0.35355339059327373 0.35355339059327373 -0.35355339059327373 0 0 0 0
0.35355339059327373 0.35355339059327373 -0.35355339059327373 0.35355339059327373 0 0 0 0 0.35355339059327373 0.35355339059327373 -0.35355339059327373 0.35355339059327373 0 0 0 0
0.35355339059327373 0.35355339059327373 -0.35355339059327373 0.35355339059327373 0 0 0 0 0.35355339059327373 -0.35355339059327373 0.35355339059327373 0.35355339059327373 0 0 0 0
0.35355339059327373 0.35355339059327373 -0.35355339059327373 0.35355339059327373 0 0 0 0 0.35355339059327373 -0.35355339059327373 -0.35355339059327373 -0.35355339059327373 0 0 0 0
0.35355339059327373 0.35355339059327373 -0.35355339059327373 0.35355339059327373 0 0 0 0 -0.35355339059327373 0.35355339059327373 0.35355339059327373 0.35355339059327373 0 0 0 0
0.35355339059327373 0.35355339059327373 -0.35355339059327373 0.35355339059327373 0 0 0 0 -0.35355339059327373 0.35355339059327373 -0.35355339059327373 -0.35355339059327373 0 0 0 0
0.35355339059327373 0.35355339059327373 -0.35355339059327373 0.35355339059327373 0 0 0 0 -0.35355339059327373 -0.35355339059327373 0.35355339059327373 -0.35355339059327373 0 0 0 0
0.35355339059327373 0.35355339059327373 -0.35355339059327373 0.35355339059327373 0 0 0 0 -0.35355339059327373 -0.35355339059327373 -0.35355339059327373 0.35355339059327373 0 0 0 0
0.35355339059327373 0.35355339059327373 -0.35355339059327373 -0.35355339059327373 0 0 0 0 0.35355339059327373 0.35355339059327373 0.35355339059327373 0.35355339059327373 0 0 0 0
0.35355339059327373 0.35355339059327373 -0.35355339059327373 -0.35355339059327373 0 0 0 0 0.35355339059327373 0.35355339059327373 -0.35355339059327373 -0.35355339059327373 0 0 0 0
0.35355339059327373 0.35355339059327373 -0.35355339059327373 -0.35355339059327373 0 0 0 0 0.35355339059327373 -0.35355339059327373 0.35355339059327373 -0.35355339059327373 0 0 0 0
0.35355339059327373 0.35355339059327373 -0.35355339059327373 -0.35355339059327373 0 0 0 0 0.35355339059327373 -0.35355339059327373 -0.35355339059327373 0.35355339059327373 0 0 0 0
0.35355339059327373 0.35355339059327373 -0.35355339059327373 -0.35355339059327373 0 0 0 0 -0.35355339059327373 0.35355339059327373 0.35355339059327373 -0.35355339059327373 0 0 0 0
0.35355339059327373 0.35355339059327373 -0.35355339059327373 -0.35355339059327373 0 0 0 0 -0.35355339059327373 0.35355339059327373 -0.35355339059327373 0.35355339059327373 0 0 0 0
0.35355339059327373 0.35355339059327373 -0.35355339059327373 -0.35355339059327373 0 0 0 0 -0.35355339059327373 -0.35355339059327373 0.35355339059327373 0.35355339059327373 0 0 0 0
0.35355339059327373 0.35355339059327373 -0.35355339059327373 -0.35355339059327373 0 0 0 0 -0.35355339059327373 -0.35355339059327373 -0.35355339059327373 -0.35355339059327373 0 0 0 0
0.35355339059327373 -0.35355339059327373 0.35355339059327373 0.35355339059327373 0 0 0 0 0.35355339059327373 0.35355339059327373 0.35355339059327373 -0.35355339059327373 0 0 0 0
0.35355339059327373 -0.35355339059327373 0.35355339059327373 0.35355339059327373 0 0 0 0 0.35355339059327373 0.35355339059327373 -0.35355339059327373 0.35355339059327373 0 0 0 0
0.35355339059327373 -0.35355339059327373 0.35355339059327373 0.35355339059327373 0 0 0 0 0.35355339059327373 -0.35355339059327373 0.35355339059327373 0.35355339059327373 0 0 0 0
0.35355339059327373 -0.35355339059327373 0.35355339059327373 0.35355339059327373 0 0 0 0 0.35355339059327373 -0.35355339059327373 -0.35355339059327373 -0.35355339059327373 0 0 0 0
0.35355339059327373 -0.35355339059327373 0.35355339059327373 0.35355339059327373 0 0 0 0 -0.35355339059327373 0.35355339059327373 0.35355339059327373 0.35355339059327373 0 0 0 0
0.35355339059327373 -0.35355339059327373 0.35355339059327373 0.35355339059327373 0 0 0 0 -0.35355339059327373 0.35355339059327373 -0.35355339059327373 -0.35355339059327373 0 0 0 0
0.35355339059327373 -0.35355339059327373 0.35355339059327373 0.35355339059327373 0 0 0 0 -0.35355339059327373 -0.35355339059327373 0.35355339059327373 -0.35355339059327373 0 0 0 0
0.35355339059327373 -0.35355339059327373 0.35355339059327373 0.35355339059327373 0 0 0 0 -0.35355339059327373 -0.35355339059327373 -0.35355339059327373 0.35355339059327373 0 0 0 0
0.35355339059327373 -0.35355339059327373 0.35355339059327373 -0.35355339059327373 0 0 0 0 0.35355339059327373 0.35355339059327373 0.35355339059327373 0.35355339059327373 0 0 0 0
0.35355339059327373 -0.35355339059327373 0.35355339059327373 -0.35355339059327373 0 0 0 0 0.35355339059327373 0.35355339059327373 -0.35355339059327373 -0.35355339059327373 0 0 0 0
0.35355339059327373 -0.35355339059327373 0.35355339059327373 -0.35355339059327373 0 0 0 0 0.35355339059327373 -0.35355339059327373 0.35355339059327373 -0.35355339059327373 0 0 0 0
0.35355339059327373 -0.35355339059327373 0.35355339059327373 -0.35355339059327373 0 0 0 0 0.35355339059327373 -0.35355339059327373 -0.35355339059327373 0.35355339059327373 0 0 0 0
0.35355339059327373 -0.35355339059327373 0.35355339059327373 -0.35355339059327373 0 0 0 0 -0.35355339059327373 0.35355339059327373 0.35355339059327373 -0.35355339059327373 0 0 0 0
0.35355339059327373 -0.35355339059327373 0.35355339059327373 -0.35355339059327373 0 0 0 0 -0.35355339059327373 0.35355339059327373 -0.35355339059327373 0.35355339059327373 0 0 0 0
0.35355339059327373 -0.35355339059327373 0.35355339059327373 -0.35355339059327373 0 0 0 0 -0.35355339059327373 -0.35355339059327373 0.35355339059327373 0.35355339059327373 0 0 0 0
0.35355339059327373 -0.35355339059327373 0.35355339059327373 -0.35355339059327373 0 0 0 0 -0.35355339059327373 -0.35355339059327373 -0.35355339059327373 -0.35355339059327373 0 0 0 0
0.35355339059327373 -0.35355339059327373 -0.35355339059327373 0.35355339059327373 0 0 0 0 0.35355339059327373 0.35355339059327373 0.35355339059327373 0.35355339059327373 0 0 0 0
0.35355339059327373 -0.35355339059327373 -0.35355339059327373 0.35355339059327373 0 0 0 0 0.35355339059327373 0.35355339059327373 -0.35355339059327373 -0.35355339059327373 0 0 0 0
0.35355339059327373 -0.35355339059327373 -0.35355339059327373 0.35355339059327373 0 0 0 0 0.35355339059327373 -0.35355339059327373 0.35355339059327373 -0.35355339059327373 0 0 0 0
0.35355339059327373 -0.35355339059327373 -0.35355339059327373 0.35355339059327373 0 0 0 0 0.35355339059327373 -0.35355339059327373 -0.35355339059327373 0.35355339059327373 0 0 0 0
0.35355339059327373 -0.35355339059327373 -0.35355339059327373 0.35355339059327373 0 0 0 0 -0.35355339059327373 0.35355339059327373 0.35355339059327373 -0.35355339059327373 0 0 0 0
0.35355339059327373 -0.35355339059327373 -0.35355339059327373 0.35355339059327373 0 0 0 0 -0.35355339059327373 0.35355339059327373 -0.35355339059327373 0.35355339059327373 0 0 0 0
0.35355339059327373 -0.35355339059327373 -0.35355339059327373 0.35355339059327373 0 0 0 0 -0.35355339059327373 -0.35355339059327373 0.35355339059327373 0.35355339059327373 0 0 0 0
0.35355339059327373 -0.35355339059327373 -0.35355339059327373 0.35355339059327373 0 0 0 0 -0.35355339059327373 -0.35355339059327373 -0.35355339059327373 -0.35355339059327373 0 0 0 0
0.35355339059327373 -0.35355339059327373 -0.35355339059327373 -0.35355339059327373 0 0 0 0 0.35355339059327373 0.35355339059327373 0.35355339059327373 -0.35355339059327373 0 0 0 0
0.35355339059327373 -0.35355339059327373 -0.35355339059327373 -0.35355339059327373 0 0 0 0 0.35355339059327373 0.35355339059327373 -0.35355339059327373 0.35355339059327373 0 0 0 0
0.35355339059327373 -0.35355339059327373 -0.35355339059327373 -0.35355339059327373 0 0 0 0 0.35355339059327373 -0.35355339059327373 0.35355339059327373 0.35355339059327373 0 0 0 0
0.35355339059327373 -0.35355339059327373 -0.35355339059327373 -0.35355339059327373 0 0 0 0 0.35355339059327373 -0.35355339059327373 -0.35355339059327373 -0.35355339059327373 0 0 0 0
0.35355339059327373 -0.35355339059327373 -0.35355339059327373 -0.35355339059327373 0 0 0 0 -0.35355339059327373 0.35355339059327373 0.35355339059327373 0.35355339059327373 0 0 0 0
0.35355339059327373 -0.35355339059327373 -0.35355339059327373 -0.35355339059327373 0 0 0 0 -0.35355339059327373 0.35355339059327373 -0.35355339059327373 -0.35355339059327373 0 0 0 0
0.35355339059327373 -0.35355339059327373 -0.35355339059327373 -0.35355339059327373 0 0 0 0 -0.35355339059327373 -0.35355339059327373 0.35355339059327373 -0.35355339059327373 0 0 0 0
0.35355339059327373 -0.35355339059327373 -0.35355339059327373 -0.35355339059327373 0 0 0 0 -0.35355339059327373 -0.35355339059327373 -0.35355339059327373 0.35355339059327373 0 0 0 0
-0.35355339059327373 0.35355339059327373 0.35355339059327373 0.35355339059327373 0 0 0 0 0.35355339059327373 0.35355339059327373 0.35355339059327373 -0.35355339059327373 0 0 0 0
-0.35355339059327373 0.35355339059327373 0.35355339059327373 0.35355339059327373 0 0 0 0 0.35355339059327373 0.35355339059327373 -0.35355339059327373 0.35355339059327373 0 0 0 0
-0.35355339059327373 0.35355339059327373 0.35355339059327373 0.35355339059327373 0 0 0 0 0.35355339059327373 -0.35355339059327373 0.35355339059327373 0.35355339059327373 0 0 0 0
-0.35355339059327373 0.35355339059327373 0.35355339059327373 0.35355339059327373 0 0 0 0 0.35355339059327373 -0.35355339059327373 -0.35355339059327373 -0.35355339059327373 0 0 0 0
-0.35355339059327373 0.35355339059327373 0.35355339059327373 0.35355339059327373 0 0 0 0 -0.35355339059327373 0.35355339059327373 0.35355339059327373 0.35355339059327373 0 0 0 0
-0.35355339059327373 0.35355339059327373 0.35355339059327373 0.35355339059327373 0 0 0 0 -0.35355339059327373 0.35355339059327373 -0.35355339059327373 -0.35355339059327373 0 0 0 0
-0.35355339059327373 0.35355339059327373 0.35355339059327373 0.35355339059327373 0 0 0 0 -0.35355339059327373 -0.35355339059327373 0.35355339059327373 -0.35355339059327373 0 0 0 0
-0.35355339059327373 0.35355339059327373 0.35355339059327373 0.35355339059327373 0 0 0 0 -0.35355339059327373 -0.35355339059327373 -0.35355339059327373 0.35355339059327373 0 0 0 0
-0.35355339059327373 0.35355339059327373 0.35355339059327373 -0.35355339059327373 0 0 0 0 0.35355339059327373 0.35355339059327373 0.35355339059327373 0.35355339059327373 0 0 0 0
-0.35355339059327373 0.35355339059327373 0.35355339059327373 -0.35355339059327373 0 0 0 0 0.35355339059327373 0.35355339059327373 -0.35355339059327373 -0.35355339059327373 0 0 0 0
-0.35355339059327373 0.35355339059327373 0.35355339059327373 -0.35355339059327373 0 0 0 0 0.35355339059327373 -0.35355339059327373 0.35355339059327373 -0.35355339059327373 0 0 0 0
-0.35355339059327373 0.35355339059327373 0.35355339059327373 -0.35355339059327373 0 0 0 0 0.35355339059327373 -0.35355339059327373 -0.35355339059327373 0.35355339059327373 0 0 0 0
-0.35355339059327373 0.35355339059327373 0.35355339059327373 -0.35355339059327373 0 0 0 0 -0.35355339059327373 0.35355339059327373 0.35355339059327373 -0.35355339059327373 0 0 0 0
-0.35355339059327373 0.35355339059327373 0.35355339059327373 -0.35355339059327373 0 0 0 0 -0.35355339059327373 0.35355339059327373 -0.35355339059327373 0.35355339059327373 0 0 0 0
-0.35355339059327373 0.35355339059327373 0.35355339059327373 -0.35355339059327373 0 0 0 0 -0.35355339059327373 -0.35355339059327373 0.35355339059327373 0.35355339059327373 0 0 0 0
-0.35355339059327373 0.35355339059327373 0.35355339059327373 -0.35355339059327373 0 0 0 0 -0.35355339059327373 -0.35355339059327373 -0.35355339059327373 -0.35355339059327373 0 0 0 0
-0.35355339059327373 0.35355339059327373 -0.35355339059327373 0.35355339059327373 0 0 0 0 0.35355339059327373 0.35355339059327373 0.35355339059327373 0.35355339059327373 0 0 0 0
-0.35355339059327373 0.35355339059327373 -0.35355339059327373 0.35355339059327373 0 0 0 0 0.35355339059327373 0.35355339059327373 -0.35355339059327373 -0.35355339059327373 0 0 0 0
-0.35355339059327373 0.35355339059327373 -0.35355339059327373 0.35355339059327373 0 0 0 0 0.35355339059327373 -0.35355339059327373 0.35355339059327373 -0.35355339059327373 0 0 0 0
-0.35355339059327373 0.35355339059327373 -0.35355339059327373 0.35355339059327373 0 0 0 0 0.35355339059327373 -0.35355339059327373 -0.35355339059327373 0.35355339059327373 0 0 0 0
-0.35355339059327373 0.35355339059327373 -0.35355339059327373 0.35355339059327373 0 0 0 0 -0.35355339059327373 0.35355339059327373 0.35355339059327373 -0.35355339059327373 0 0 0 0
-0.35355339059327373 0.35355339059327373 -0.35355339059327373 0.35355339059327373 0 0 0 0 -0.35355339059327373 0.35355339059327373 -0.35355339059327373 0.35355339059327373 0 0 0 0
-0.35355339059327373 0.35355339059327373 -0.35355339059327373 0.35355339059327373 0 0 0 0 -0.35355339059327373 -0.35355339059327373 0.35355339059327373 0.35355339059327373 0 0 0 0
-0.35355339059327373 0.35355339059327373 -0.35355339059327373 0.35355339059327373 0 0 0 0 -0.35355339059327373 -0.35355339059327373 -0.35355339059327373 -0.35355339059327373 0 0 0 0
-0.35355339059327373 0.35355339059327373 -0.35355339059327373 -0.35355339059327373 0 0 0 0 0.35355339059327373 0.35355339059327373 0.35355339059327373 -0.35355339059327373 0 0 0 0
-0.35355339059327373 0.35355339059327373 -0.35355339059327373 -0.35355339059327373 0 0 0 0 0.35355339059327373 0.35355339059327373 -0.35355339059327373 0.35355339059327373 0 0 0 0
-0.35355339059327373 0.35355339059327373 -0.35355339059327373 -0.35355339059327373 0 0 0 0 0.35355339059327373 -0.35355339059327373 0.35355339059327373 0.35355339059327373 0 0 0 0
-0.35355339059327373 0.35355339059327373 -0.35355339059327373 -0.35355339059327373 0 0 0 0 0.35355339059327373 -0.35355339059327373 -0.35355339059327373 -0.35355339059327373 0 0 0 0
-0.35355339059327373 0.35355339059327373 -0.35355339059327373 -0.35355339059327373 0 0 0 0 -0.35355339059327373 0.35355339059327373 0.35355339059327373 0.35355339059327373 0 0 0 0
-0.35355339059327373 0.35355339059327373 -0.35355339059327373 -0.35355339059327373 0 0 0 0 -0.35355339059327373 0.35355339059327373 -0.35355339059327373 -0.35355339059327373 0 0 0 0
-0.35355339059327373 0.35355339059327373 -0.35355339059327373 -0.35355339059327373 0 0 0 0 -0.35355339059327373 -0.35355339059327373 0.35355339059327373 -0.35355339059327373 0 0 0 0
-0.35355339059327373 0.35355339059327373 -0.35355339059327373 -0.35355339059327373 0 0 0 0 -0.35355339059327373 -0.35355339059327373 -0.35355339059327373 0.35355339059327373 0 0 0 0
-0.35355339059327373 -0.35355339059327373 0.35355339059327373 0.35355339059327373 0 0 0 0 0.35355339059327373 0.35355339059327373 0.35355339059327373 0.35355339059327373 0 0 0 0
-0.35355339059327373 -0.35355339059327373 0.35355339059327373 0.35355339059327373 0 0 0 0 0.35355339059327373 0.35355339059327373 -0.35355339059327373 -0.35355339059327373 0 0 0 0
-0.35355339059327373 -0.35355339059327373 0.35355339059327373 0.35355339059327373 0 0 0 0 0.35355339059327373 -0.35355339059327373 0.35355339059327373 -0.35355339059327373 0 0 0 0
-0.35355339059327373 -0.35355339059327373 0.35355339059327373 0.35355339059327373 0 0 0 0 0.35355339059327373 -0.35355339059327373 -0.35355339059327373 0.35355339059327373 0 0 0 0
-0.35355339059327373 -0.35355339059327373 0.35355339059327373 0.35355339059327373 0 0 0 0 -0.35355339059327373 0.35355339059327373 0.35355339059327373 -0.35355339059327373 0 0 0 0
-0.35355339059327373 -0.35355339059327373 0.35355339059327373 0.35355339059327373 0 0 0 0 -0.35355339059327373 0.35355339059327373 -0.35355339059327373 0.35355339059327373 0 0 0 0
-0.35355339059327373 -0.35355339059327373 0.35355339059327373 0.35355339059327373 0 0 0 0 -0.35355339059327373 -0.35355339059327373 0.35355339059327373 0.35355339059327373 0 0 0 0
-0.35355339059327373 -0.35355339059327373 0.35355339059327373 0.35355339059327373 0 0 0 0 -0.35355339059327373 -0.35355339059327373 -0.35355339059327373 -0.35355339059327373 0 0 0 0
-0.35355339059327373 -0.35355339059327373 0.35355339059327373 -0.35355339059327373 0 0 0 0 0.35355339059327373 0.35355339059327373 0.35355339059327373 -0.35355339059327373 0 0 0 0
-0.35355339059327373 -0.35355339059327373 0.35355339059327373 -0.35355339059327373 0 0 0 0 0.35355339059327373 0.35355339059327373 -0.35355339059327373 0.35355339059327373 0 0 0 0
-0.35355339059327373 -0.35355339059327373 0.35355339059327373 -0.35355339059327373 0 0 0 0 0.35355339059327373 -0.35355339059327373 0.35355339059327373 0.35355339059327373 0 0 0 0
-0.35355339059327373 -0.35355339059327373 0.35355339059327373 -0.35355339059327373 0 0 0 0 0.35355339059327373 -0.35355339059327373 -0.35355339059327373 -0.35355339059327373 0 0 0 0
-0.35355339059327373 -0.35355339059327373 0.35355339059327373 -0.35355339059327373 0 0 0 0 -0.35355339059327373 0.35355339059327373 0.35355339059327373 0.35355339059327373 0 0 0 0
-0.35355339059327373 -0.35355339059327373 0.35355339059327373 -0.35355339059327373 0 0 0 0 -0.35355339059327373 0.35355339059327373 -0.35355339059327373 -0.35355339059327373 0 0 0 0
-0.35355339059327373 -0.35355339059327373 0.35355339059327373 -0.35355339059327373 0 0 0 0 -0.35355339059327373 -0.35355339059327373 0.35355339059327373 -0.35355339059327373 0 0 0 0
-0.35355339059327373 -0.35355339059327373 0.35355339059327373 -0.35355339059327373 0 0 0 0 -0.35355339059327373 -0.35355339059327373 -0.35355339059327373 0.35355339059327373 0 0 0 0
-0.35355339059327373 -0.35355339059327373 -0.35355339059327373 0.35355339059327373 0 0 0 0 0.35355339059327373 0.35355339059327373 0.35355339059327373 -0.35355339059327373 0 0 0 0
-0.35355339059327373 -0.35355339059327373 -0.35355339059327373 0.35355339059327373 0 0 0 0 0.35355339059327373 0.35355339059327373 -0.35355339059327373 0.35355339059327373 0 0 0 0
-0.35355339059327373 -0.35355339059327373 -0.35355339059327373 0.35355339059327373 0 0 0 0 0.35355339059327373 -0.35355339059327373 0.35355339059327373 0.35355339059327373 0 0 0 0
-0.35355339059327373 -0.35355339059327373 -0.35355339059327373 0.35355339059327373 0 0 0 0 0.35355339059327373 -0.35355339059327373 -0.35355339059327373 -0.35355339059327373 0 0 0 0
-0.35355339059327373 -0.35355339059327373 -0.35355339059327373 0.35355339059327373 0 0 0 0 -0.35355339059327373 0.35355339059327373 0.35355339059327373 0.35355339059327373 0 0 0 0
-0.35355339059327373 -0.35355339059327373 -0.35355339059327373 0.35355339059327373 0 0 0 0 -0.35355339059327373 0.35355339059327373 -0.35355339059327373 -0.35355339059327373 0 0 0 0
-0.35355339059327373 -0.35355339059327373 -0.35355339059327373 0.35355339059327373 0 0 0 0 -0.35355339059327373 -0.35355339059327373 0.35355339059327373 -0.35355339059327373 0 0 0 0
-0.35355339059327373 -0.35355339059327373 -0.35355339059327373 0.35355339059327373 0 0 0 0 -0.35355339059327373 -0.35355339059327373 -0.35355339059327373 0.35355339059327373 0 0 0 0
-0.35355339059327373 -0.35355339059327373 -0.35355339059327373 -0.35355339059327373 0 0 0 0 0.35355339059327373 0.35355339059327373 0.35355339059327373 0.35355339059327373 0 0 0 0
-0.35355339059327373 -0.35355339059327373 -0.35355339059327373 -0.35355339059327373 0 0 0 0 0.35355339059327373 0.35355339059327373 -0.35355339059327373 -0.35355339059327373 0 0 0 0
-0.35355339059327373 -0.35355339059327373 -0.35355339059327373 -0.35355339059327373 0 0 0 0 0.35355339059327373 -0.35355339059327373 0.35355339059327373 -0.35355339059327373 0 0 0 0
-0.35355339059327373 -0.35355339059327373 -0.35355339059327373 -0.35355339059327373 0 0 0 0 0.35355339059327373 -0.35355339059327373 -0.35355339059327373 0.35355339059327373 0 0 0 0
-0.35355339059327373 -0.35355339059327373 -0.35355339059327373 -0.35355339059327373 0 0 0 0 -0.35355339059327373 0.35355339059327373 0.35355339059327373 -0.35355339059327373 0 0 0 0
-0.35355339059327373 -0.35355339059327373 -0.35355339059327373 -0.35355339059327373 0 0 0 0 -0.35355339059327373 0.35355339059327373 -0.35355339059327373 0.35355339059327373 0 0 0 0
-0.35355339059327373 -0.35355339059327373 -0.35355339059327373 -0.35355339059327373 0 0 0 0 -0.35355339059327373 -0.35355339059327373 0.35355339059327373 0.35355339059327373 0 0 0 0
-0.35355339059327373 -0.35355339059327373 -0.35355339059327373 -0.35355339059327373 0 0 0 0 -0.35355339059327373 -0.35355339059327373 -0.35355339059327373 -0.35355339059327373 0 0 0 0
0 0.35355339059327373 0 0.35355339059327373 0.35355339059327373 0 0.35355339059327373 0 0 0.35355339059327373 0 0.35355339059327373 0.35355339059327373 0 0.35355339059327373 0
0 0.35355339059327373 0 0.35355339059327373 0.35355339059327373 0 0.35355339059327373 0 0 0.35355339059327373 0 0.35355339059327373 -0.35355339059327373 0 -0.35355339059327373 0
0 0.35355339059327373 0 0.35355339059327373 0.35355339059327373 0 0.35355339059327373 0 0 0.35355339059327373 0 -0.35355339059327373 0.35355339059327373 0 -0.35355339059327373 0
0 0.35355339059327373 0 0.35355339059327373 0.35355339059327373 0 0.35355339059327373 0 0 0.35355339059327373 0 -0.35355339059327373 -0.35355339059327373 0 0.35355339059327373 0
0 0.35355339059327373 0 0.35355339059327373 0.35355339059327373 0 0.35355339059327373 0 0 -0.35355339059327373 0 0.35355339059327373 0.35355339059327373 0 -0.35355339059327373 0
0 0.35355339059327373 0 0.35355339059327373 0.35355339059327373 0 0.35355339059327373 0 0 -0.35355339059327373 0 0.35355339059327373 -0.35355339059327373 0 0.35355339059327373 0
0 0.35355339059327373 0 0.35355339059327373 0.35355339059327373 0 0.35355339059327373 0 0 -0.35355339059327373 0 -0.35355339059327373 0.35355339059327373 0 0.35355339059327373 0
0 0.35355339059327373 0 0.35355339059327373 0.35355339059327373 0 0.35355339059327373 0 0 -0.35355339059327373 0 -0.35355339059327373 -0.35355339059327373 0 -0.35355339059327373 0
0 0.35355339059327373 0 0.35355339059327373 0.35355339059327373 0 -0.35355339059327373 0 0 0.35355339059327373 0 0.35355339059327373 0.35355339059327373 0 -0.35355339059327373 0
0 0.35355339059327373 0 0.35355339059327373 0.35355339059327373 0 -0.35355339059327373 0 0 0.35355339059327373 0 0.35355339059327373 -0.35355339059327373 0 0.35355339059327373 0
0 0.35355339059327373 0 0.35355339059327373 0.35355339059327373 0 -0.35355339059327373 0 0 0.35355339059327373 0 -0.35355339059327373 0.35355339059327373 0 0.35355339059327373 0
0 0.35355339059327373 0 0.35355339059327373 0.35355339059327373 0 -0.35355339059327373 0 0 0.35355339059327373 0 -0.35355339059327373 -0.35355339059327373 0 -0.35355339059327373 0
0 0.35355339059327373 0 0.35355339059327373 0.35355339059327373 0 -0.35355339059327373 0 0 -0.35355339059327373 0 0.35355339059327373 0.35355339059327373 0 0.35355339059327373 0
0 0.35355339059327373 0 0.35355339059327373 0.35355339059327373 0 -0.35355339059327373 0 0 -0.35355339059327373 0 0.35355339059327373 -0.35355339059327373 0 -0.35355339059327373 0
0 0.35355339059327373 0 0.35355339059327373 0.35355339059327373 0 -0.35355339059327373 0 0 -0.35355339059327373 0 -0.35355339059327373 0.35355339059327373 0 -0.35355339059327373 0
0 0.35355339059327373 0 0.35355339059327373 0.35355339059327373 0 -0.35355339059327373 0 0 -0.35355339059327373 0 -0.35355339059327373 -0.35355339059327373 0 0.35355339059327373 0
0 0.35355339059327373 0 0.35355339059327373 -0.35355339059327373 0 0.35355339059327373 0 0 0.35355339059327373 0 0.35355339059327373 0.35355339059327373 0 -0.35355339059327373 0
0 0.35355339059327373 0 0.35355339059327373 -0.35355339059327373 0 0.35355339059327373 0 0 0.35355339059327373 0 0.35355339059327373 -0.35355339059327373 0 0.35355339059327373 0
0 0.35355339059327373 0 0.35355339059327373 -0.35355339059327373 0 0.35355339059327373 0 0 0.35355339059327373 0 -0.35355339059327373 0.35355339059327373 0 0.35355339059327373 0
0 0.35355339059327373 0 0.35355339059327373 -0.35355339059327373 0 0.35355339059327373 0 0 0.35355339059327373 0 -0.35355339059327373 -0.35355339059327373 0 -0.35355339059327373 0
0 0.35355339059327373 0 0.35355339059327373 -0.35355339059327373 0 0.35355339059327373 0 0 -0.35355339059327373 0 0.35355339059327373 0.35355339059327373 0 0.35355339059327373 0
0 0.35355339059327373 0 0.35355339059327373 -0.35355339059327373 0 0.35355339059327373 0 0 -0.35355339059327373 0 0.35355339059327373 -0.35355339059327373 0 -0.35355339059327373 0
0 0.35355339059327373 0 0.35355339059327373 -0.35355339059327373 0 0.35355339059327373 0 0 -0.35355339059327373 0 -0.35355339059327373 0.35355339059327373 0 -0.35355339059327373 0
0 0.35355339059327373 0 0.35355339059327373 -0.35355339059327373 0 0.35355339059327373 0 0 -0.35355339059327373 0 -0.35355339059327373 -0.35355339059327373 0 0.35355339059327373 0
0 0.35355339059327373 0 0.35355339059327373 -0.35355339059327373 0 -0.35355339059327373 0 0 0.35355339059327373 0 0.35355339059327373 0.35355339059327373 0 0.35355339059327373 0
0 0.35355339059327373 0 0.35355339059327373 -0.35355339059327373 0 -0.35355339059327373 0 0 0.35355339059327373 0 0.35355339059327373 -0.35355339059327373 0 -0.35355339059327373 0
0 0.35355339059327373 0 0.35355339059327373 -0.35355339059327373 0 -0.35355339059327373 0 0 0.35355339059327373 0 -0.35355339059327373 0.35355339059327373 0 -0.35355339059327373 0
0 0.35355339059327373 0 0.35355339059327373 -0.35355339059327373 0 -0.35355339059327373 0 0 0.35355339059327373 0 -0.35355339059327373 -0.35355339059327373 0 0.35355339059327373 0
0 0.35355339059327373 0 0.35355339059327373 -0.35355339059327373 0 -0.35355339059327373 0 0 -0.35355339059327373 0 0.35355339059327373 0.35355339059327373 0 -0.35355339059327373 0
0 0.35355339059327373 0 0.35355339059327373 -0.35355339059327373 0 -0.35355339059327373 0 0 -0.35355339059327373 0 0.35355339059327373 -0.35355339059327373 0 0.35355339059327373 0
0 0.35355339059327373 0 0.35355339059327373 -0.35355339059327373 0 -0.35355339059327373 0 0 -0.35355339059327373 0 -0.35355339059327373 0.35355339059327373 0 0.35355339059327373 0
0 0.35355339059327373 0 0.35355339059327373 -0.35355339059327373 0 -0.35355339059327373 0 0 -0.35355339059327373 0 -0.35355339059327373 -0.35355339059327373 0 -0.35355339059327373 0
0 0.35355339059327373 0 -0.35355339059327373 0.35355339059327373 0 0.35355339059327373 0 0 0.35355339059327373 0 0.35355339059327373 0.35355339059327373 0 -0.35355339059327373 0
0 0.35355339059327373 0 -0.35355339059327373 0.35355339059327373 0 0.35355339059327373 0 0 0.35355339059327373 0 0.35355339059327373 -0.35355339059327373 0 0.35355339059327373 0
0 0.35355339059327373 0 -0.35355339059327373 0.35355339059327373 0 0.35355339059327373 0 0 0.35355339059327373 0 -0.35355339059327373 0.35355339059327373 0 0.35355339059327373 0
0 0.35355339059327373 0 -0.35355339059327373 0.35355339059327373 0 0.35355339059327373 0 0 0.35355339059327373 0 -0.35355339059327373 -0.35355339059327373 0 -0.35355339059327373 0
0 0.35355339059327373 0 -0.35355339059327373 0.35355339059327373 0 0.35355339059327373 0 0 -0.35355339059327373 0 0.35355339059327373 0.35355339059327373 0 0.35355339059327373 0
0 0.35355339059327373 0 -0.35355339059327373 0.35355339059327373 0 0.35355339059327373 0 0 -0.35355339059327373 0 0.35355339059327373 -0.35355339059327373 0 -0.35355339059327373 0
0 0.35355339059327373 0 -0.35355339059327373 0.35355339059327373 0 0.35355339059327373 0 0 -0.35355339059327373 0 -0.35355339059327373 0.35355339059327373 0 -0.35355339059327373 0
0 0.35355339059327373 0 -0.35355339059327373 0.35355339059327373 0 0.35355339059327373 0 0 -0.35355339059327373 0 -0.35355339059327373 -0.35355339059327373 0 0.35355339059327373 0
0 0.35355339059327373 0 -0.35355339059327373 0.35355339059327373 0 -0.35355339059327373 0 0 0.35355339059327373 0 0.35355339059327373 0.35355339059327373 0 0.35355339059327373 0
0 0.35355339059327373 0 -0.35355339059327373 0.35355339059327373 0 -0.35355339059327373 0 0 0.35355339059327373 0 0.35355339059327373 -0.35355339059327373 0 -0.35355339059327373 0
0 0.35355339059327373 0 -0.35355339059327373 0.35355339059327373 0 -0.35355339059327373 0 0 0.35355339059327373 0 -0.35355339059327373 0.35355339059327373 0 -0.35355339059327373 0
0 0.35355339059327373 0 -0.35355339059327373 0.35355339059327373 0 -0.35355339059327373 0 0 0.35355339059327373 0 -0.35355339059327373 -0.35355339059327373 0 0.35355339059327373 0
0 0.35355339059327373 0 -0.35355339059327373 0.35355339059327373 0 -0.35355339059327373 0 0 -0.35355339059327373 0 0.35355339059327373 0.35355339059327373 0 -0.35355339059327373 0
0 0.35355339059327373 0 -0.35355339059327373 0.35355339059327373 0 -0.35355339059327373 0 0 -0.35355339059327373 0 0.35355339059327373 -0.35355339059327373 0 0.35355339059327373 0
0 0.35355339059327373 0 -0.35355339059327373 0.35355339059327373 0 -0.35355339059327373 0 0 -0.35355339059327373 0 -0.35355339059327373 0.35355339059327373 0 0.35355339059327373 0
0 0.35355339059327373 0 -0.35355339059327373 0.35355339059327373 0 -0.35355339059327373 0 0 -0.35355339059327373 0 -0.35355339059327373 -0.35355339059327373 0 -0.35355339059327373 0
0 0.35355339059327373 0 -0.35355339059327373 -0.35355339059327373 0 0.35355339059327373 0 0 0.35355339059327373 0 0.35355339059327373 0.35355339059327373 0 0.35355339059327373 0
0 0.35355339059327373 0 -0.35355339059327373 -0.35355339059327373 0 0.35355339059327373 0 0 0.35355339059327373 0 0.35355339059327373 -0.35355339059327373 0 -0.35355339059327373 0
0 0.35355339059327373 0 -0.35355339059327373 -0.35355339059327373 0 0.35355339059327373 0 0 0.35355339059327373 0 -0.35355339059327373 0.35355339059327373 0 -0.35355339059327373 0
0 0.35355339059327373 0 -0.35355339059327373 -0.35355339059327373 0 0.35355339059327373 0 0 0.35355339059327373 0 -0.35355339059327373 -0.35355339059327373 0 0.35355339059327373 0
0 0.35355339059327373 0 -0.35355339059327373 -0.35355339059327373 0 0.35355339059327373 0 0 -0.35355339059327373 0 0.35355339059327373 0.35355339059327373 0 -0.35355339059327373 0
0 0.35355339059327373 0 -0.35355339059327373 -0.35355339059327373 0 0.35355339059327373 0 0 -0.35355339059327373 0 0.35355339059327373 -0.35355339059327373 0 0.35355339059327373 0
0 0.35355339059327373 0 -0.35355339059327373 -0.35355339059327373 0 0.35355339059327373 0 0 -0.35355339059327373 0 -0.35355339059327373 0.35355339059327373 0 0.35355339059327373 0
0 0.35355339059327373 0 -0.35355339059327373 -0.35355339059327373 0 0.35355339059327373 0 0 -0.35355339059327373 0 -0.35355339059327373 -0.35355339059327373 0 -0.35355339059327373 0
0 0.35355339059327373 0 -0.35355339059327373 -0.35355339059327373 0 -0.35355339059327373 0 0 0.35355339059327373 0 0.35355339059327373 0.35355339059327373 0 -0.35355339059327373 0
0 0.35355339059327373 0 -0.35355339059327373 -0.35355339059327373 0 -0.35355339059327373 0 0 0.35355339059327373 0 0.35355339059327373 -0.35355339059327373 0 0.35355339059327373 0
0 0.35355339059327373 0 -0.35355339059327373 -0.35355339059327373 0 -0.35355339059327373 0 0 0.35355339059327373 0 -0.35355339059327373 0.35355339059327373 0 0.35355339059327373 0
0 0.35355339059327373 0 -0.35355339059327373 -0.35355339059327373 0 -0.35355339059327373 0 0 0.35355339059327373 0 -0.35355339059327373 -0.35355339059327373 0 -0.35355339059327373 0
0 0.35355339059327373 0 -0.35355339059327373 -0.35355339059327373 0 -0.35355339059327373 0 0 -0.35355339059327373 0 0.35355339059327373 0.35355339059327373 0 0.35355339059327373 0
0 0.35355339059327373 0 -0.35355339059327373 -0.35355339059327373 0 -0.35355339059327373 0 0 -0.35355339059327373 0 0.35355339059327373 -0.35355339059327373 0 -0.35355339059327373 0
0 0.35355339059327373 0 -0.35355339059327373 -0.35355339059327373 0 -0.35355339059327373 0 0 -0.35355339059327373 0 -0.35355339059327373 0.35355339059327373 0 -0.35355339059327373 0
0 0.35355339059327373 0 -0.35355339059327373 -0.35355339059327373 0 -0.35355339059327373 0 0 -0.35355339059327373 0 -0.35355339059327373 -0.35355339059327373 0 0.35355339059327373 0
0 -0.35355339059327373 0 0.35355339059327373 0.35355339059327373 0 0.35355339059327373 0 0 0.35355339059327373 0 0.35355339059327373 0.35355339059327373 0 -0.35355339059327373 0
0 -0.35355339059327373 0 0.35355339059327373 0.35355339059327373 0 0.35355339059327373 0 0 0.35355339059327373 0 0.35355339059327373 -0.35355339059327373 0 0.35355339059327373 0
0 -0.35355339059327373 0 0.35355339059327373 0.35355339059327373 0 0.35355339059327373 0 0 0.35355339059327373 0 -0.35355339059327373 0.35355339059327373 0 0.35355339059327373 0
0 -0.35355339059327373 0 0.35355339059327373 0.35355339059327373 0 0.35355339059327373 0 0 0.35355339059327373 0 -0.35355339059327373 -0.35355339059327373 0 -0.35355339059327373 0
0 -0.35355339059327373 0 0.35355339059327373 0.35355339059327373 0 0.35355339059327373 0 0 -0.35355339059327373 0 0.35355339059327373 0.35355339059327373 0 0.35355339059327373 0
0 -0.35355339059327373 0 0.35355339059327373 0.35355339059327373 0 0.35355339059327373 0 0 -0.35355339059327373 0 0.35355339059327373 -0.35355339059327373 0 -0.35355339059327373 0
0 -0.35355339059327373 0 0.35355339059327373 0.35355339059327373 0 0.35355339059327373 0 0 -0.35355339059327373 0 -0.35355339059327373 0.35355339059327373 0 -0.35355339059327373 0
0 -0.35355339059327373 0 0.35355339059327373 0.35355339059327373 0 0.35355339059327373 0 0 -0.35355339059327373 0 -0.35355339059327373 -0.35355339059327373 0 0.35355339059327373 0
0 -0.35355339059327373 0 0.35355339059327373 0.35355339059327373 0 -0.35355339059327373 0 0 0.35355339059327373 0 0.35355339059327373 0.35355339059327373 0 0.35355339059327373 0
0 -0.35355339059327373 0 0.35355339059327373 0.35355339059327373 0 -0.35355339059327373 0 0 0.35355339059327373 0 0.35355339059327373 -0.35355339059327373 0 -0.35355339059327373 0
0 -0.35355339059327373 0 0.35355339059327373 0.35355339059327373 0 -0.35355339059327373 0 0 0.35355339059327373 0 -0.35355339059327373 0.35355339059327373 0 -0.35355339059327373 0
0 -0.35355339059327373 0 0.35355339059327373 0.35355339059327373 0 -0.35355339059327373 0 0 0.35355339059327373 0 -0.35355339059327373 -0.35355339059327373 0 0.35355339059327373 0
0 -0.35355339059327373 0 0.35355339059327373 0.35355339059327373 0 -0.35355339059327373 0 0 -0.35355339059327373 0 0.35355339059327373 0.35355339059327373 0 -0.35355339059327373 0
0 -0.35355339059327373 0 0.35355339059327373 0.35355339059327373 0 -0.35355339059327373 0 0 -0.35355339059327373 0 0.35355339059327373 -0.35355339059327373 0 0.35355339059327373 0
0 -0.35355339059327373 0 0.35355339059327373 0.35355339059327373 0 -0.35355339059327373 0 0 -0.35355339059327373 0 -0.35355339059327373 0.35355339059327373 0 0.35355339059327373 0
0 -0.35355339059327373 0 0.35355339059327373 0.35355339059327373 0 -0.35355339059327373 0 0 -0.35355339059327373 0 -0.35355339059327373 -0.35355339059327373 0 -0.35355339059327373 0
0 -0.35355339059327373 0 0.35355339059327373 -0.35355339059327373 0 0.35355339059327373 0 0 0.35355339059327373 0 0.35355339059327373 0.35355339059327373 0 0.35355339059327373 0
0 -0.35355339059327373 0 0.35355339059327373 -0.35355339059327373 0 0.35355339059327373 0 0 0.35355339059327373 0 0.35355339059327373 -0.35355339059327373 0 -0.35355339059327373 0
0 -0.35355339059327373 0 0.35355339059327373 -0.35355339059327373 0 0.35355339059327373 0 0 0.35355339059327373 0 -0.35355339059327373 0.35355339059327373 0 -0.35355339059327373 0
0 -0.35355339059327373 0 0.35355339059327373 -0.35355339059327373 0 0.35355339059327373 0 0 0.35355339059327373 0 -0.35355339059327373 -0.35355339059327373 0 0.35355339059327373 0
0 -0.35355339059327373 0 0.35355339059327373 -0.35355339059327373 0 0.35355339059327373 0 0 -0.35355339059327373 0 0.35355339059327373 0.35355339059327373 0 -0.35355339059327373 0
0 -0.35355339059327373 0 0.35355339059327373 -0.35355339059327373 0 0.35355339059327373 0 0 -0.35355339059327373 0 0.35355339059327373 -0.35355339059327373 0 0.35355339059327373 0
0 -0.35355339059327373 0 0.35355339059327373 -0.35355339059327373 0 0.35355339059327373 0 0 -0.35355339059327373 0 -0.35355339059327373 0.35355339059327373 0 0.35355339059327373 0
0 -0.35355339059327373 0 0.35355339059327373 -0.35355339059327373 0 0.35355339059327373 0 0 -0.35355339059327373 0 -0.35355339059327373 -0.35355339059327373 0 -0.35355339059327373 0
0 -0.35355339059327373 0 0.35355339059327373 -0.35355339059327373 0 -0.35355339059327373 0 0 0.35355339059327373 0 0.35355339059327373 0.35355339059327373 0 -0.35355339059327373 0
0 -0.35355339059327373 0 0.35355339059327373 -0.35355339059327373 0 -0.35355339059327373 0 0 0.35355339059327373 0 0.35355339059327373 -0.35355339059327373 0 0.35355339059327373 0
0 -0.35355339059327373 0 0.35355339059327373 -0.35355339059327373 0 -0.35355339059327373 0 0 0.35355339059327373 0 -0.35355339059327373 0.35355339059327373 0 0.35355339059327373 0
0 -0.35355339059327373 0 0.35355339059327373 -0.35355339059327373 0 -0.35355339059327373 0 0 0.35355339059327373 0 -0.35355339059327373 -0.35355339059327373 0 -0.35355339059327373 0
0 -0.35355339059327373 0 0.35355339059327373 -0.35355339059327373 0 -0.35355339059327373 0 0 -0.35355339059327373 0 0.35355339059327373 0.35355339059327373 0 0.35355339059327373 0
0 -0.35355339059327373 0 0.35355339059327373 -0.35355339059327373 0 -0.35355339059327373 0 0 -0.35355339059327373 0 0.35355339059327373 -0.35355339059327373 0 -0.35355339059327373 0
0 -0.35355339059327373 0 0.35355339059327373 -0.35355339059327373 0 -0.35355339059327373 0 0 -0.35355339059327373 0 -0.35355339059327373 0.35355339059327373 0 -0.35355339059327373 0
0 -0.35355339059327373 0 0.35355339059327373 -0.35355339059327373 0 -0.35355339059327373 0 0 -0.35355339059327373 0 -0.35355339059327373 -0.35355339059327373 0 0.35355339059327373 0
0 -0.35355339059327373 0 -0.35355339059327373 0.35355339059327373 0 0.35355339059327373 0 0 0.35355339059327373 0 0.35355339059327373 0.35355339059327373 0 0.35355339059327373 0
0 -0.35355339059327373 0 -0.35355339059327373 0.35355339059327373 0 0.35355339059327373 0 0 0.35355339059327373 0 0.35355339059327373 -0.35355339059327373 0 -0.35355339059327373 0
0 -0.35355339059327373 0 -0.35355339059327373 0.35355339059327373 0 0.35355339059327373 0 0 0.35355339059327373 0 -0.35355339059327373 0.35355339059327373 0 -0.35355339059327373 0
0 -0.35355339059327373 0 -0.35355339059327373 0.35355339059327373 0 0.35355339059327373 0 0 0.35355339059327373 0 -0.35355339059327373 -0.35355339059327373 0 0.35355339059327373 0
0 -0.35355339059327373 0 -0.35355339059327373 0.35355339059327373 0 0.35355339059327373 0 0 -0.35355339059327373 0 0.35355339059327373 0.35355339059327373 0 -0.35355339059327373 0
0 -0.35355339059327373 0 -0.35355339059327373 0.35355339059327373 0 0.35355339059327373 0 0 -0.35355339059327373 0 0.35355339059327373 -0.35355339059327373 0 0.35355339059327373 0
0 -0.35355339059327373 0 -0.35355339059327373 0.35355339059327373 0 0.35355339059327373 0 0 -0.35355339059327373 0 -0.35355339059327373 0.35355339059327373 0 0.35355339059327373 0
0 -0.35355339059327373 0 -0.35355339059327373 0.35355339059327373 0 0.35355339059327373 0 0 -0.35355339059327373 0 -0.35355339059327373 -0.35355339059327373 0 -0.35355339059327373 0
0 -0.35355339059327373 0 -0.35355339059327373 0.35355339059327373 0 -0.35355339059327373 0 0 0.35355339059327373 0 0.35355339059327373 0.35355339059327373 0 -0.35355339059327373 0
0 -0.35355339059327373 0 -0.35355339059327373 0.35355339059327373 0 -0.35355339059327373 0 0 0.35355339059327373 0 0.35355339059327373 -0.35355339059327373 0 0.35355339059327373 0
0 -0.35355339059327373 0 -0.35355339059327373 0.35355339059327373 0 -0.35355339059327373 0 0 0.35355339059327373 0 -0.35355339059327373 0.35355339059327373 0 0.35355339059327373 0
0 -0.35355339059327373 0 -0.35355339059327373 0.35355339059327373 0 -0.35355339059327373 0 0 0.35355339059327373 0 -0.35355339059327373 -0.35355339059327373 0 -0.35355339059327373 0
0 -0.35355339059327373 0 -0.35355339059327373 0.35355339059327373 0 -0.35355339059327373 0 0 -0.35355339059327373 0 0.35355339059327373 0.35355339059327373 0 0.35355339059327373 0
0 -0.35355339059327373 0 -0.35355339059327373 0.35355339059327373 0 -0.35355339059327373 0 0 -0.35355339059327373 0 0.35355339059327373 -0.35355339059327373 0 -0.35355339059327373 0
0 -0.35355339059327373 0 -0.35355339059327373 0.35355339059327373 0 -0.35355339059327373 0 0 -0.35355339059327373 0 -0.35355339059327373 0.35355339059327373 0 -0.35355339059327373 0
0 -0.35355339059327373 0 -0.35355339059327373 0.35355339059327373 0 -0.35355339059327373 0 0 -0.35355339059327373 0 -0.35355339059327373 -0.35355339059327373 0 0.35355339059327373 0
0 -0.35355339059327373 0 -0.35355339059327373 -0.35355339059327373 0 0.35355339059327373 0 0 0.35355339059327373 0 0.35355339059327373 0.35355339059327373 0 -0.35355339059327373 0
0 -0.35355339059327373 0 -0.35355339059327373 -0.35355339059327373 0 0.35355339059327373 0 0 0.35355339059327373 0 0.35355339059327373 -0.35355339059327373 0 0.35355339059327373 0
0 -0.35355339059327373 0 -0.35355339059327373 -0.35355339059327373 0 0.35355339059327373 0 0 0.35355339059327373 0 -0.35355339059327373 0.35355339059327373 0 0.35355339059327373 0
0 -0.35355339059327373 0 -0.35355339059327373 -0.35355339059327373 0 0.35355339059327373 0 0 0.35355339059327373 0 -0.35355339059327373 -0.35355339059327373 0 -0.35355339059327373 0
0 -0.35355339059327373 0 -0.35355339059327373 -0.35355339059327373 0 0.35355339059327373 0 0 -0.35355339059327373 0 0.35355339059327373 0.35355339059327373 0 0.35355339059327373 0
0 -0.35355339059327373 0 -0.35355339059327373 -0.35355339059327373 0 0.35355339059327373 0 0 -0.35355339059327373 0 0.35355339059327373 -0.35355339059327373 0 -0.35355339059327373 0
0 -0.35355339059327373 0 -0.35355339059327373 -0.35355339059327373 0 0.35355339059327373 0 0 -0.35355339059327373 0 -0.35355339059327373 0.35355339059327373 0 -0.35355339059327373 0
0 -0.35355339059327373 0 -0.35355339059327373 -0.35355339059327373 0 0.35355339059327373 0 0 -0.35355339059327373 0 -0.35355339059327373 -0.35355339059327373 0 0.35355339059327373 0
0 -0.35355339059327373 0 -0.35355339059327373 -0.35355339059327373 0 -0.35355339059327373 0 0 0.35355339059327373 0 0.35355339059327373 0.35355339059327373 0 0.35355339059327373 0
0 -0.35355339059327373 0 -0.35355339059327373 -0.35355339059327373 0 -0.35355339059327373 0 0 0.35355339059327373 0 0.35355339059327373 -0.35355339059327373 0 -0.35355339059327373 0
0 -0.35355339059327373 0 -0.35355339059327373 -0.35355339059327373 0 -0.35355339059327373 0 0 0.35355339059327373 0 -0.35355339059327373 0.35355339059327373 0 -0.35355339059327373 0
0 -0.35355339059327373 0 -0.35355339059327373 -0.35355339059327373 0 -0.35355339059327373 0 0 0.35355339059327373 0 -0.35355339059327373 -0.35355339059327373 0 0.35355339059327373 0
0 -0.35355339059327373 0 -0.35355339059327373 -0.35355339059327373 0 -0.35355339059327373 0 0 -0.35355339059327373 0 0.35355339059327373 0.35355339059327373 0 -0.35355339059327373 0
0 -0.35355339059327373 0 -0.35355339059327373 -0.35355339059327373 0 -0.35355339059327373 0 0 -0.35355339059327373 0 0.35355339059327373 -0.35355339059327373 0 0.35355339059327373 0
0 -0.35355339059327373 0 -0.35355339059327373 -0.35355339059327373 0 -0.35355339059327373 0 0 -0.35355339059327373 0 -0.35355339059327373 0.35355339059327373 0 0.35355339059327373 0
0 -0.35355339059327373 0 -0.35355339059327373 -0.35355339059327373 0 -0.35355339059327373 0 0 -0.35355339059327373 0 -0.35355339059327373 -0.35355339059327373 0 -0.35355339059327373 0
0.35355339059327373 0 0.35355339059327373 0 0 0.35355339059327373 0 0.35355339059327373 0.35355339059327373 0 0.35355339059327373 0 0 0.35355339059327373 0 0.35355339059327373
0.35355339059327373 0 0.35355339059327373 0 0 0.35355339059327373 0 0.35355339059327373 0.35355339059327373 0 0.35355339059327373 0 0 -0.35355339059327373 0 -0.35355339059327373
0.35355339059327373 0 0.35355339059327373 0 0 0.35355339059327373 0 0.35355339059327373 0.35355339059327373 0 -0.35355339059327373 0 0 0.35355339059327373 0 -0.35355339059327373
0.35355339059327373 0 0.35355339059327373 0 0 0.35355339059327373 0 0.35355339059327373 0.35355339059327373 0 -0.35355339059327373 0 0 -0.35355339059327373 0 0.35355339059327373
0.35355339059327373 0 0.35355339059327373 0 0 0.35355339059327373 0 0.35355339059327373 -0.35355339059327373 0 0.35355339059327373 0 0 0.35355339059327373 0 -0.35355339059327373
0.35355339059327373 0 0.35355339059327373 0 0 0.35355339059327373 0 0.35355339059327373 -0.35355339059327373 0 0.35355339059327373 0 0 -0.35355339059327373 0 0.35355339059327373
0.35355339059327373 0 0.35355339059327373 0 0 0.35355339059327373 0 0.35355339059327373 -0.35355339059327373 0 -0.35355339059327373 0 0 0.35355339059327373 0 0.35355339059327373
0.35355339059327373 0 0.35355339059327373 0 0 0.35355339059327373 0 0.35355339059327373 -0.35355339059327373 0 -0.35355339059327373 0 0 -0.35355339059327373 0 -0.35355339059327373
0.35355339059327373 0 0.35355339059327373 0 0 0.35355339059327373 0 -0.35355339059327373 0.35355339059327373 0 0.35355339059327373 0 0 0.35355339059327373 0 -0.35355339059327373
0.35355339059327373 0 0.35355339059327373 0 0 0.35355339059327373 0 -0.35355339059327373 0.35355339059327373 0 0.35355339059327373 0 0 -0.35355339059327373 0 0.35355339059327373
0.35355339059327373 0 0.35355339059327373 0 0 0.35355339059327373 0 -0.35355339059327373 0.35355339059327373 0 -0.35355339059327373 0 0 0.35355339059327373 0 0.35355339059327373
0.35355339059327373 0 0.35355339059327373 0 0 0.35355339059327373 0 -0.35355339059327373 0.35355339059327373 0 -0.35355339059327373 0 0 -0.35355339059327373 0 -0.35355339059327373
0.35355339059327373 0 0.35355339059327373 0 0 0.35355339059327373 0 -0.35355339059327373 -0.35355339059327373 0 0.35355339059327373 0 0 0.35355339059327373 0 0.35355339059327373
0.35355339059327373 0 0.35355339059327373 0 0 0.35355339059327373 0 -0.35355339059327373 -0.35355339059327373 0 0.35355339059327373 0 0 -0.35355339059327373 0 -0.35355339059327373
0.35355339059327373 0 0.35355339059327373 0 0 0.35355339059327373 0 -0.35355339059327373 -0.35355339059327373 0 -0.35355339059327373 0 0 0.35355339059327373 0 -0.35355339059327373
0.35355339059327373 0 0.35355339059327373 0 0 0.35355339059327373 0 -0.35355339059327373 -0.35355339059327373 0 -0.35355339059327373 0 0 -0.35355339059327373 0 0.35355339059327373
0.35355339059327373 0 0.35355339059327373 0 0 -0.35355339059327373 0 0.35355339059327373 0.35355339059327373 0 0.35355339059327373 0 0 0.35355339059327373 0 -0.35355339059327373
0.35355339059327373 0 0.35355339059327373 0 0 -0.35355339059327373 0 0.35355339059327373 0.35355339059327373 0 0.35355339059327373 0 0 -0.35355339059327373 0 0.35355339059327373
0.35355339059327373 0 0.35355339059327373 0 0 -0.35355339059327373 0 0.35355339059327373 0.35355339059327373 0 -0.35355339059327373 0 0 0.35355339059327373 0 0.35355339059327373
0.35355339059327373 0 0.35355339059327373 0 0 -0.35355339059327373 0 0.35355339059327373 0.35355339059327373 0 -0.35355339059327373 0 0 -0.35355339059327373 0 -0.35355339059327373
0.35355339059327373 0 0.35355339059327373 0 0 -0.35355339059327373 0 0.35355339059327373 -0.35355339059327373 0 0.35355339059327373 0 0 0.35355339059327373 0 0.35355339059327373
0.35355339059327373 0 0.35355339059327373 0 0 -0.35355339059327373 0 0.35355339059327373 -0.35355339059327373 0 0.35355339059327373 0 0 -0.35355339059327373 0 -0.35355339059327373
0.35355339059327373 0 0.35355339059327373 0 0 -0.35355339059327373 0 0.35355339059327373 -0.35355339059327373 0 -0.35355339059327373 0 0 0.35355339059327373 0 -0.35355339059327373
0.35355339059327373 0 0.35355339059327373 0 0 -0.35355339059327373 0 0.35355339059327373 -0.35355339059327373 0 -0.35355339059327373 0 0 -0.35355339059327373 0 0.35355339059327373
0.35355339059327373 0 0.35355339059327373 0 0 -0.35355339059327373 0 -0.35355339059327373 0.35355339059327373 0 0.35355339059327373 0 0 0.35355339059327373 0 0.35355339059327373
0.35355339059327373 0 0.35355339059327373 0 0 -0.35355339059327373 0 -0.35355339059327373 0.35355339059327373 0 0.35355339059327373 0 0 -0.35355339059327373 0 -0.35355339059327373
0.35355339059327373 0 0.35355339059327373 0 0 -0.35355339059327373 0 -0.35355339059327373 0.35355339059327373 0 -0.35355339059327373 0 0 0.35355339059327373 0 -0.35355339059327373
0.35355339059327373 0 0.35355339059327373 0 0 -0.35355339059327373 0 -0.35355339059327373 0.35355339059327373 0 -0.35355339059327373 0 0 -0.35355339059327373 0 0.35355339059327373
0.35355339059327373 0 0.35355339059327373 0 0 -0.35355339059327373 0 -0.35355339059327373 -0.35355339059327373 0 0.35355339059327373 0 0 0.35355339059327373 0 -0.35355339059327373
0.35355339059327373 0 0.35355339059327373 0 0 -0.35355339059327373 0 -0.35355339059327373 -0.35355339059327373 0 0.35355339059327373 0 0 -0.35355339059327373 0 0.35355339059327373
0.35355339059327373 0 0.35355339059327373 0 0 -0.35355339059327373 0 -0.35355339059327373 -0.35355339059327373 0 -0.35355339059327373 0 0 0.35355339059327373 0 0.35355339059327373
0.35355339059327373 0 0.35355339059327373 0 0 -0.35355339059327373 0 -0.35355339059327373 -0.35355339059327373 0 -0.35355339059327373 0 0 -0.35355339059327373 0 -0.35355339059327373
0.35355339059327373 0 -0.35355339059327373 0 0 0.35355339059327373 0 0.35355339059327373 0.35355339059327373 0 0.35355339059327373 0 0 0.35355339059327373 0 -0.35355339059327373
0.35355339059327373 0 -0.35355339059327373 0 0 0.35355339059327373 0 0.35355339059327373 0.35355339059327373 0 0.35355339059327373 0 0 -0.35355339059327373 0 0.35355339059327373
0.35355339059327373 0 -0.35355339059327373 0 0 0.35355339059327373 0 0.35355339059327373 0.35355339059327373 0 -0.35355339059327373 0 0 0.35355339059327373 0 0.35355339059327373
0.35355339059327373 0 -0.35355339059327373 0 0 0.35355339059327373 0 0.35355339059327373 0.35355339059327373 0 -0.35355339059327373 0 0 -0.35355339059327373 0 -0.35355339059327373
0.35355339059327373 0 -0.35355339059327373 0 0 0.35355339059327373 0 0.35355339059327373 -0.35355339059327373 0 0.35355339059327373 0 0 0.35355339059327373 0 0.35355339059327373
0.35355339059327373 0 -0.35355339059327373 0 0 0.35355339059327373 0 0.35355339059327373 -0.35355339059327373 0 0.35355339059327373 0 0 -0.35355339059327373 0 -0.35355339059327373
0.35355339059327373 0 -0.35355339059327373 0 0 0.35355339059327373 0 0.35355339059327373 -0.35355339059327373 0 -0.35355339059327373 0 0 0.35355339059327373 0 -0.35355339059327373
0.35355339059327373 0 -0.35355339059327373 0 0 0.35355339059327373 0 0.35355339059327373 -0.35355339059327373 0 -0.35355339059327373 0 0 -0.35355339059327373 0 0.35355339059327373
0.35355339059327373 0 -0.35355339059327373 0 0 0.35355339059327373 0 -0.35355339059327373 0.35355339059327373 0 0.35355339059327373 0 0 0.35355339059327373 0 0.35355339059327373
0.35355339059327373 0 -0.35355339059327373 0 0 0.35355339059327373 0 -0.35355339059327373 0.35355339059327373 0 0.35355339059327373 0 0 -0.35355339059327373 0 -0.35355339059327373
0.35355339059327373 0 -0.35355339059327373 0 0 0.35355339059327373 0 -0.35355339059327373 0.35355339059327373 0 -0.35355339059327373 0 0 0.35355339059327373 0 -0.35355339059327373
0.35355339059327373 0 -0.35355339059327373 0 0 0.35355339059327373 0 -0.35355339059327373 0.35355339059327373 0 -0.35355339059327373 0 0 -0.35355339059327373 0 0.35355339059327373
0.35355339059327373 0 -0.35355339059327373 0 0 0.35355339059327373 0 -0.35355339059327373 -0.35355339059327373 0 0.35355339059327373 0 0 0.35355339059327373 0 -0.35355339059327373
0.35355339059327373 0 -0.35355339059327373 0 0 0.35355339059327373 0 -0.35355339059327373 -0.35355339059327373 0 0.35355339059327373 0 0 -0.35355339059327373 0 0.35355339059327373
0.35355339059327373 0 -0.35355339059327373 0 0 0.35355339059327373 0 -0.35355339059327373 -0.35355339059327373 0 -0.35355339059327373 0 0 0.35355339059327373 0 0.35355339059327373
0.35355339059327373 0 -0.35355339059327373 0 0 0.35355339059327373 0 -0.35355339059327373 -0.35355339059327373 0 -0.35355339059327373 0 0 -0.35355339059327373 0 -0.35355339059327373
0.35355339059327373 0 -0.35355339059327373 0 0 -0.35355339059327373 0 0.35355339059327373 0.35355339059327373 0 0.35355339059327373 0 0 0.35355339059327373 0 0.35355339059327373
0.35355339059327373 0 -0.35355339059327373 0 0 -0.35355339059327373 0 0.35355339059327373 0.35355339059327373 0 0.35355339059327373 0 0 -0.35355339059327373 0 -0.35355339059327373
0.35355339059327373 0 -0.35355339059327373 0 0 -0.35355339059327373 0 0.35355339059327373 0.35355339059327373 0 -0.35355339059327373 0 0 0.35355339059327373 0 -0.35355339059327373
0.35355339059327373 0 -0.35355339059327373 0 0 -0.35355339059327373 0 0.35355339059327373 0.35355339059327373 0 -0.35355339059327373 0 0 -0.35355339059327373 0 0.35355339059327373
0.35355339059327373 0 -0.35355339059327373 0 0 -0.35355339059327373 0 0.35355339059327373 -0.35355339059327373 0 0.35355339059327373 0 0 0.35355339059327373 0 -0.35355339059327373
0.35355339059327373 0 -0.35355339059327373 0 0 -0.35355339059327373 0 0.35355339059327373 -0.35355339059327373 0 0.35355339059327373 0 0 -0.35355339059327373 0 0.35355339059327373
0.35355339059327373 0 -0.35355339059327373 0 0 -0.35355339059327373 0 0.35355339059327373 -0.35355339059327373 0 -0.35355339059327373 0 0 0.35355339059327373 0 0.35355339059327373
0.35355339059327373 0 -0.35355339059327373 0 0 -0.35355339059327373 0 0.35355339059327373 -0.35355339059327373 0 -0.35355339059327373 0 0 -0.35355339059327373 0 -0.35355339059327373
0.35355339059327373 0 -0.35355339059327373 0 0 -0.35355339059327373 0 -0.35355339059327373 0.35355339059327373 0 0.35355339059327373 0 0 0.35355339059327373 0 -0.35355339059327373
0.35355339059327373 0 -0.35355339059327373 0 0 -0.35355339059327373 0 -0.35355339059327373 0.35355339059327373 0 0.35355339059327373 0 0 -0.35355339059327373 0 0.35355339059327373
0.35355339059327373 0 -0.35355339059327373 0 0 -0.35355339059327373 0 -0.35355339059327373 0.35355339059327373 0 -0.35355339059327373 0 0 0.35355339059327373 0 0.35355339059327373
0.35355339059327373 0 -0.35355339059327373 0 0 -0.35355339059327373 0 -0.35355339059327373 0.35355339059327373 0 -0.35355339059327373 0 0 -0.35355339059327373 0 -0.35355339059327373
0.35355339059327373 0 -0.35355339059327373 0 0 -0.35355339059327373 0 -0.35355339059327373 -0.35355339059327373 0 0.35355339059327373 0 0 0.35355339059327373 0 0.35355339059327373
0.35355339059327373 0 -0.35355339059327373 0 0 -0.35355339059327373 0 -0.35355339059327373 -0.35355339059327373 0 0.35355339059327373 0 0 -0.35355339059327373 0 -0.35355339059327373
0.35355339059327373 0 -0.35355339059327373 0 0 -0.35355339059327373 0 -0.35355339059327373 -0.35355339059327373 0 -0.35355339059327373 0 0 0.35355339059327373 0 -0.35355339059327373
0.35355339059327373 0 -0.35355339059327373 0 0 -0.35355339059327373 0 -0.35355339059327373 -0.35355339059327373 0 -0.35355339059327373 0 0 -0.35355339059327373 0 0.35355339059327373
-0.35355339059327373 0 0.35355339059327373 0 0 0.35355339059327373 0 0.35355339059327373 0.35355339059327373 0 0.35355339059327373 0 0 0.35355339059327373 0 -0.35355339059327373
-0.35355339059327373 0 0.35355339059327373 0 0 0.35355339059327373 0 0.35355339059327373 0.35355339059327373 0 0.35355339059327373 0 0 -0.35355339059327373 0 0.35355339059327373
-0.35355339059327373 0 0.35355339059327373 0 0 0.35355339059327373 0 0.35355339059327373 0.35355339059327373 0 -0.35355339059327373 0 0 0.35355339059327373 0 0.35355339059327373
-0.35355339059327373 0 0.35355339059327373 0 0 0.35355339059327373 0 0.35355339059327373 0.35355339059327373 0 -0.35355339059327373 0 0 -0.35355339059327373 0 -0.35355339059327373
-0.35355339059327373 0 0.35355339059327373 0 0 0.35355339059327373 0 0.35355339059327373 -0.35355339059327373 0 0.35355339059327373 0 0 0.35355339059327373 0 0.35355339059327373
-0.35355339059327373 0 0.35355339059327373 0 0 0.35355339059327373 0 0.35355339059327373 -0.35355339059327373 0 0.35355339059327373 0 0 -0.35355339059327373 0 -0.35355339059327373
-0.35355339059327373 0 0.35355339059327373 0 0 0.35355339059327373 0 0.35355339059327373 -0.35355339059327373 0 -0.35355339059327373 0 0 0.35355339059327373 0 -0.35355339059327373
-0.35355339059327373 0 0.35355339059327373 0 0 0.35355339059327373 0 0.35355339059327373 -0.35355339059327373 0 -0.35355339059327373 0 0 -0.35355339059327373 0 0.35355339059327373
-0.35355339059327373 0 0.35355339059327373 0 0 0.35355339059327373 0 -0.35355339059327373 0.35355339059327373 0 0.35355339059327373 0 0 0.35355339059327373 0 0.35355339059327373
-0.35355339059327373 0 0.35355339059327373 0 0 0.35355339059327373 0 -0.35355339059327373 0.35355339059327373 0 0.35355339059327373 0 0 -0.35355339059327373 0 -0.35355339059327373
-0.35355339059327373 0 0.35355339059327373 0 0 0.35355339059327373 0 -0.35355339059327373 0.35355339059327373 0 -0.35355339059327373 0 0 0.35355339059327373 0 -0.35355339059327373
-0.35355339059327373 0 0.35355339059327373 0 0 0.35355339059327373 0 -0.35355339059327373 0.35355339059327373 0 -0.35355339059327373 0 0 -0.35355339059327373 0 0.35355339059327373
-0.35355339059327373 0 0.35355339059327373 0 0 0.35355339059327373 0 -0.35355339059327373 -0.35355339059327373 0 0.35355339059327373 0 0 0.35355339059327373 0 -0.35355339059327373
-0.35355339059327373 0 0.35355339059327373 0 0 0.35355339059327373 0 -0.35355339059327373 -0.35355339059327373 0 0.35355339059327373 0 0 -0.35355339059327373 0 0.35355339059327373
-0.35355339059327373 0 0.35355339059327373 0 0 0.35355339059327373 0 -0.35355339059327373 -0.35355339059327373 0 -0.35355339059327373 0 0 0.35355339059327373 0 0.35355339059327373
-0.35355339059327373 0 0.35355339059327373 0 0 0.35355339059327373 0 -0.35355339059327373 -0.35355339059327373 0 -0.35355339059327373 0 0 -0.35355339059327373 0 -0.35355339059327373
-0.35355339059327373 0 0.35355339059327373 0 0 -0.35355339059327373 0 0.35355339059327373 0.35355339059327373 0 0.35355339059327373 0 0 0.35355339059327373 0 0.35355339059327373
-0.35355339059327373 0 0.35355339059327373 0 0 -0.35355339059327373 0 0.35355339059327373 0.35355339059327373 0 0.35355339059327373 0 0 -0.35355339059327373 0 -0.35355339059327373
-0.35355339059327373 0 0.35355339059327373 0 0 -0.35355339059327373 0 0.35355339059327373 0.35355339059327373 0 -0.35355339059327373 0 0 0.35355339059327373 0 -0.35355339059327373
-0.35355339059327373 0 0.35355339059327373 0 0 -0.35355339059327373 0 0.35355339059327373 0.35355339059327373 0 -0.35355339059327373 0 0 -0.35355339059327373 0 0.35355339059327373
-0.35355339059327373 0 0.35355339059327373 0 0 -0.35355339059327373 0 0.35355339059327373 -0.35355339059327373 0 0.35355339059327373 0 0 0.35355339059327373 0 -0.35355339059327373
-0.35355339059327373 0 0.35355339059327373 0 0 -0.35355339059327373 0 0.35355339059327373 -0.35355339059327373 0 0.35355339059327373 0 0 -0.35355339059327373 0 0.35355339059327373
-0.35355339059327373 0 0.35355339059327373 0 0 -0.35355339059327373 0 0.35355339059327373 -0.35355339059327373 0 -0.35355339059327373 0 0 0.35355339059327373 0 0.35355339059327373
-0.35355339059327373 0 0.35355339059327373 0 0 -0.35355339059327373 0 0.35355339059327373 -0.35355339059327373 0 -0.35355339059327373 0 0 -0.35355339059327373 0 -0.35355339059327373
-0.35355339059327373 0 0.35355339059327373 0 0 -0.35355339059327373 0 -0.35355339059327373 0.35355339059327373 0 0.35355339059327373 0 0 0.35355339059327373 0 -0.35355339059327373
-0.35355339059327373 0 0.35355339059327373 0 0 -0.35355339059327373 0 -0.35355339059327373 0.35355339059327373 0 0.35355339059327373 0 0 -0.35355339059327373 0 0.35355339059327373
-0.35355339059327373 0 0.35355339059327373 0 0 -0.35355339059327373 0 -0.35355339059327373 0.35355339059327373 0 -0.35355339059327373 0 0 0.35355339059327373 0 0.35355339059327373
-0.35355339059327373 0 0.35355339059327373 0 0 -0.35355339059327373 0 -0.35355339059327373 0.35355339059327373 0 -0.35355339059327373 0 0 -0.35355339059327373 0 -0.35355339059327373
-0.35355339059327373 0 0.35355339059327373 0 0 -0.35355339059327373 0 -0.35355339059327373 -0.35355339059327373 0 0.35355339059327373 0 0 0.35355339059327373 0 0.35355339059327373
-0.35355339059327373 0 0.35355339059327373 0 0 -0.35355339059327373 0 -0.35355339059327373 -0.35355339059327373 0 0.35355339059327373 0 0 -0.35355339059327373 0 -0.35355339059327373
-0.35355339059327373 0 0.35355339059327373 0 0 -0.35355339059327373 0 -0.35355339059327373 -0.35355339059327373 0 -0.35355339059327373 0 0 0.35355339059327373 0 -0.35355339059327373
-0.35355339059327373 0 0.35355339059327373 0 0 -0.35355339059327373 0 -0.35355339059327373 -0.35355339059327373 0 -0.35355339059327373 0 0 -0.35355339059327373 0 0.35355339059327373
-0.35355339059327373 0 -0.35355339059327373 0 0 0.35355339059327373 0 0.35355339059327373 0.35355339059327373 0 0.35355339059327373 0 0 0.35355339059327373 0 0.35355339059327373
-0.35355339059327373 0 -0.35355339059327373 0 0 0.35355339059327373 0 0.35355339059327373 0.35355339059327373 0 0.35355339059327373 0 0 -0.35355339059327373 0 -0.35355339059327373
-0.35355339059327373 0 -0.35355339059327373 0 0 0.35355339059327373 0 0.35355339059327373 0.35355339059327373 0 -0.35355339059327373 0 0 0.35355339059327373 0 -0.35355339059327373
-0.35355339059327373 0 -0.35355339059327373 0 0 0.35355339059327373 0 0.35355339059327373 0.35355339059327373 0 -0.35355339059327373 0 0 -0.35355339059327373 0 0.35355339059327373
-0.35355339059327373 0 -0.35355339059327373 0 0 0.35355339059327373 0 0.35355339059327373 -0.35355339059327373 0 0.35355339059327373 0 0 0.35355339059327373 0 -0.35355339059327373
-0.35355339059327373 0 -0.35355339059327373 0 0 0.35355339059327373 0 0.35355339059327373 -0.35355339059327373 0 0.35355339059327373 0 0 -0.35355339059327373 0 0.35355339059327373
-0.35355339059327373 0 -0.35355339059327373 0 0 0.35355339059327373 0 0.35355339059327373 -0.35355339059327373 0 -0.35355339059327373 0 0 0.35355339059327373 0 0.35355339059327373
-0.35355339059327373 0 -0.35355339059327373 0 0 0.35355339059327373 0 0.35355339059327373 -0.35355339059327373 0 -0.35355339059327373 0 0 -0.35355339059327373 0 -0.35355339059327373
-0.35355339059327373 0 -0.35355339059327373 0 0 0.35355339059327373 0 -0.35355339059327373 0.35355339059327373 0 0.35355339059327373 0 0 0.35355339059327373 0 -0.35355339059327373
-0.35355339059327373 0 -0.35355339059327373 0 0 0.35355339059327373 0 -0.35355339059327373 0.35355339059327373 0 0.35355339059327373 0 0 -0.35355339059327373 0 0.35355339059327373
-0.35355339059327373 0 -0.35355339059327373 0 0 0.35355339059327373 0 -0.35355339059327373 0.35355339059327373 0 -0.35355339059327373 0 0 0.35355339059327373 0 0.35355339059327373
-0.35355339059327373 0 -0.35355339059327373 0 0 0.35355339059327373 0 -0.35355339059327373 0.35355339059327373 0 -0.35355339059327373 0 0 -0.35355339059327373 0 -0.35355339059327373
-0.35355339059327373 0 -0.35355339059327373 0 0 0.35355339059327373 0 -0.35355339059327373 -0.35355339059327373 0 0.35355339059327373 0 0 0.35355339059327373 0 0.35355339059327373
-0.35355339059327373 0 -0.35355339059327373 0 0 0.35355339059327373 0 -0.35355339059327373 -0.35355339059327373 0 0.35355339059327373 0 0 -0.35355339059327373 0 -0.35355339059327373
-0.35355339059327373 0 -0.35355339059327373 0 0 0.35355339059327373 0 -0.35355339059327373 -0.35355339059327373 0 -0.35355339059327373 0 0 0.35355339059327373 0 -0.35355339059327373
-0.35355339059327373 0 -0.35355339059327373 0 0 0.35355339059327373 0 -0.35355339059327373 -0.35355339059327373 0 -0.35355339059327373 0 0 -0.35355339059327373 0 0.35355339059327373
-0.35355339059327373 0 -0.35355339059327373 0 0 -0.35355339059327373 0 0.35355339059327373 0.35355339059327373 0 0.35355339059327373 0 0 0.35355339059327373 0 -0.35355339059327373
-0.35355339059327373 0 -0.35355339059327373 0 0 -0.35355339059327373 0 0.35355339059327373 0.35355339059327373 0 0.35355339059327373 0 0 -0.35355339059327373 0 0.35355339059327373
-0.35355339059327373 0 -0.35355339059327373 0 0 -0.35355339059327373 0 0.35355339059327373 0.35355339059327373 0 -0.35355339059327373 0 0 0.35355339059327373 0 0.35355339059327373
-0.35355339059327373 0 -0.35355339059327373 0 0 -0.35355339059327373 0 0.35355339059327373 0.35355339059327373 0 -0.35355339059327373 0 0 -0.35355339059327373 0 -0.35355339059327373
-0.35355339059327373 0 -0.35355339059327373 0 0 -0.35355339059327373 0 0.35355339059327373 -0.35355339059327373 0 0.35355339059327373 0 0 0.35355339059327373 0 0.35355339059327373
-0.35355339059327373 0 -0.35355339059327373 0 0 -0.35355339059327373 0 0.35355339059327373 -0.35355339059327373 0 0.35355339059327373 0 0 -0.35355339059327373 0 -0.35355339059327373
-0.35355339059327373 0 -0.35355339059327373 0 0 -0.35355339059327373 0 0.35355339059327373 -0.35355339059327373 0 -0.35355339059327373 0 0 0.35355339059327373 0 -0.35355339059327373
-0.35355339059327373 0 -0.35355339059327373 0 0 -0.35355339059327373 0 0.35355339059327373 -0.35355339059327373 0 -0.35355339059327373 0 0 -0.35355339059327373 0 0.35355339059327373
-0.35355339059327373 0 -0.35355339059327373 0 0 -0.35355339059327373 0 -0.35355339059327373 0.35355339059327373 0 0.35355339059327373 0 0 0.35355339059327373 0 0.35355339059327373
-0.35355339059327373 0 -0.35355339059327373 0 0 -0.35355339059327373 0 -0.35355339059327373 0.35355339059327373 0 0.35355339059327373 0 0 -0.35355339059327373 0 -0.35355339059327373
-0.35355339059327373 0 -0.35355339059327373 0 0 -0.35355339059327373 0 -0.35355339059327373 0.35355339059327373 0 -0.35355339059327373 0 0 0.35355339059327373 0 -0.35355339059327373
-0.35355339059327373 0 -0.35355339059327373 0 0 -0.35355339059327373 0 -0.35355339059327373 0.35355339059327373 0 -0.35355339059327373 0 0 -0.35355339059327373 0 0.35355339059327373
-0.35355339059327373 0 -0.35355339059327373 0 0 -0.35355339059327373 0 -0.35355339059327373 -0.35355339059327373 0 0.35355339059327373 0 0 0.35355339059327373 0 -0.35355339059327373
-0.35355339059327373 0 -0.35355339059327373 0 0 -0.35355339059327373 0 -0.35355339059327373 -0.35355339059327373 0 0.35355339059327373 0 0 -0.35355339059327373 0 0.35355339059327373
-0.35355339059327373 0 -0.35355339059327373 0 0 -0.35355339059327373 0 -0.35355339059327373 -0.35355339059327373 0 -0.35355339059327373 0 0 0.35355339059327373 0 0.35355339059327373
-0.35355339059327373 0 -0.35355339059327373 0 0 -0.35355339059327373 0 -0.35355339059327373 -0.35355339059327373 0 -0.35355339059327373 0 0 -0.35355339059327373 0 -0.35355339059327373
0 0 0.35355339059327373 0.35355339059327373 0.35355339059327373 0.35355339059327373 0 0 0 0 0.35355339059327373 0.35355339059327373 0.35355339059327373 0.35355339059327373 0 0
0 0 0.35355339059327373 0.35355339059327373 0.35355339059327373 0.35355339059327373 0 0 0 0 0.35355339059327373 0.35355339059327373 -0.35355339059327373 -0.35355339059327373 0 0
0 0 0.35355339059327373 0.35355339059327373 0.35355339059327373 0.35355339059327373 0 0 0 0 0.35355339059327373 -0.35355339059327373 0.35355339059327373 -0.35355339059327373 0 0
0 0 0.35355339059327373 0.35355339059327373 0.35355339059327373 0.35355339059327373 0 0 0 0 0.35355339059327373 -0.35355339059327373 -0.35355339059327373 0.35355339059327373 0 0
0 0 0.35355339059327373 0.35355339059327373 0.35355339059327373 0.35355339059327373 0 0 0 0 -0.35355339059327373 0.35355339059327373 0.35355339059327373 -0.35355339059327373 0 0
0 0 0.35355339059327373 0.35355339059327373 0.35355339059327373 0.35355339059327373 0 0 0 0 -0.35355339059327373 0.35355339059327373 -0.35355339059327373 0.35355339059327373 0 0
0 0 0.35355339059327373 0.35355339059327373 0.35355339059327373 0.35355339059327373 0 0 0 0 -0.35355339059327373 -0.35355339059327373 0.35355339059327373 0.35355339059327373 0 0
0 0 0.35355339059327373 0.35355339059327373 0.35355339059327373 0.35355339059327373 0 0 0 0 -0.35355339059327373 -0.35355339059327373 -0.35355339059327373 -0.35355339059327373 0 0
0 0 0.35355339059327373 0.35355339059327373 0.35355339059327373 -0.35355339059327373 0 0 0 0 0.35355339059327373 0.35355339059327373 0.35355339059327373 -0.35355339059327373 0 0
0 0 0.35355339059327373 0.35355339059327373 0.35355339059327373 -0.35355339059327373 0 0 0 0 0.35355339059327373 0.35355339059327373 -0.35355339059327373 0.35355339059327373 0 0
0 0 0.35355339059327373 0.35355339059327373 0.35355339059327373 -0.35355339059327373 0 0 0 0 0.35355339059327373 -0.35355339059327373 0.35355339059327373 0.35355339059327373 0 0
0 0 0.35355339059327373 0.35355339059327373 0.35355339059327373 -0.35355339059327373 0 0 0 0 0.35355339059327373 -0.35355339059327373 -0.35355339059327373 -0.35355339059327373 0 0
0 0 0.35355339059327373 0.35355339059327373 0.35355339059327373 -0.35355339059327373 0 0 0 0 -0.35355339059327373 0.35355339059327373 0.35355339059327373 0.35355339059327373 0 0
0 0 0.35355339059327373 0.35355339059327373 0.35355339059327373 -0.35355339059327373 0 0 0 0 -0.35355339059327373 0.35355339059327373 -0.35355339059327373 -0.35355339059327373 0 0
0 0 0.35355339059327373 0.35355339059327373 0.35355339059327373 -0.35355339059327373 0 0 0 0 -0.35355339059327373 -0.35355339059327373 0.35355339059327373 -0.35355339059327373 0 0
0 0 0.35355339059327373 0.35355339059327373 0.35355339059327373 -0.35355339059327373 0 0 0 0 -0.35355339059327373 -0.35355339059327373 -0.35355339059327373 0.35355339059327373 0 0
0 0 0.35355339059327373 0.35355339059327373 -0.35355339059327373 0.35355339059327373 0 0 0 0 0.35355339059327373 0.35355339059327373 0.35355339059327373 -0.35355339059327373 0 0
0 0 0.35355339059327373 0.35355339059327373 -0.35355339059327373 0.35355339059327373 0 0 0 0 0.35355339059327373 0.35355339059327373 -0.35355339059327373 0.35355339059327373 0 0
0 0 0.35355339059327373 0.35355339059327373 -0.35355339059327373 0.35355339059327373 0 0 0 0 0.35355339059327373 -0.35355339059327373 0.35355339059327373 0.35355339059327373 0 0
0 0 0.35355339059327373 0.35355339059327373 -0.35355339059327373 0.35355339059327373 0 0 0 0 0.35355339059327373 -0.35355339059327373 -0.35355339059327373 -0.35355339059327373 0 0
0 0 0.35355339059327373 0.35355339059327373 -0.35355339059327373 0.35355339059327373 0 0 0 0 -0.35355339059327373 0.35355339059327373 0.35355339059327373 0.35355339059327373 0 0
0 0 0.35355339059327373 0.35355339059327373 -0.35355339059327373 0.35355339059327373 0 0 0 0 -0.35355339059327373 0.35355339059327373 -0.35355339059327373 -0.35355339059327373 0 0
0 0 0.35355339059327373 0.35355339059327373 -0.35355339059327373 0.35355339059327373 0 0 0 0 -0.35355339059327373 -0.35355339059327373 0.35355339059327373 -0.35355339059327373 0 0
0 0 0.35355339059327373 0.35355339059327373 -0.35355339059327373 0.35355339059327373 0 0 0 0 -0.35355339059327373 -0.35355339059327373 -0.35355339059327373 0.35355339059327373 0 0
0 0 0.35355339059327373 0.35355339059327373 -0.35355339059327373 -0.35355339059327373 0 0 0 0 0.35355339059327373 0.35355339059327373 0.35355339059327373 0.35355339059327373 0 0
0 0 0.35355339059327373 0.35355339059327373 -0.35355339059327373 -0.35355339059327373 0 0 0 0 0.35355339059327373 0.35355339059327373 -0.35355339059327373 -0.35355339059327373 0 0
0 0 0.35355339059327373 0.35355339059327373 -0.35355339059327373 -0.35355339059327373 0 0 0 0 0.35355339059327373 -0.35355339059327373 0.35355339059327373 -0.35355339059327373 0 0
0 0 0.35355339059327373 0.35355339059327373 -0.35355339059327373 -0.35355339059327373 0 0 0 0 0.35355339059327373 -0.35355339059327373 -0.35355339059327373 0.35355339059327373 0 0
0 0 0.35355339059327373 0.35355339059327373 -0.35355339059327373 -0.35355339059327373 0 0 0 0 -0.35355339059327373 0.35355339059327373 0.35355339059327373 -0.35355339059327373 0 0
0 0 0.35355339059327373 0.35355339059327373 -0.35355339059327373 -0.35355339059327373 0 0 0 0 -0.35355339059327373 0.35355339059327373 -0.35355339059327373 0.35355339059327373 0 0
0 0 0.35355339059327373 0.35355339059327373 -0.35355339059327373 -0.35355339059327373 0 0 0 0 -0.35355339059327373 -0.35355339059327373 0.35355339059327373 0.35355339059327373 0 0
0 0 0.35355339059327373 0.35355339059327373 -0.35355339059327373 -0.35355339059327373 0 0 0 0 -0.35355339059327373 -0.35355339059327373 -0.35355339059327373 -0.35355339059327373 0 0
0 0 0.35355339059327373 -0.35355339059327373 0.35355339059327373 0.35355339059327373 0 0 0 0 0.35355339059327373 0.35355339059327373 0.35355339059327373 -0.35355339059327373 0 0
0 0 0.35355339059327373 -0.35355339059327373 0.35355339059327373 0.35355339059327373 0 0 0 0 0.35355339059327373 0.35355339059327373 -0.35355339059327373 0.35355339059327373 0 0
0 0 0.35355339059327373 -0.35355339059327373 0.35355339059327373 0.35355339059327373 0 0 0 0 0.35355339059327373 -0.35355339059327373 0.35355339059327373 0.35355339059327373 0 0
0 0 0.35355339059327373 -0.35355339059327373 0.35355339059327373 0.35355339059327373 0 0 0 0 0.35355339059327373 -0.35355339059327373 -0.35355339059327373 -0.35355339059327373 0 0
0 0 0.35355339059327373 -0.35355339059327373 0.35355339059327373 0.35355339059327373 0 0 0 0 -0.35355339059327373 0.35355339059327373 0.35355339059327373 0.35355339059327373 0 0
0 0 0.35355339059327373 -0.35355339059327373 0.35355339059327373 0.35355339059327373 0 0 0 0 -0.35355339059327373 0.35355339059327373 -0.35355339059327373 -0.35355339059327373 0 0
0 0 0.35355339059327373 -0.35355339059327373 0.35355339059327373 0.35355339059327373 0 0 0 0 -0.35355339059327373 -0.35355339059327373 0.35355339059327373 -0.35355339059327373 0 0
0 0 0.35355339059327373 -0.35355339059327373 0.35355339059327373 0.35355339059327373 0 0 0 0 -0.35355339059327373 -0.35355339059327373 -0.35355339059327373 0.35355339059327373 0 0
0 0 0.35355339059327373 -0.35355339059327373 0.35355339059327373 -0.35355339059327373 0 0 0 0 0.35355339059327373 0.35355339059327373 0.35355339059327373 0.35355339059327373 0 0
0 0 0.35355339059327373 -0.35355339059327373 0.35355339059327373 -0.35355339059327373 0 0 0 0 0.35355339059327373 0.35355339059327373 -0.35355339059327373 -0.35355339059327373 0 0
0 0 0.35355339059327373 -0.35355339059327373 0.35355339059327373 -0.35355339059327373 0 0 0 0 0.35355339059327373 -0.35355339059327373 0.35355339059327373 -0.35355339059327373 0 0
0 0 0.35355339059327373 -0.35355339059327373 0.35355339059327373 -0.35355339059327373 0 0 0 0 0.35355339059327373 -0.35355339059327373 -0.35355339059327373 0.35355339059327373 0 0
0 0 0.35355339059327373 -0.35355339059327373 0.35355339059327373 -0.35355339059327373 0 0 0 0 -0.35355339059327373 0.35355339059327373 0.35355339059327373 -0.35355339059327373 0 0
0 0 0.35355339059327373 -0.35355339059327373 0.35355339059327373 -0.35355339059327373 0 0 0 0 -0.35355339059327373 0.35355339059327373 -0.35355339059327373 0.35355339059327373 0 0
0 0 0.35355339059327373 -0.35355339059327373 0.35355339059327373 -0.35355339059327373 0 0 0 0 -0.35355339059327373 -0.35355339059327373 0.35355339059327373 0.35355339059327373 0 0
0 0 0.35355339059327373 -0.35355339059327373 0.35355339059327373 -0.35355339059327373 0 0 0 0 -0.35355339059327373 -0.35355339059327373 -0.35355339059327373 -0.35355339059327373 0 0
0 0 0.35355339059327373 -0.35355339059327373 -0.35355339059327373 0.35355339059327373 0 0 0 0 0.35355339059327373 0.35355339059327373 0.35355339059327373 0.35355339059327373 0 0
0 0 0.35355339059327373 -0.35355339059327373 -0.35355339059327373 0.35355339059327373 0 0 0 0 0.35355339059327373 0.35355339059327373 -0.35355339059327373 -0.35355339059327373 0 0
0 0 0.35355339059327373 -0.35355339059327373 -0.35355339059327373 0.35355339059327373 0 0 0 0 0.35355339059327373 -0.35355339059327373 0.35355339059327373 -0.35355339059327373 0 0
0 0 0.35355339059327373 -0.35355339059327373 -0.35355339059327373 0.35355339059327373 0 0 0 0 0.35355339059327373 -0.35355339059327373 -0.35355339059327373 0.35355339059327373 0 0
0 0 0.35355339059327373 -0.35355339059327373 -0.35355339059327373 0.35355339059327373 0 0 0 0 -0.35355339059327373 0.35355339059327373 0.35355339059327373 -0.35355339059327373 0 0
0 0 0.35355339059327373 -0.35355339059327373 -0.35355339059327373 0.35355339059327373 0 0 0 0 -0.35355339059327373 0.35355339059327373 -0.35355339059327373 0.35355339059327373 0 0
0 0 0.35355339059327373 -0.35355339059327373 -0.35355339059327373 0.35355339059327373 0 0 0 0 -0.35355339059327373 -0.35355339059327373 0.35355339059327373 0.35355339059327373 0 0
0 0 0.35355339059327373 -0.35355339059327373 -0.35355339059327373 0.35355339059327373 0 0 0 0 -0.35355339059327373 -0.35355339059327373 -0.35355339059327373 -0.35355339059327373 0 0
0 0 0.35355339059327373 -0.35355339059327373 -0.35355339059327373 -0.35355339059327373 0 0 0 0 0.35355339059327373 0.35355339059327373 0.35355339059327373 -0.35355339059327373 0 0
0 0 0.35355339059327373 -0.35355339059327373 -0.35355339059327373 -0.35355339059327373 0 0 0 0 0.35355339059327373 0.35355339059327373 -0.35355339059327373 0.35355339059327373 0 0
0 0 0.35355339059327373 -0.35355339059327373 -0.35355339059327373 -0.35355339059327373 0 0 0 0 0.35355339059327373 -0.35355339059327373 0.35355339059327373 0.35355339059327373 0 0
0 0 0.35355339059327373 -0.35355339059327373 -0.35355339059327373 -0.35355339059327373 0 0 0 0 0.35355339059327373 -0.35355339059327373 -0.35355339059327373 -0.35355339059327373 0 0
0 0 0.35355339059327373 -0.35355339059327373 -0.35355339059327373 -0.35355339059327373 0 0 0 0 -0.35355339059327373 0.35355339059327373 0.35355339059327373 0.35355339059327373 0 0
0 0 0.35355339059327373 -0.35355339059327373 -0.35355339059327373 -0.35355339059327373 0 0 0 0 -0.35355339059327373 0.35355339059327373 -0.35355339059327373 -0.35355339059327373 0 0
0 0 0.35355339059327373 -0.35355339059327373 -0.35355339059327373 -0.35355339059327373 0 0 0 0 -0.35355339059327373 -0.35355339059327373 0.35355339059327373 -0.35355339059327373 0 0
0 0 0.35355339059327373 -0.35355339059327373 -0.35355339059327373 -0.35355339059327373 0 0 0 0 -0.35355339059327373 -0.35355339059327373 -0.35355339059327373 0.35355339059327373 0 0
0 0 -0.35355339059327373 0.35355339059327373 0.35355339059327373 0.35355339059327373 0 0 0 0 0.35355339059327373 0.35355339059327373 0.35355339059327373 -0.35355339059327373 0 0
0 0 -0.35355339059327373 0.35355339059327373 0.35355339059327373 0.35355339059327373 0 0 0 0 0.35355339059327373 0.35355339059327373 -0.35355339059327373 0.35355339059327373 0 0
0 0 -0.35355339059327373 0.35355339059327373 0.35355339059327373 0.35355339059327373 0 0 0 0 0.35355339059327373 -0.35355339059327373 0.35355339059327373 0.35355339059327373 0 0
0 0 -0.35355339059327373 0.35355339059327373 0.35355339059327373 0.35355339059327373 0 0 0 0 0.35355339059327373 -0.35355339059327373 -0.35355339059327373 -0.35355339059327373 0 0
0 0 -0.35355339059327373 0.35355339059327373 0.35355339059327373 0.35355339059327373 0 0 0 0 -0.35355339059327373 0.35355339059327373 0.35355339059327373 0.35355339059327373 0 0
0 0 -0.35355339059327373 0.35355339059327373 0.35355339059327373 0.35355339059327373 0 0 0 0 -0.35355339059327373 0.35355339059327373 -0.35355339059327373 -0.35355339059327373 0 0
0 0 -0.35355339059327373 0.35355339059327373 0.35355339059327373 0.35355339059327373 0 0 0 0 -0.35355339059327373 -0.35355339059327373 0.35355339059327373 -0.35355339059327373 0 0
0 0 -0.35355339059327373 0.35355339059327373 0.35355339059327373 0.35355339059327373 0 0 0 0 -0.35355339059327373 -0.35355339059327373 -0.35355339059327373 0.35355339059327373 0 0
0 0 -0.35355339059327373 0.35355339059327373 0.35355339059327373 -0.35355339059327373 0 0 0 0 0.35355339059327373 0.35355339059327373 0.35355339059327373 0.35355339059327373 0 0
0 0 -0.35355339059327373 0.35355339059327373 0.35355339059327373 -0.35355339059327373 0 0 0 0 0.35355339059327373 0.35355339059327373 -0.35355339059327373 -0.35355339059327373 0 0
0 0 -0.35355339059327373 0.35355339059327373 0.35355339059327373 -0.35355339059327373 0 0 0 0 0.35355339059327373 -0.35355339059327373 0.35355339059327373 -0.35355339059327373 0 0
0 0 -0.35355339059327373 0.35355339059327373 0.35355339059327373 -0.35355339059327373 0 0 0 0 0.35355339059327373 -0.35355339059327373 -0.35355339059327373 0.35355339059327373 0 0
0 0 -0.35355339059327373 0.35355339059327373 0.35355339059327373 -0.35355339059327373 0 0 0 0 -0.35355339059327373 0.35355339059327373 0.35355339059327373 -0.35355339059327373 0 0
0 0 -0.35355339059327373 0.35355339059327373 0.35355339059327373 -0.35355339059327373 0 0 0 0 -0.35355339059327373 0.35355339059327373 -0.35355339059327373 0.35355339059327373 0 0
0 0 -0.35355339059327373 0.35355339059327373 0.35355339059327373 -0.35355339059327373 0 0 0 0 -0.35355339059327373 -0.35355339059327373 0.35355339059327373 0.35355339059327373 0 0
0 0 -0.35355339059327373 0.35355339059327373 0.35355339059327373 -0.35355339059327373 0 0 0 0 -0.35355339059327373 -0.35355339059327373 -0.35355339059327373 -0.35355339059327373 0 0
0 0 -0.35355339059327373 0.35355339059327373 -0.35355339059327373 0.35355339059327373 0 0 0 0 0.35355339059327373 0.35355339059327373 0.35355339059327373 0.35355339059327373 0 0
0 0 -0.35355339059327373 0.35355339059327373 -0.35355339059327373 0.35355339059327373 0 0 0 0 0.35355339059327373 0.35355339059327373 -0.35355339059327373 -0.35355339059327373 0 0
0 0 -0.35355339059327373 0.35355339059327373 -0.35355339059327373 0.35355339059327373 0 0 0 0 0.35355339059327373 -0.35355339059327373 0.35355339059327373 -0.35355339059327373 0 0
0 0 -0.35355339059327373 0.35355339059327373 -0.35355339059327373 0.35355339059327373 0 0 0 0 0.35355339059327373 -0.35355339059327373 -0.35355339059327373 0.35355339059327373 0 0
0 0 -0.35355339059327373 0.35355339059327373 -0.35355339059327373 0.35355339059327373 0 0 0 0 -0.35355339059327373 0.35355339059327373 0.35355339059327373 -0.35355339059327373 0 0
0 0 -0.35355339059327373 0.35355339059327373 -0.35355339059327373 0.35355339059327373 0 0 0 0 -0.35355339059327373 0.35355339059327373 -0.35355339059327373 0.35355339059327373 0 0
0 0 -0.35355339059327373 0.35355339059327373 -0.35355339059327373 0.35355339059327373 0 0 0 0 -0.35355339059327373 -0.35355339059327373 0.35355339059327373 0.35355339059327373 0 0
0 0 -0.35355339059327373 0.35355339059327373 -0.35355339059327373 0.35355339059327373 0 0 0 0 -0.35355339059327373 -0.35355339059327373 -0.35355339059327373 -0.35355339059327373 0 0
0 0 -0.35355339059327373 0.35355339059327373 -0.35355339059327373 -0.35355339059327373 0 0 0 0 0.35355339059327373 0.35355339059327373 0.35355339059327373 -0.35355339059327373 0 0
0 0 -0.35355339059327373 0.35355339059327373 -0.35355339059327373 -0.35355339059327373 0 0 0 0 0.35355339059327373 0.35355339059327373 -0.35355339059327373 0.35355339059327373 0 0
0 0 -0.35355339059327373 0.35355339059327373 -0.35355339059327373 -0.35355339059327373 0 0 0 0 0.35355339059327373 -0.35355339059327373 0.35355339059327373 0.35355339059327373 0 0
0 0 -0.35355339059327373 0.35355339059327373 -0.35355339059327373 -0.35355339059327373 0 0 0 0 0.35355339059327373 -0.35355339059327373 -0.35355339059327373 -0.35355339059327373 0 0
0 0 -0.35355339059327373 0.35355339059327373 -0.35355339059327373 -0.35355339059327373 0 0 0 0 -0.35355339059327373 0.35355339059327373 0.35355339059327373 0.35355339059327373 0 0
0 0 -0.35355339059327373 0.35355339059327373 -0.35355339059327373 -0.35355339059327373 0 0 0 0 -0.35355339059327373 0.35355339059327373 -0.35355339059327373 -0.35355339059327373 0 0
0 0 -0.35355339059327373 0.35355339059327373 -0.35355339059327373 -0.35355339059327373 0 0 0 0 -0.35355339059327373 -0.35355339059327373 0.35355339059327373 -0.35355339059327373 0 0
0 0 -0.35355339059327373 0.35355339059327373 -0.35355339059327373 -0.35355339059327373 0 0 0 0 -0.35355339059327373 -0.35355339059327373 -0.35355339059327373 0.35355339059327373 0 0
0 0 -0.35355339059327373 -0.35355339059327373 0.35355339059327373 0.35355339059327373 0 0 0 0 0.35355339059327373 0.35355339059327373 0.35355339059327373 0.35355339059327373 0 0
0 0 -0.35355339059327373 -0.35355339059327373 0.35355339059327373 0.35355339059327373 0 0 0 0 0.35355339059327373 0.35355339059327373 -0.35355339059327373 -0.35355339059327373 0 0
0 0 -0.35355339059327373 -0.35355339059327373 0.35355339059327373 0.35355339059327373 0 0 0 0 0.35355339059327373 -0.35355339059327373 0.35355339059327373 -0.35355339059327373 0 0
0 0 -0.35355339059327373 -0.35355339059327373 0.35355339059327373 0.35355339059327373 0 0 0 0 0.35355339059327373 -0.35355339059327373 -0.35355339059327373 0.35355339059327373 0 0
0 0 -0.35355339059327373 -0.35355339059327373 0.35355339059327373 0.35355339059327373 0 0 0 0 -0.35355339059327373 0.35355339059327373 0.35355339059327373 -0.35355339059327373 0 0
0 0 -0.35355339059327373 -0.35355339059327373 0.35355339059327373 0.35355339059327373 0 0 0 0 -0.35355339059327373 0.35355339059327373 -0.35355339059327373 0.35355339059327373 0 0
0 0 -0.35355339059327373 -0.35355339059327373 0.35355339059327373 0.35355339059327373 0 0 0 0 -0.35355339059327373 -0.35355339059327373 0.35355339059327373 0.35355339059327373 0 0
0 0 -0.35355339059327373 -0.35355339059327373 0.35355339059327373 0.35355339059327373 0 0 0 0 -0.35355339059327373 -0.35355339059327373 -0.35355339059327373 -0.35355339059327373 0 0
0 0 -0.35355339059327373 -0.35355339059327373 0.35355339059327373 -0.35355339059327373 0 0 0 0 0.35355339059327373 0.35355339059327373 0.35355339059327373 -0.35355339059327373 0 0
0 0 -0.35355339059327373 -0.35355339059327373 0.35355339059327373 -0.35355339059327373 0 0 0 0 0.35355339059327373 0.35355339059327373 -0.35355339059327373 0.35355339059327373 0 0
0 0 -0.35355339059327373 -0.35355339059327373 0.35355339059327373 -0.35355339059327373 0 0 0 0 0.35355339059327373 -0.35355339059327373 0.35355339059327373 0.35355339059327373 0 0
0 0 -0.35355339059327373 -0.35355339059327373 0.35355339059327373 -0.35355339059327373 0 0 0 0 0.35355339059327373 -0.35355339059327373 -0.35355339059327373 -0.35355339059327373 0 0
0 0 -0.35355339059327373 -0.35355339059327373 0.35355339059327373 -0.35355339059327373 0 0 0 0 -0.35355339059327373 0.35355339059327373 0.35355339059327373 0.35355339059327373 0 0
0 0 -0.35355339059327373 -0.35355339059327373 0.35355339059327373 -0.35355339059327373 0 0 0 0 -0.35355339059327373 0.35355339059327373 -0.35355339059327373 -0.35355339059327373 0 0
0 0 -0.35355339059327373 -0.35355339059327373 0.35355339059327373 -0.35355339059327373 0 0 0 0 -0.35355339059327373 -0.35355339059327373 0.35355339059327373 -0.35355339059327373 0 0
0 0 -0.35355339059327373 -0.35355339059327373 0.35355339059327373 -0.35355339059327373 0 0 0 0 -0.35355339059327373 -0.35355339059327373 -0.35355339059327373 0.35355339059327373 0 0
0 0 -0.35355339059327373 -0.35355339059327373 -0.35355339059327373 0.35355339059327373 0 0 0 0 0.35355339059327373 0.35355339059327373 0.35355339059327373 -0.35355339059327373 0 0
0 0 -0.35355339059327373 -0.35355339059327373 -0.35355339059327373 0.35355339059327373 0 0 0 0 0.35355339059327373 0.35355339059327373 -0.35355339059327373 0.35355339059327373 0 0
0 0 -0.35355339059327373 -0.35355339059327373 -0.35355339059327373 0.35355339059327373 0 0 0 0 0.35355339059327373 -0.35355339059327373 0.35355339059327373 0.35355339059327373 0 0
0 0 -0.35355339059327373 -0.35355339059327373 -0.35355339059327373 0.35355339059327373 0 0 0 0 0.35355339059327373 -0.35355339059327373 -0.35355339059327373 -0.35355339059327373 0 0
0 0 -0.35355339059327373 -0.35355339059327373 -0.35355339059327373 0.35355339059327373 0 0 0 0 -0.35355339059327373 0.35355339059327373 0.35355339059327373 0.35355339059327373 0 0
0 0 -0.35355339059327373 -0.35355339059327373 -0.35355339059327373 0.35355339059327373 0 0 0 0 -0.35355339059327373 0.35355339059327373 -0.35355339059327373 -0.35355339059327373 0 0
0 0 -0.35355339059327373 -0.35355339059327373 -0.35355339059327373 0.35355339059327373 0 0 0 0 -0.35355339059327373 -0.35355339059327373 0.35355339059327373 -0.35355339059327373 0 0
0 0 -0.35355339059327373 -0.35355339059327373 -0.35355339059327373 0.35355339059327373 0 0 0 0 -0.35355339059327373 -0.35355339059327373 -0.35355339059327373 0.35355339059327373 0 0
0 0 -0.35355339059327373 -0.35355339059327373 -0.35355339059327373 -0.35355339059327373 0 0 0 0 0.35355339059327373 0.35355339059327373 0.35355339059327373 0.35355339059327373 0 0
0 0 -0.35355339059327373 -0.35355339059327373 -0.35355339059327373 -0.35355339059327373 0 0 0 0 0.35355339059327373 0.35355339059327373 -0.35355339059327373 -0.35355339059327373 0 0
0 0 -0.35355339059327373 -0.35355339059327373 -0.35355339059327373 -0.35355339059327373 0 0 0 0 0.35355339059327373 -0.35355339059327373 0.35355339059327373 -0.35355339059327373 0 0
0 0 -0.35355339059327373 -0.35355339059327373 -0.35355339059327373 -0.35355339059327373 0 0 0 0 0.35355339059327373 -0.35355339059327373 -0.35355339059327373 0.35355339059327373 0 0
0 0 -0.35355339059327373 -0.35355339059327373 -0.35355339059327373 -0.35355339059327373 0 0 0 0 -0.35355339059327373 0.35355339059327373 0.35355339059327373 -0.35355339059327373 0 0
0 0 -0.35355339059327373 -0.35355339059327373 -0.35355339059327373 -0.35355339059327373 0 0 0 0 -0.35355339059327373 0.35355339059327373 -0.35355339059327373 0.35355339059327373 0 0
0 0 -0.35355339059327373 -0.35355339059327373 -0.35355339059327373 -0.35355339059327373 0 0 0 0 -0.35355339059327373 -0.35355339059327373 0.35355339059327373 0.35355339059327373 0 0
0 0 -0.35355339059327373 -0.35355339059327373 -0.35355339059327373 -0.35355339059327373 0 0 0 0 -0.35355339059327373 -0.35355339059327373 -0.35355339059327373 -0.35355339059327373 0 0
0.35355339059327373 0.35355339059327373 0 0 0 0 0.35355339059327373 0.35355339059327373 0.35355339059327373 0.35355339059327373 0 0 0 0 0.35355339059327373 0.35355339059327373
0.35355339059327373 0.35355339059327373 0 0 0 0 0.35355339059327373 0.35355339059327373 0.35355339059327373 0.35355339059327373 0 0 0 0 -0.35355339059327373 -0.35355339059327373
0.35355339059327373 0.35355339059327373 0 0 0 0 0.35355339059327373 0.35355339059327373 0.35355339059327373 -0.35355339059327373 0 0 0 0 0.35355339059327373 -0.35355339059327373
0.35355339059327373 0.35355339059327373 0 0 0 0 0.35355339059327373 0.35355339059327373 0.35355339059327373 -0.35355339059327373 0 0 0 0 -0.35355339059327373 0.35355339059327373
0.35355339059327373 0.35355339059327373 0 0 0 0 0.35355339059327373 0.35355339059327373 -0.35355339059327373 0.35355339059327373 0 0 0 0 0.35355339059327373 -0.35355339059327373
0.35355339059327373 0.35355339059327373 0 0 0 0 0.35355339059327373 0.35355339059327373 -0.35355339059327373 0.35355339059327373 0 0 0 0 -0.35355339059327373 0.35355339059327373
0.35355339059327373 0.35355339059327373 0 0 0 0 0.35355339059327373 0.35355339059327373 -0.35355339059327373 -0.35355339059327373 0 0 0 0 0.35355339059327373 0.35355339059327373
0.35355339059327373 0.35355339059327373 0 0 0 0 0.35355339059327373 0.35355339059327373 -0.35355339059327373 -0.35355339059327373 0 0 0 0 -0.35355339059327373 -0.35355339059327373
0.35355339059327373 0.35355339059327373 0 0 0 0 0.35355339059327373 -0.35355339059327373 0.35355339059327373 0.35355339059327373 0 0 0 0 0.35355339059327373 -0.35355339059327373
0.35355339059327373 0.35355339059327373 0 0 0 0 0.35355339059327373 -0.35355339059327373 0.35355339059327373 0.35355339059327373 0 0 0 0 -0.35355339059327373 0.35355339059327373
0.35355339059327373 0.35355339059327373 0 0 0 0 0.35355339059327373 -0.35355339059327373 0.35355339059327373 -0.35355339059327373 0 0 0 0 0.35355339059327373 0.35355339059327373
0.35355339059327373 0.35355339059327373 0 0 0 0 0.35355339059327373 -0.35355339059327373 0.35355339059327373 -0.35355339059327373 0 0 0 0 -0.35355339059327373 -0.35355339059327373
0.35355339059327373 0.35355339059327373 0 0 0 0 0.35355339059327373 -0.35355339059327373 -0.35355339059327373 0.35355339059327373 0 0 0 0 0.35355339059327373 0.35355339059327373
0.35355339059327373 0.35355339059327373 0 0 0 0 0.35355339059327373 -0.35355339059327373 -0.35355339059327373 0.35355339059327373 0 0 0 0 -0.35355339059327373 -0.35355339059327373
0.35355339059327373 0.35355339059327373 0 0 0 0 0.35355339059327373 -0.35355339059327373 -0.35355339059327373 -0.35355339059327373 0 0 0 0 0.35355339059327373 -0.35355339059327373
0.35355339059327373 0.35355339059327373 0 0 0 0 0.35355339059327373 -0.35355339059327373 -0.35355339059327373 -0.35355339059327373 0 0 0 0 -0.35355339059327373 0.35355339059327373
0.35355339059327373 0.35355339059327373 0 0 0 0 -0.35355339059327373 0.35355339059327373 0.35355339059327373 0.35355339059327373 0 0 0 0 0.35355339059327373 -0.35355339059327373
0.35355339059327373 0.35355339059327373 0 0 0 0 -0.35355339059327373 0.35355339059327373 0.35355339059327373 0.35355339059327373 0 0 0 0 -0.35355339059327373 0.35355339059327373
0.35355339059327373 0.35355339059327373 0 0 0 0 -0.35355339059327373 0.35355339059327373 0.35355339059327373 -0.35355339059327373 0 0 0 0 0.35355339059327373 0.35355339059327373
0.35355339059327373 0.35355339059327373 0 0 0 0 -0.35355339059327373 0.35355339059327373 0.35355339059327373 -0.35355339059327373 0 0 0 0 -0.35355339059327373 -0.35355339059327373
0.35355339059327373 0.35355339059327373 0 0 0 0 -0.35355339059327373 0.35355339059327373 -0.35355339059327373 0.35355339059327373 0 0 0 0 0.35355339059327373 0.35355339059327373
0.35355339059327373 0.35355339059327373 0 0 0 0 -0.35355339059327373 0.35355339059327373 -0.35355339059327373 0.35355339059327373 0 0 0 0 -0.35355339059327373 -0.35355339059327373
0.35355339059327373 0.35355339059327373 0 0 0 0 -0.35355339059327373 0.35355339059327373 -0.35355339059327373 -0.35355339059327373 0 0 0 0 0.35355339059327373 -0.35355339059327373
0.35355339059327373 0.35355339059327373 0 0 0 0 -0.35355339059327373 0.35355339059327373 -0.35355339059327373 -0.35355339059327373 0 0 0 0 -0.35355339059327373 0.35355339059327373
0.35355339059327373 0.35355339059327373 0 0 0 0 -0.35355339059327373 -0.35355339059327373 0.35355339059327373 0.35355339059327373 0 0 0 0 0.35355339059327373 0.35355339059327373
0.35355339059327373 0.35355339059327373 0 0 0 0 -0.35355339059327373 -0.35355339059327373 0.35355339059327373 0.35355339059327373 0 0 0 0 -0.35355339059327373 -0.35355339059327373
0.35355339059327373 0.35355339059327373 0 0 0 0 -0.35355339059327373 -0.35355339059327373 0.35355339059327373 -0.35355339059327373 0 0 0 0 0.35355339059327373 -0.35355339059327373
0.35355339059327373 0.35355339059327373 0 0 0 0 -0.35355339059327373 -0.35355339059327373 0.35355339059327373 -0.35355339059327373 0 0 0 0 -0.35355339059327373 0.35355339059327373
0.35355339059327373 0.35355339059327373 0 0 0 0 -0.35355339059327373 -0.35355339059327373 -0.35355339059327373 0.35355339059327373 0 0 0 0 0.35355339059327373 -0.35355339059327373
0.35355339059327373 0.35355339059327373 0 0 0 0 -0.35355339059327373 -0.35355339059327373 -0.35355339059327373 0.35355339059327373 0 0 0 0 -0.35355339059327373 0.35355339059327373
0.35355339059327373 0.35355339059327373 0 0 0 0 -0.35355339059327373 -0.35355339059327373 -0.35355339059327373 -0.35355339059327373 0 0 0 0 0.35355339059327373 0.35355339059327373
0.35355339059327373 0.35355339059327373 0 0 0 0 -0.35355339059327373 -0.35355339059327373 -0.35355339059327373 -0.35355339059327373 0 0 0 0 -0.35355339059327373 -0.35355339059327373
0.35355339059327373 -0.35355339059327373 0 0 0 0 0.35355339059327373 0.35355339059327373 0.35355339059327373 0.35355339059327373 0 0 0 0 0.35355339059327373 -0.35355339059327373
0.35355339059327373 -0.35355339059327373 0 0 0 0 0.35355339059327373 0.35355339059327373 0.35355339059327373 0.35355339059327373 0 0 0 0 -0.35355339059327373 0.35355339059327373
0.35355339059327373 -0.35355339059327373 0 0 0 0 0.35355339059327373 0.35355339059327373 0.35355339059327373 -0.35355339059327373 0 0 0 0 0.35355339059327373 0.35355339059327373
0.35355339059327373 -0.35355339059327373 0 0 0 0 0.35355339059327373 0.35355339059327373 0.35355339059327373 -0.35355339059327373 0 0 0 0 -0.35355339059327373 -0.35355339059327373
0.35355339059327373 -0.35355339059327373 0 0 0 0 0.35355339059327373 0.35355339059327373 -0.35355339059327373 0.35355339059327373 0 0 0 0 0.35355339059327373 0.35355339059327373
0.35355339059327373 -0.35355339059327373 0 0 0 0 0.35355339059327373 0.35355339059327373 -0.35355339059327373 0.35355339059327373 0 0 0 0 -0.35355339059327373 -0.35355339059327373
0.35355339059327373 -0.35355339059327373 0 0 0 0 0.35355339059327373 0.35355339059327373 -0.35355339059327373 -0.35355339059327373 0 0 0 0 0.35355339059327373 -0.35355339059327373
0.35355339059327373 -0.35355339059327373 0 0 0 0 0.35355339059327373 0.35355339059327373 -0.35355339059327373 -0.35355339059327373 0 0 0 0 -0.35355339059327373 0.35355339059327373
0.35355339059327373 -0.35355339059327373 0 0 0 0 0.35355339059327373 -0.35355339059327373 0.35355339059327373 0.35355339059327373 0 0 0 0 0.35355339059327373 0.35355339059327373
0.35355339059327373 -0.35355339059327373 0 0 0 0 0.35355339059327373 -0.35355339059327373 0.35355339059327373 0.35355339059327373 0 0 0 0 -0.35355339059327373 -0.35355339059327373
0.35355339059327373 -0.35355339059327373 0 0 0 0 0.35355339059327373 -0.35355339059327373 0.35355339059327373 -0.35355339059327373 0 0 0 0 0.35355339059327373 -0.35355339059327373
0.35355339059327373 -0.35355339059327373 0 0 0 0 0.35355339059327373 -0.35355339059327373 0.35355339059327373 -0.35355339059327373 0 0 0 0 -0.35355339059327373 0.35355339059327373
0.35355339059327373 -0.35355339059327373 0 0 0 0 0.35355339059327373 -0.35355339059327373 -0.35355339059327373 0.35355339059327373 0 0 0 0 0.35355339059327373 -0.35355339059327373
0.35355339059327373 -0.35355339059327373 0 0 0 0 0.35355339059327373 -0.35355339059327373 -0.35355339059327373 0.35355339059327373 0 0 0 0 -0.35355339059327373 0.35355339059327373
0.35355339059327373 -0.35355339059327373 0 0 0 0 0.35355339059327373 -0.35355339059327373 -0.35355339059327373 -0.35355339059327373 0 0 0 0 0.35355339059327373 0.35355339059327373
0.35355339059327373 -0.35355339059327373 0 0 0 0 0.35355339059327373 -0.35355339059327373 -0.35355339059327373 -0.35355339059327373 0 0 0 0 -0.35355339059327373 -0.35355339059327373
0.35355339059327373 -0.35355339059327373 0 0 0 0 -0.35355339059327373 0.35355339059327373 0.35355339059327373 0.35355339059327373 0 0 0 0 0.35355339059327373 0.35355339059327373
0.35355339059327373 -0.35355339059327373 0 0 0 0 -0.35355339059327373 0.35355339059327373 0.35355339059327373 0.35355339059327373 0 0 0 0 -0.35355339059327373 -0.35355339059327373
0.35355339059327373 -0.35355339059327373 0 0 0 0 -0.35355339059327373 0.35355339059327373 0.35355339059327373 -0.35355339059327373 0 0 0 0 0.35355339059327373 -0.35355339059327373
0.35355339059327373 -0.35355339059327373 0 0 0 0 -0.35355339059327373 0.35355339059327373 0.35355339059327373 -0.35355339059327373 0 0 0 0 -0.35355339059327373 0.35355339059327373
0.35355339059327373 -0.35355339059327373 0 0 0 0 -0.35355339059327373 0.35355339059327373 -0.35355339059327373 0.35355339059327373 0 0 0 0 0.35355339059327373 -0.35355339059327373
0.35355339059327373 -0.35355339059327373 0 0 0 0 -0.35355339059327373 0.35355339059327373 -0.35355339059327373 0.35355339059327373 0 0 0 0 -0.35355339059327373 0.35355339059327373
0.35355339059327373 -0.35355339059327373 0 0 0 0 -0.35355339059327373 0.35355339059327373 -0.35355339059327373 -0.35355339059327373 0 0 0 0 0.35355339059327373 0.35355339059327373
0.35355339059327373 -0.35355339059327373 0 0 0 0 -0.35355339059327373 0.35355339059327373 -0.35355339059327373 -0.35355339059327373 0 0 0 0 -0.35355339059327373 -0.35355339059327373
0.35355339059327373 -0.35355339059327373 0 0 0 0 -0.35355339059327373 -0.35355339059327373 0.35355339059327373 0.35355339059327373 0 0 0 0 0.35355339059327373 -0.35355339059327373
0.35355339059327373 -0.35355339059327373 0 0 0 0 -0.35355339059327373 -0.35355339059327373 0.35355339059327373 0.35355339059327373 0 0 0 0 -0.35355339059327373 0.35355339059327373
0.35355339059327373 -0.35355339059327373 0 0 0 0 -0.35355339059327373 -0.35355339059327373 0.35355339059327373 -0.35355339059327373 0 0 0 0 0.35355339059327373 0.35355339059327373
0.35355339059327373 -0.35355339059327373 0 0 0 0 -0.35355339059327373 -0.35355339059327373 0.35355339059327373 -0.35355339059327373 0 0 0 0 -0.35355339059327373 -0.35355339059327373
0.35355339059327373 -0.35355339059327373 0 0 0 0 -0.35355339059327373 -0.35355339059327373 -0.35355339059327373 0.35355339059327373 0 0 0 0 0.35355339059327373 0.35355339059327373
0.35355339059327373 -0.35355339059327373 0 0 0 0 -0.35355339059327373 -0.35355339059327373 -0.35355339059327373 0.35355339059327373 0 0 0 0 -0.35355339059327373 -0.35355339059327373
0.35355339059327373 -0.35355339059327373 0 0 0 0 -0.35355339059327373 -0.35355339059327373 -0.35355339059327373 -0.35355339059327373 0 0 0 0 0.35355339059327373 -0.35355339059327373
0.35355339059327373 -0.35355339059327373 0 0 0 0 -0.35355339059327373 -0.35355339059327373 -0.35355339059327373 -0.35355339059327373 0 0 0 0 -0.35355339059327373 0.35355339059327373
-0.35355339059327373 0.35355339059327373 0 0 0 0 0.35355339059327373 0.35355339059327373 0.35355339059327373 0.35355339059327373 0 0 0 0 0.35355339059327373 -0.35355339059327373
-0.35355339059327373 0.35355339059327373 0 0 0 0 0.35355339059327373 0.35355339059327373 0.35355339059327373 0.35355339059327373 0 0 0 0 -0.35355339059327373 0.35355339059327373
-0.35355339059327373 0.35355339059327373 0 0 0 0 0.35355339059327373 0.35355339059327373 0.35355339059327373 -0.35355339059327373 0 0 0 0 0.35355339059327373 0.35355339059327373
-0.35355339059327373 0.35355339059327373 0 0 0 0 0.35355339059327373 0.35355339059327373 0.35355339059327373 -0.35355339059327373 0 0 0 0 -0.35355339059327373 -0.35355339059327373
-0.35355339059327373 0.35355339059327373 0 0 0 0 0.35355339059327373 0.35355339059327373 -0.35355339059327373 0.35355339059327373 0 0 0 0 0.35355339059327373 0.35355339059327373
-0.35355339059327373 0.35355339059327373 0 0 0 0 0.35355339059327373 0.35355339059327373 -0.35355339059327373 0.35355339059327373 0 0 0 0 -0.35355339059327373 -0.35355339059327373
-0.35355339059327373 0.35355339059327373 0 0 0 0 0.35355339059327373 0.35355339059327373 -0.35355339059327373 -0.35355339059327373 0 0 0 0 0.35355339059327373 -0.35355339059327373
-0.35355339059327373 0.35355339059327373 0 0 0 0 0.35355339059327373 0.35355339059327373 -0.35355339059327373 -0.35355339059327373 0 0 0 0 -0.35355339059327373 0.35355339059327373
-0.35355339059327373 0.35355339059327373 0 0 0 0 0.35355339059327373 -0.35355339059327373 0.35355339059327373 0.35355339059327373 0 0 0 0 0.35355339059327373 0.35355339059327373
-0.35355339059327373 0.35355339059327373 0 0 0 0 0.35355339059327373 -0.35355339059327373 0.35355339059327373 0.35355339059327373 0 0 0 0 -0.35355339059327373 -0.35355339059327373
-0.35355339059327373 0.35355339059327373 0 0 0 0 0.35355339059327373 -0.35355339059327373 0.35355339059327373 -0.35355339059327373 0 0 0 0 0.35355339059327373 -0.35355339059327373
-0.35355339059327373 0.35355339059327373 0 0 0 0 0.35355339059327373 -0.35355339059327373 0.35355339059327373 -0.35355339059327373 0 0 0 0 -0.35355339059327373 0.35355339059327373
-0.35355339059327373 0.35355339059327373 0 0 0 0 0.35355339059327373 -0.35355339059327373 -0.35355339059327373 0.35355339059327373 0 0 0 0 0.35355339059327373 -0.35355339059327373
-0.35355339059327373 0.35355339059327373 0 0 0 0 0.35355339059327373 -0.35355339059327373 -0.35355339059327373 0.35355339059327373 0 0 0 0 -0.35355339059327373 0.35355339059327373
-0.35355339059327373 0.35355339059327373 0 0 0 0 0.35355339059327373 -0.35355339059327373 -0.35355339059327373 -0.35355339059327373 0 0 0 0 0.35355339059327373 0.35355339059327373
-0.35355339059327373 0.35355339059327373 0 0 0 0 0.35355339059327373 -0.35355339059327373 -0.35355339059327373 -0.35355339059327373 0 0 0 0 -0.35355339059327373 -0.35355339059327373
-0.35355339059327373 0.35355339059327373 0 0 0 0 -0.35355339059327373 0.35355339059327373 0.35355339059327373 0.35355339059327373 0 0 0 0 0.35355339059327373 0.35355339059327373
-0.35355339059327373 0.35355339059327373 0 0 0 0 -0.35355339059327373 0.35355339059327373 0.35355339059327373 0.35355339059327373 0 0 0 0 -0.35355339059327373 -0.35355339059327373
-0.35355339059327373 0.35355339059327373 0 0 0 0 -0.35355339059327373 0.35355339059327373 0.35355339059327373 -0.35355339059327373 0 0 0 0 0.35355339059327373 -0.35355339059327373
-0.35355339059327373 0.35355339059327373 0 0 0 0 -0.35355339059327373 0.35355339059327373 0.35355339059327373 -0.35355339059327373 0 0 0 0 -0.35355339059327373 0.35355339059327373
-0.35355339059327373 0.35355339059327373 0 0 0 0 -0.35355339059327373 0.35355339059327373 -0.35355339059327373 0.35355339059327373 0 0 0 0 0.35355339059327373 -0.35355339059327373
-0.35355339059327373 0.35355339059327373 0 0 0 0 -0.35355339059327373 0.35355339059327373 -0.35355339059327373 0.35355339059327373 0 0 0 0 -0.35355339059327373 0.35355339059327373
-0.35355339059327373 0.35355339059327373 0 0 0 0 -0.35355339059327373 0.35355339059327373 -0.35355339059327373 -0.35355339059327373 0 0 0 0 0.35355339059327373 0.35355339059327373
-0.35355339059327373 0.35355339059327373 0 0 0 0 -0.35355339059327373 0.35355339059327373 -0.35355339059327373 -0.35355339059327373 0 0 0 0 -0.35355339059327373 -0.35355339059327373
-0.35355339059327373 0.35355339059327373 0 0 0 0 -0.35355339059327373 -0.35355339059327373 0.35355339059327373 0.35355339059327373 0 0 0 0 0.35355339059327373 -0.35355339059327373
-0.35355339059327373 0.35355339059327373 0 0 0 0 -0.35355339059327373 -0.35355339059327373 0.35355339059327373 0.35355339059327373 0 0 0 0 -0.35355339059327373 0.35355339059327373
-0.35355339059327373 0.35355339059327373 0 0 0 0 -0.35355339059327373 -0.35355339059327373 0.35355339059327373 -0.35355339059327373 0 0 0 0 0.35355339059327373 0.35355339059327373
-0.35355339059327373 0.35355339059327373 0 0 0 0 -0.35355339059327373 -0.35355339059327373 0.35355339059327373 -0.35355339059327373 0 0 0 0 -0.35355339059327373 -0.35355339059327373
-0.35355339059327373 0.35355339059327373 0 0 0 0 -0.35355339059327373 -0.35355339059327373 -0.35355339059327373 0.35355339059327373 0 0 0 0 0.35355339059327373 0.35355339059327373
-0.35355339059327373 0.35355339059327373 0 0 0 0 -0.35355339059327373 -0.35355339059327373 -0.35355339059327373 0.35355339059327373 0 0 0 0 -0.35355339059327373 -0.35355339059327373
-0.35355339059327373 0.35355339059327373 0 0 0 0 -0.35355339059327373 -0.35355339059327373 -0.35355339059327373 -0.35355339059327373 0 0 0 0 0.35355339059327373 -0.35355339059327373
-0.35355339059327373 0.35355339059327373 0 0 0 0 -0.35355339059327373 -0.35355339059327373 -0.35355339059327373 -0.35355339059327373 0 0 0 0 -0.35355339059327373 0.35355339059327373
-0.35355339059327373 -0.35355339059327373 0 0 0 0 0.35355339059327373 0.35355339059327373 0.35355339059327373 0.35355339059327373 0 0 0 0 0.35355339059327373 0.35355339059327373
-0.35355339059327373 -0.35355339059327373 0 0 0 0 0.35355339059327373 0.35355339059327373 0.35355339059327373 0.35355339059327373 0 0 0 0 -0.35355339059327373 -0.35355339059327373
-0.35355339059327373 -0.35355339059327373 0 0 0 0 0.35355339059327373 0.35355339059327373 0.35355339059327373 -0.35355339059327373 0 0 0 0 0.35355339059327373 -0.35355339059327373
-0.35355339059327373 -0.35355339059327373 0 0 0 0 0.35355339059327373 0.35355339059327373 0.35355339059327373 -0.35355339059327373 0 0 0 0 -0.35355339059327373 0.35355339059327373
-0.35355339059327373 -0.35355339059327373 0 0 0 0 0.35355339059327373 0.35355339059327373 -0.35355339059327373 0.35355339059327373 0 0 0 0 0.35355339059327373 -0.35355339059327373
-0.35355339059327373 -0.35355339059327373 0 0 0 0 0.35355339059327373 0.35355339059327373 -0.35355339059327373 0.35355339059327373 0 0 0 0 -0.35355339059327373 0.35355339059327373
-0.35355339059327373 -0.35355339059327373 0 0 0 0 0.35355339059327373 0.35355339059327373 -0.35355339059327373 -0.35355339059327373 0 0 0 0 0.35355339059327373 0.35355339059327373
-0.35355339059327373 -0.35355339059327373 0 0 0 0 0.35355339059327373 0.35355339059327373 -0.35355339059327373 -0.35355339059327373 0 0 0 0 -0.35355339059327373 -0.35355339059327373
-0.35355339059327373 -0.35355339059327373 0 0 0 0 0.35355339059327373 -0.35355339059327373 0.35355339059327373 0.35355339059327373 0 0 0 0 0.35355339059327373 -0.35355339059327373
-0.35355339059327373 -0.35355339059327373 0 0 0 0 0.35355339059327373 -0.35355339059327373 0.35355339059327373 0.35355339059327373 0 0 0 0 -0.35355339059327373 0.35355339059327373
-0.35355339059327373 -0.35355339059327373 0 0 0 0 0.35355339059327373 -0.35355339059327373 0.35355339059327373 -0.35355339059327373 0 0 0 0 0.35355339059327373 0.35355339059327373
-0.35355339059327373 -0.35355339059327373 0 0 0 0 0.35355339059327373 -0.35355339059327373 0.35355339059327373 -0.35355339059327373 0 0 0 0 -0.35355339059327373 -0.35355339059327373
-0.35355339059327373 -0.35355339059327373 0 0 0 0 0.35355339059327373 -0.35355339059327373 -0.35355339059327373 0.35355339059327373 0 0 0 0 0.35355339059327373 0.35355339059327373
-0.35355339059327373 -0.35355339059327373 0 0 0 0 0.35355339059327373 -0.35355339059327373 -0.35355339059327373 0.35355339059327373 0 0 0 0 -0.35355339059327373 -0.35355339059327373
-0.35355339059327373 -0.35355339059327373 0 0 0 0 0.35355339059327373 -0.35355339059327373 -0.35355339059327373 -0.35355339059327373 0 0 0 0 0.35355339059327373 -0.35355339059327373
-0.35355339059327373 -0.35355339059327373 0 0 0 0 0.35355339059327373 -0.35355339059327373 -0.35355339059327373 -0.35355339059327373 0 0 0 0 -0.35355339059327373 0.35355339059327373
-0.35355339059327373 -0.35355339059327373 0 0 0 0 -0.35355339059327373 0.35355339059327373 0.35355339059327373 0.35355339059327373 0 0 0 0 0.35355339059327373 -0.35355339059327373
-0.35355339059327373 -0.35355339059327373 0 0 0 0 -0.35355339059327373 0.35355339059327373 0.35355339059327373 0.35355339059327373 0 0 0 0 -0.35355339059327373 0.35355339059327373
-0.35355339059327373 -0.35355339059327373 0 0 0 0 -0.35355339059327373 0.35355339059327373 0.35355339059327373 -0.35355339059327373 0 0 0 0 0.35355339059327373 0.35355339059327373
-0.35355339059327373 -0.35355339059327373 0 0 0 0 -0.35355339059327373 0.35355339059327373 0.35355339059327373 -0.35355339059327373 0 0 0 0 -0.35355339059327373 -0.35355339059327373
-0.35355339059327373 -0.35355339059327373 0 0 0 0 -0.35355339059327373 0.35355339059327373 -0.35355339059327373 0.35355339059327373 0 0 0 0 0.35355339059327373 0.35355339059327373
-0.35355339059327373 -0.35355339059327373 0 0 0 0 -0.35355339059327373 0.35355339059327373 -0.35355339059327373 0.35355339059327373 0 0 0 0 -0.35355339059327373 -0.35355339059327373
-0.35355339059327373 -0.35355339059327373 0 0 0 0 -0.35355339059327373 0.35355339059327373 -0.35355339059327373 -0.35355339059327373 0 0 0 0 0.35355339059327373 -0.35355339059327373
-0.35355339059327373 -0.35355339059327373 0 0 0 0 -0.35355339059327373 0.35355339059327373 -0.35355339059327373 -0.35355339059327373 0 0 0 0 -0.35355339059327373 0.35355339059327373
-0.35355339059327373 -0.35355339059327373 0 0 0 0 -0.35355339059327373 -0.35355339059327373 0.35355339059327373 0.35355339059327373 0 0 0 0 0.35355339059327373 0.35355339059327373
-0.35355339059327373 -0.35355339059327373 0 0 0 0 -0.35355339059327373 -0.35355339059327373 0.35355339059327373 0.35355339059327373 0 0 0 0 -0.35355339059327373 -0.35355339059327373
-0.35355339059327373 -0.35355339059327373 0 0 0 0 -0.35355339059327373 -0.35355339059327373 0.35355339059327373 -0.35355339059327373 0 0 0 0 0.35355339059327373 -0.35355339059327373
-0.35355339059327373 -0.35355339059327373 0 0 0 0 -0.35355339059327373 -0.35355339059327373 0.35355339059327373 -0.35355339059327373 0 0 0 0 -0.35355339059327373 0.35355339059327373
-0.35355339059327373 -0.35355339059327373 0 0 0 0 -0.35355339059327373 -0.35355339059327373 -0.35355339059327373 0.35355339059327373 0 0 0 0 0.35355339059327373 -0.35355339059327373
-0.35355339059327373 -0.35355339059327373 0 0 0 0 -0.35355339059327373 -0.35355339059327373 -0.35355339059327373 0.35355339059327373 0 0 0 0 -0.35355339059327373 0.35355339059327373
-0.35355339059327373 -0.35355339059327373 0 0 0 0 -0.35355339059327373 -0.35355339059327373 -0.35355339059327373 -0.35355339059327373 0 0 0 0 0.35355339059327373 0.35355339059327373
-0.35355339059327373 -0.35355339059327373 0 0 0 0 -0.35355339059327373 -0.35355339059327373 -0.35355339059327373 -0.35355339059327373 0 0 0 0 -0.35355339059327373 -0.35355339059327373
0 0.35355339059327373 0.35355339059327373 0 0.35355339059327373 0 0 0.35355339059327373 0 0.35355339059327373 0.35355339059327373 0 0.35355339059327373 0 0 0.35355339059327373
0 0.35355339059327373 0.35355339059327373 0 0.35355339059327373 0 0 0.35355339059327373 0 0.35355339059327373 0.35355339059327373 0 -0.35355339059327373 0 0 -0.35355339059327373
0 0.35355339059327373 0.35355339059327373 0 0.35355339059327373 0 0 0.35355339059327373 0 0.35355339059327373 -0.35355339059327373 0 0.35355339059327373 0 0 -0.35355339059327373
0 0.35355339059327373 0.35355339059327373 0 0.35355339059327373 0 0 0.35355339059327373 0 0.35355339059327373 -0.35355339059327373 0 -0.35355339059327373 0 0 0.35355339059327373
0 0.35355339059327373 0.35355339059327373 0 0.35355339059327373 0 0 0.35355339059327373 0 -0.35355339059327373 0.35355339059327373 0 0.35355339059327373 0 0 -0.35355339059327373
0 0.35355339059327373 0.35355339059327373 0 0.35355339059327373 0 0 0.35355339059327373 0 -0.35355339059327373 0.35355339059327373 0 -0.35355339059327373 0 0 0.35355339059327373
0 0.35355339059327373 0.35355339059327373 0 0.35355339059327373 0 0 0.35355339059327373 0 -0.35355339059327373 -0.35355339059327373 0 0.35355339059327373 0 0 0.35355339059327373
0 0.35355339059327373 0.35355339059327373 0 0.35355339059327373 0 0 0.35355339059327373 0 -0.35355339059327373 -0.35355339059327373 0 -0.35355339059327373 0 0 -0.35355339059327373
0 0.35355339059327373 0.35355339059327373 0 0.35355339059327373 0 0 -0.35355339059327373 0 0.35355339059327373 0.35355339059327373 0 0.35355339059327373 0 0 -0.35355339059327373
0 0.35355339059327373 0.35355339059327373 0 0.35355339059327373 0 0 -0.35355339059327373 0 0.35355339059327373 0.35355339059327373 0 -0.35355339059327373 0 0 0.35355339059327373
0 0.35355339059327373 0.35355339059327373 0 0.35355339059327373 0 0 -0.35355339059327373 0 0.35355339059327373 -0.35355339059327373 0 0.35355339059327373 0 0 0.35355339059327373
0 0.35355339059327373 0.35355339059327373 0 0.35355339059327373 0 0 -0.35355339059327373 0 0.35355339059327373 -0.35355339059327373 0 -0.35355339059327373 0 0 -0.35355339059327373
0 0.35355339059327373 0.35355339059327373 0 0.35355339059327373 0 0 -0.35355339059327373 0 -0.35355339059327373 0.35355339059327373 0 0.35355339059327373 0 0 0.35355339059327373
0 0.35355339059327373 0.35355339059327373 0 0.35355339059327373 0 0 -0.35355339059327373 0 -0.35355339059327373 0.35355339059327373 0 -0.35355339059327373 0 0 -0.35355339059327373
0 0.35355339059327373 0.35355339059327373 0 0.35355339059327373 0 0 -0.35355339059327373 0 -0.35355339059327373 -0.35355339059327373 0 0.35355339059327373 0 0 -0.35355339059327373
0 0.35355339059327373 0.35355339059327373 0 0.35355339059327373 0 0 -0.35355339059327373 0 -0.35355339059327373 -0.35355339059327373 0 -0.35355339059327373 0 0 0.35355339059327373
0 0.35355339059327373 0.35355339059327373 0 -0.35355339059327373 0 0 0.35355339059327373 0 0.35355339059327373 0.35355339059327373 0 0.35355339059327373 0 0 -0.35355339059327373
0 0.35355339059327373 0.35355339059327373 0 -0.35355339059327373 0 0 0.35355339059327373 0 0.35355339059327373 0.35355339059327373 0 -0.35355339059327373 0 0 0.35355339059327373
0 0.35355339059327373 0.35355339059327373 0 -0.35355339059327373 0 0 0.35355339059327373 0 0.35355339059327373 -0.35355339059327373 0 0.35355339059327373 0 0 0.35355339059327373
0 0.35355339059327373 0.35355339059327373 0 -0.35355339059327373 0 0 0.35355339059327373 0 0.35355339059327373 -0.35355339059327373 0 -0.35355339059327373 0 0 -0.35355339059327373
0 0.35355339059327373 0.35355339059327373 0 -0.35355339059327373 0 0 0.35355339059327373 0 -0.35355339059327373 0.35355339059327373 0 0.35355339059327373 0 0 0.35355339059327373
0 0.35355339059327373 0.35355339059327373 0 -0.35355339059327373 0 0 0.35355339059327373 0 -0.35355339059327373 0.35355339059327373 0 -0.35355339059327373 0 0 -0.35355339059327373
0 0.35355339059327373 0.35355339059327373 0 -0.35355339059327373 0 0 0.35355339059327373 0 -0.35355339059327373 -0.35355339059327373 0 0.35355339059327373 0 0 -0.35355339059327373
0 0.35355339059327373 0.35355339059327373 0 -0.35355339059327373 0 0 0.35355339059327373 0 -0.35355339059327373 -0.35355339059327373 0 -0.35355339059327373 0 0 0.35355339059327373
0 0.35355339059327373 0.35355339059327373 0 -0.35355339059327373 0 0 -0.35355339059327373 0 0.35355339059327373 0.35355339059327373 0 0.35355339059327373 0 0 0.35355339059327373
0 0.35355339059327373 0.35355339059327373 0 -0.35355339059327373 0 0 -0.35355339059327373 0 0.35355339059327373 0.35355339059327373 0 -0.35355339059327373 0 0 -0.35355339059327373
0 0.35355339059327373 0.35355339059327373 0 -0.35355339059327373 0 0 -0.35355339059327373 0 0.35355339059327373 -0.35355339059327373 0 0.35355339059327373 0 0 -0.35355339059327373
0 0.35355339059327373 0.35355339059327373 0 -0.35355339059327373 0 0 -0.35355339059327373 0 0.35355339059327373 -0.35355339059327373 0 -0.35355339059327373 0 0 0.35355339059327373
0 0.35355339059327373 0.35355339059327373 0 -0.35355339059327373 0 0 -0.35355339059327373 0 -0.35355339059327373 0.35355339059327373 0 0.35355339059327373 0 0 -0.35355339059327373
0 0.35355339059327373 0.35355339059327373 0 -0.35355339059327373 0 0 -0.35355339059327373 0 -0.35355339059327373 0.35355339059327373 0 -0.35355339059327373 0 0 0.35355339059327373
0 0.35355339059327373 0.35355339059327373 0 -0.35355339059327373 0 0 -0.35355339059327373 0 -0.35355339059327373 -0.35355339059327373 0 0.35355339059327373 0 0 0.35355339059327373
0 0.35355339059327373 0.35355339059327373 0 -0.35355339059327373 0 0 -0.35355339059327373 0 -0.35355339059327373 -0.35355339059327373 0 -0.35355339059327373 0 0 -0.35355339059327373
0 0.35355339059327373 -0.35355339059327373 0 0.35355339059327373 0 0 0.35355339059327373 0 0.35355339059327373 0.35355339059327373 0 0.35355339059327373 0 0 -0.35355339059327373
0 0.35355339059327373 -0.35355339059327373 0 0.35355339059327373 0 0 0.35355339059327373 0 0.35355339059327373 0.35355339059327373 0 -0.35355339059327373 0 0 0.35355339059327373
0 0.35355339059327373 -0.35355339059327373 0 0.35355339059327373 0 0 0.35355339059327373 0 0.35355339059327373 -0.35355339059327373 0 0.35355339059327373 0 0 0.35355339059327373
0 0.35355339059327373 -0.35355339059327373 0 0.35355339059327373 0 0 0.35355339059327373 0 0.35355339059327373 -0.35355339059327373 0 -0.35355339059327373 0 0 -0.35355339059327373
0 0.35355339059327373 -0.35355339059327373 0 0.35355339059327373 0 0 0.35355339059327373 0 -0.35355339059327373 0.35355339059327373 0 0.35355339059327373 0 0 0.35355339059327373
0 0.35355339059327373 -0.35355339059327373 0 0.35355339059327373 0 0 0.35355339059327373 0 -0.35355339059327373 0.35355339059327373 0 -0.35355339059327373 0 0 -0.35355339059327373
0 0.35355339059327373 -0.35355339059327373 0 0.35355339059327373 0 0 0.35355339059327373 0 -0.35355339059327373 -0.35355339059327373 0 0.35355339059327373 0 0 -0.35355339059327373
0 0.35355339059327373 -0.35355339059327373 0 0.35355339059327373 0 0 0.35355339059327373 0 -0.35355339059327373 -0.35355339059327373 0 -0.35355339059327373 0 0 0.35355339059327373
0 0.35355339059327373 -0.35355339059327373 0 0.35355339059327373 0 0 -0.35355339059327373 0 0.35355339059327373 0.35355339059327373 0 0.35355339059327373 0 0 0.35355339059327373
0 0.35355339059327373 -0.35355339059327373 0 0.35355339059327373 0 0 -0.35355339059327373 0 0.35355339059327373 0.35355339059327373 0 -0.35355339059327373 0 0 -0.35355339059327373
0 0.35355339059327373 -0.35355339059327373 0 0.35355339059327373 0 0 -0.35355339059327373 0 0.35355339059327373 -0.35355339059327373 0 0.35355339059327373 0 0 -0.35355339059327373
0 0.35355339059327373 -0.35355339059327373 0 0.35355339059327373 0 0 -0.35355339059327373 0 0.35355339059327373 -0.35355339059327373 0 -0.35355339059327373 0 0 0.35355339059327373
0 0.35355339059327373 -0.35355339059327373 0 0.35355339059327373 0 0 -0.35355339059327373 0 -0.35355339059327373 0.35355339059327373 0 0.35355339059327373 0 0 -0.35355339059327373
0 0.35355339059327373 -0.35355339059327373 0 0.35355339059327373 0 0 -0.35355339059327373 0 -0.35355339059327373 0.35355339059327373 0 -0.35355339059327373 0 0 0.35355339059327373
0 0.35355339059327373 -0.35355339059327373 0 0.35355339059327373 0 0 -0.35355339059327373 0 -0.35355339059327373 -0.35355339059327373 0 0.35355339059327373 0 0 0.35355339059327373
0 0.35355339059327373 -0.35355339059327373 0 0.35355339059327373 0 0 -0.35355339059327373 0 -0.35355339059327373 -0.35355339059327373 0 -0.35355339059327373 0 0 -0.35355339059327373
0 0.35355339059327373 -0.35355339059327373 0 -0.35355339059327373 0 0 0.35355339059327373 0 0.35355339059327373 0.35355339059327373 0 0.35355339059327373 0 0 0.35355339059327373
0 0.35355339059327373 -0.35355339059327373 0 -0.35355339059327373 0 0 0.35355339059327373 0 0.35355339059327373 0.35355339059327373 0 -0.35355339059327373 0 0 -0.35355339059327373
0 0.35355339059327373 -0.35355339059327373 0 -0.35355339059327373 0 0 0.35355339059327373 0 0.35355339059327373 -0.35355339059327373 0 0.35355339059327373 0 0 -0.35355339059327373
0 0.35355339059327373 -0.35355339059327373 0 -0.35355339059327373 0 0 0.35355339059327373 0 0.35355339059327373 -0.35355339059327373 0 -0.35355339059327373 0 0 0.35355339059327373
0 0.35355339059327373 -0.35355339059327373 0 -0.35355339059327373 0 0 0.35355339059327373 0 -0.35355339059327373 0.35355339059327373 0 0.35355339059327373 0 0 -0.35355339059327373
0 0.35355339059327373 -0.35355339059327373 0 -0.35355339059327373 0 0 0.35355339059327373 0 -0.35355339059327373 0.35355339059327373 0 -0.35355339059327373 0 0 0.35355339059327373
0 0.35355339059327373 -0.35355339059327373 0 -0.35355339059327373 0 0 0.35355339059327373 0 -0.35355339059327373 -0.35355339059327373 0 0.35355339059327373 0 0 0.35355339059327373
0 0.35355339059327373 -0.35355339059327373 0 -0.35355339059327373 0 0 0.35355339059327373 0 -0.35355339059327373 -0.35355339059327373 0 -0.35355339059327373 0 0 -0.35355339059327373
0 0.35355339059327373 -0.35355339059327373 0 -0.35355339059327373 0 0 -0.35355339059327373 0 0.35355339059327373 0.35355339059327373 0 0.35355339059327373 0 0 -0.35355339059327373
0 0.35355339059327373 -0.35355339059327373 0 -0.35355339059327373 0 0 -0.35355339059327373 0 0.35355339059327373 0.35355339059327373 0 -0.35355339059327373 0 0 0.35355339059327373
0 0.35355339059327373 -0.35355339059327373 0 -0.35355339059327373 0 0 -0.35355339059327373 0 0.35355339059327373 -0.35355339059327373 0 0.35355339059327373 0 0 0.35355339059327373
0 0.35355339059327373 -0.35355339059327373 0 -0.35355339059327373 0 0 -0.35355339059327373 0 0.35355339059327373 -0.35355339059327373 0 -0.35355339059327373 0 0 -0.35355339059327373
0 0.35355339059327373 -0.35355339059327373 0 -0.35355339059327373 0 0 -0.35355339059327373 0 -0.35355339059327373 0.35355339059327373 0 0.35355339059327373 0 0 0.35355339059327373
0 0.35355339059327373 -0.35355339059327373 0 -0.35355339059327373 0 0 -0.35355339059327373 0 -0.35355339059327373 0.35355339059327373 0 -0.35355339059327373 0 0 -0.35355339059327373
0 0.35355339059327373 -0.35355339059327373 0 -0.35355339059327373 0 0 -0.35355339059327373 0 -0.35355339059327373 -0.35355339059327373 0 0.35355339059327373 0 0 -0.35355339059327373
0 0.35355339059327373 -0.35355339059327373 0 -0.35355339059327373 0 0 -0.35355339059327373 0 -0.35355339059327373 -0.35355339059327373 0 -0.35355339059327373 0 0 0.35355339059327373
0 -0.35355339059327373 0.35355339059327373 0 0.35355339059327373 0 0 0.35355339059327373 0 0.35355339059327373 0.35355339059327373 0 0.35355339059327373 0 0 -0.35355339059327373
0 -0.35355339059327373 0.35355339059327373 0 0.35355339059327373 0 0 0.35355339059327373 0 0.35355339059327373 0.35355339059327373 0 -0.35355339059327373 0 0 0.35355339059327373
0 -0.35355339059327373 0.35355339059327373 0 0.35355339059327373 0 0 0.35355339059327373 0 0.35355339059327373 -0.35355339059327373 0 0.35355339059327373 0 0 0.35355339059327373
0 -0.35355339059327373 0.35355339059327373 0 0.35355339059327373 0 0 0.35355339059327373 0 0.35355339059327373 -0.35355339059327373 0 -0.35355339059327373 0 0 -0.35355339059327373
0 -0.35355339059327373 0.35355339059327373 0 0.35355339059327373 0 0 0.35355339059327373 0 -0.35355339059327373 0.35355339059327373 0 0.35355339059327373 0 0 0.35355339059327373
0 -0.35355339059327373 0.35355339059327373 0 0.35355339059327373 0 0 0.35355339059327373 0 -0.35355339059327373 0.35355339059327373 0 -0.35355339059327373 0 0 -0.35355339059327373
0 -0.35355339059327373 0.35355339059327373 0 0.35355339059327373 0 0 0.35355339059327373 0 -0.35355339059327373 -0.35355339059327373 0 0.35355339059327373 0 0 -0.35355339059327373
0 -0.35355339059327373 0.35355339059327373 0 0.35355339059327373 0 0 0.35355339059327373 0 -0.35355339059327373 -0.35355339059327373 0 -0.35355339059327373 0 0 0.35355339059327373
0 -0.35355339059327373 0.35355339059327373 0 0.35355339059327373 0 0 -0.35355339059327373 0 0.35355339059327373 0.35355339059327373 0 0.35355339059327373 0 0 0.35355339059327373
0 -0.35355339059327373 0.35355339059327373 0 0.35355339059327373 0 0 -0.35355339059327373 0 0.35355339059327373 0.35355339059327373 0 -0.35355339059327373 0 0 -0.35355339059327373
0 -0.35355339059327373 0.35355339059327373 0 0.35355339059327373 0 0 -0.35355339059327373 0 0.35355339059327373 -0.35355339059327373 0 0.35355339059327373 0 0 -0.35355339059327373
0 -0.35355339059327373 0.35355339059327373 0 0.35355339059327373 0 0 -0.35355339059327373 0 0.35355339059327373 -0.35355339059327373 0 -0.35355339059327373 0 0 0.35355339059327373
0 -0.35355339059327373 0.35355339059327373 0 0.35355339059327373 0 0 -0.35355339059327373 0 -0.35355339059327373 0.35355339059327373 0 0.35355339059327373 0 0 -0.35355339059327373
0 -0.35355339059327373 0.35355339059327373 0 0.35355339059327373 0 0 -0.35355339059327373 0 -0.35355339059327373 0.35355339059327373 0 -0.35355339059327373 0 0 0.35355339059327373
0 -0.35355339059327373 0.35355339059327373 0 0.35355339059327373 0 0 -0.35355339059327373 0 -0.35355339059327373 -0.35355339059327373 0 0.35355339059327373 0 0 0.35355339059327373
0 -0.35355339059327373 0.35355339059327373 0 0.35355339059327373 0 0 -0.35355339059327373 0 -0.35355339059327373 -0.35355339059327373 0 -0.35355339059327373 0 0 -0.35355339059327373
0 -0.35355339059327373 0.35355339059327373 0 -0.35355339059327373 0 0 0.35355339059327373 0 0.35355339059327373 0.35355339059327373 0 0.35355339059327373 0 0 0.35355339059327373
0 -0.35355339059327373 0.35355339059327373 0 -0.35355339059327373 0 0 0.35355339059327373 0 0.35355339059327373 0.35355339059327373 0 -0.35355339059327373 0 0 -0.35355339059327373
0 -0.35355339059327373 0.35355339059327373 0 -0.35355339059327373 0 0 0.35355339059327373 0 0.35355339059327373 -0.35355339059327373 0 0.35355339059327373 0 0 -0.35355339059327373
0 -0.35355339059327373 0.35355339059327373 0 -0.35355339059327373 0 0 0.35355339059327373 0 0.35355339059327373 -0.35355339059327373 0 -0.35355339059327373 0 0 0.35355339059327373
0 -0.35355339059327373 0.35355339059327373 0 -0.35355339059327373 0 0 0.35355339059327373 0 -0.35355339059327373 0.35355339059327373 0 0.35355339059327373 0 0 -0.35355339059327373
0 -0.35355339059327373 0.35355339059327373 0 -0.35355339059327373 0 0 0.35355339059327373 0 -0.35355339059327373 0.35355339059327373 0 -0.35355339059327373 0 0 0.35355339059327373
0 -0.35355339059327373 0.35355339059327373 0 -0.35355339059327373 0 0 0.35355339059327373 0 -0.35355339059327373 -0.35355339059327373 0 0.35355339059327373 0 0 0.35355339059327373
0 -0.35355339059327373 0.35355339059327373 0 -0.35355339059327373 0 0 0.35355339059327373 0 -0.35355339059327373 -0.35355339059327373 0 -0.35355339059327373 0 0 -0.35355339059327373
0 -0.35355339059327373 0.35355339059327373 0 -0.35355339059327373 0 0 -0.35355339059327373 0 0.35355339059327373 0.35355339059327373 0 0.35355339059327373 0 0 -0.35355339059327373
0 -0.35355339059327373 0.35355339059327373 0 -0.35355339059327373 0 0 -0.35355339059327373 0 0.35355339059327373 0.35355339059327373 0 -0.35355339059327373 0 0 0.35355339059327373
0 -0.35355339059327373 0.35355339059327373 0 -0.35355339059327373 0 0 -0.35355339059327373 0 0.35355339059327373 -0.35355339059327373 0 0.35355339059327373 0 0 0.35355339059327373
0 -0.35355339059327373 0.35355339059327373 0 -0.35355339059327373 0 0 -0.35355339059327373 0 0.35355339059327373 -0.35355339059327373 0 -0.35355339059327373 0 0 -0.35355339059327373
0 -0.35355339059327373 0.35355339059327373 0 -0.35355339059327373 0 0 -0.35355339059327373 0 -0.35355339059327373 0.35355339059327373 0 0.35355339059327373 0 0 0.35355339059327373
0 -0.35355339059327373 0.35355339059327373 0 -0.35355339059327373 0 0 -0.35355339059327373 0 -0.35355339059327373 0.35355339059327373 0 -0.35355339059327373 0 0 -0.35355339059327373
0 -0.35355339059327373 0.35355339059327373 0 -0.35355339059327373 0 0 -0.35355339059327373 0 -0.35355339059327373 -0.35355339059327373 0 0.35355339059327373 0 0 -0.35355339059327373
0 -0.35355339059327373 0.35355339059327373 0 -0.35355339059327373 0 0 -0.35355339059327373 0 -0.35355339059327373 -0.35355339059327373 0 -0.35355339059327373 0 0 0.35355339059327373
0 -0.35355339059327373 -0.35355339059327373 0 0.35355339059327373 0 0 0.35355339059327373 0 0.35355339059327373 0.35355339059327373 0 0.35355339059327373 0 0 0.35355339059327373
0 -0.35355339059327373 -0.35355339059327373 0 0.35355339059327373 0 0 0.35355339059327373 0 0.35355339059327373 0.35355339059327373 0 -0.35355339059327373 0 0 -0.35355339059327373
0 -0.35355339059327373 -0.35355339059327373 0 0.35355339059327373 0 0 0.35355339059327373 0 0.35355339059327373 -0.35355339059327373 0 0.35355339059327373 0 0 -0.35355339059327373
0 -0.35355339059327373 -0.35355339059327373 0 0.35355339059327373 0 0 0.35355339059327373 0 0.35355339059327373 -0.35355339059327373 0 -0.35355339059327373 0 0 0.35355339059327373
0 -0.35355339059327373 -0.35355339059327373 0 0.35355339059327373 0 0 0.35355339059327373 0 -0.35355339059327373 0.35355339059327373 0 0.35355339059327373 0 0 -0.35355339059327373
0 -0.35355339059327373 -0.35355339059327373 0 0.35355339059327373 0 0 0.35355339059327373 0 -0.35355339059327373 0.35355339059327373 0 -0.35355339059327373 0 0 0.35355339059327373
0 -0.35355339059327373 -0.35355339059327373 0 0.35355339059327373 0 0 0.35355339059327373 0 -0.35355339059327373 -0.35355339059327373 0 0.35355339059327373 0 0 0.35355339059327373
0 -0.35355339059327373 -0.35355339059327373 0 0.35355339059327373 0 0 0.35355339059327373 0 -0.35355339059327373 -0.35355339059327373 0 -0.35355339059327373 0 0 -0.35355339059327373
0 -0.35355339059327373 -0.35355339059327373 0 0.35355339059327373 0 0 -0.35355339059327373 0 0.35355339059327373 0.35355339059327373 0 0.35355339059327373 0 0 -0.35355339059327373
0 -0.35355339059327373 -0.35355339059327373 0 0.35355339059327373 0 0 -0.35355339059327373 0 0.35355339059327373 0.35355339059327373 0 -0.35355339059327373 0 0 0.35355339059327373
0 -0.35355339059327373 -0.35355339059327373 0 0.35355339059327373 0 0 -0.35355339059327373 0 0.35355339059327373 -0.35355339059327373 0 0.35355339059327373 0 0 0.35355339059327373
0 -0.35355339059327373 -0.35355339059327373 0 0.35355339059327373 0 0 -0.35355339059327373 0 0.35355339059327373 -0.35355339059327373 0 -0.35355339059327373 0 0 -0.35355339059327373
0 -0.35355339059327373 -0.35355339059327373 0 0.35355339059327373 0 0 -0.35355339059327373 0 -0.35355339059327373 0.35355339059327373 0 0.35355339059327373 0 0 0.35355339059327373
0 -0.35355339059327373 -0.35355339059327373 0 0.35355339059327373 0 0 -0.35355339059327373 0 -0.35355339059327373 0.35355339059327373 0 -0.35355339059327373 0 0 -0.35355339059327373
0 -0.35355339059327373 -0.35355339059327373 0 0.35355339059327373 0 0 -0.35355339059327373 0 -0.35355339059327373 -0.35355339059327373 0 0.35355339059327373 0 0 -0.35355339059327373
0 -0.35355339059327373 -0.35355339059327373 0 0.35355339059327373 0 0 -0.35355339059327373 0 -0.35355339059327373 -0.35355339059327373 0 -0.35355339059327373 0 0 0.35355339059327373
0 -0.35355339059327373 -0.35355339059327373 0 -0.35355339059327373 0 0 0.35355339059327373 0 0.35355339059327373 0.35355339059327373 0 0.35355339059327373 0 0 -0.35355339059327373
0 -0.35355339059327373 -0.35355339059327373 0 -0.35355339059327373 0 0 0.35355339059327373 0 0.35355339059327373 0.35355339059327373 0 -0.35355339059327373 0 0 0.35355339059327373
0 -0.35355339059327373 -0.35355339059327373 0 -0.35355339059327373 0 0 0.35355339059327373 0 0.35355339059327373 -0.35355339059327373 0 0.35355339059327373 0 0 0.35355339059327373
0 -0.35355339059327373 -0.35355339059327373 0 -0.35355339059327373 0 0 0.35355339059327373 0 0.35355339059327373 -0.35355339059327373 0 -0.35355339059327373 0 0 -0.35355339059327373
0 -0.35355339059327373 -0.35355339059327373 0 -0.35355339059327373 0 0 0.35355339059327373 0 -0.35355339059327373 0.35355339059327373 0 0.35355339059327373 0 0 0.35355339059327373
0 -0.35355339059327373 -0.35355339059327373 0 -0.35355339059327373 0 0 0.35355339059327373 0 -0.35355339059327373 0.35355339059327373 0 -0.35355339059327373 0 0 -0.35355339059327373
0 -0.35355339059327373 -0.35355339059327373 0 -0.35355339059327373 0 0 0.35355339059327373 0 -0.35355339059327373 -0.35355339059327373 0 0.35355339059327373 0 0 -0.35355339059327373
0 -0.35355339059327373 -0.35355339059327373 0 -0.35355339059327373 0 0 0.35355339059327373 0 -0.35355339059327373 -0.35355339059327373 0 -0.35355339059327373 0 0 0.35355339059327373
0 -0.35355339059327373 -0.35355339059327373 0 -0.35355339059327373 0 0 -0.35355339059327373 0 0.35355339059327373 0.35355339059327373 0 0.35355339059327373 0 0 0.35355339059327373
0 -0.35355339059327373 -0.35355339059327373 0 -0.35355339059327373 0 0 -0.35355339059327373 0 0.35355339059327373 0.35355339059327373 0 -0.35355339059327373 0 0 -0.35355339059327373
0 -0.35355339059327373 -0.35355339059327373 0 -0.35355339059327373 0 0 -0.35355339059327373 0 0.35355339059327373 -0.35355339059327373 0 0.35355339059327373 0 0 -0.35355339059327373
0 -0.35355339059327373 -0.35355339059327373 0 -0.35355339059327373 0 0 -0.35355339059327373 0 0.35355339059327373 -0.35355339059327373 0 -0.35355339059327373 0 0 0.35355339059327373
0 -0.35355339059327373 -0.35355339059327373 0 -0.35355339059327373 0 0 -0.35355339059327373 0 -0.35355339059327373 0.35355339059327373 0 0.35355339059327373 0 0 -0.35355339059327373
0 -0.35355339059327373 -0.35355339059327373 0 -0.35355339059327373 0 0 -0.35355339059327373 0 -0.35355339059327373 0.35355339059327373 0 -0.35355339059327373 0 0 0.35355339059327373
0 -0.35355339059327373 -0.35355339059327373 0 -0.35355339059327373 0 0 -0.35355339059327373 0 -0.35355339059327373 -0.35355339059327373 0 0.35355339059327373 0 0 0.35355339059327373
0 -0.35355339059327373 -0.35355339059327373 0 -0.35355339059327373 0 0 -0.35355339059327373 0 -0.35355339059327373 -0.35355339059327373 0 -0.35355339059327373 0 0 -0.35355339059327373
0.35355339059327373 0 0 0.35355339059327373 0 0.35355339059327373 0.35355339059327373 0 0.35355339059327373 0 0 0.35355339059327373 0 0.35355339059327373 0.35355339059327373 0
0.35355339059327373 0 0 0.35355339059327373 0 0.35355339059327373 0.35355339059327373 0 0.35355339059327373 0 0 0.35355339059327373 0 -0.35355339059327373 -0.35355339059327373 0
0.35355339059327373 0 0 0.35355339059327373 0 0.35355339059327373 0.35355339059327373 0 0.35355339059327373 0 0 -0.35355339059327373 0 0.35355339059327373 -0.35355339059327373 0
0.35355339059327373 0 0 0.35355339059327373 0 0.35355339059327373 0.35355339059327373 0 0.35355339059327373 0 0 -0.35355339059327373 0 -0.35355339059327373 0.35355339059327373 0
0.35355339059327373 0 0 0.35355339059327373 0 0.35355339059327373 0.35355339059327373 0 -0.35355339059327373 0 0 0.35355339059327373 0 0.35355339059327373 -0.35355339059327373 0
0.35355339059327373 0 0 0.35355339059327373 0 0.35355339059327373 0.35355339059327373 0 -0.35355339059327373 0 0 0.35355339059327373 0 -0.35355339059327373 0.35355339059327373 0
0.35355339059327373 0 0 0.35355339059327373 0 0.35355339059327373 0.35355339059327373 0 -0.35355339059327373 0 0 -0.35355339059327373 0 0.35355339059327373 0.35355339059327373 0
0.35355339059327373 0 0 0.35355339059327373 0 0.35355339059327373 0.35355339059327373 0 -0.35355339059327373 0 0 -0.35355339059327373 0 -0.35355339059327373 -0.35355339059327373 0
0.35355339059327373 0 0 0.35355339059327373 0 0.35355339059327373 -0.35355339059327373 0 0.35355339059327373 0 0 0.35355339059327373 0 0.35355339059327373 -0.35355339059327373 0
0.35355339059327373 0 0 0.35355339059327373 0 0.35355339059327373 -0.35355339059327373 0 0.35355339059327373 0 0 0.35355339059327373 0 -0.35355339059327373 0.35355339059327373 0
0.35355339059327373 0 0 0.35355339059327373 0 0.35355339059327373 -0.35355339059327373 0 0.35355339059327373 0 0 -0.35355339059327373 0 0.35355339059327373 0.35355339059327373 0
0.35355339059327373 0 0 0.35355339059327373 0 0.35355339059327373 -0.35355339059327373 0 0.35355339059327373 0 0 -0.35355339059327373 0 -0.35355339059327373 -0.35355339059327373 0
0.35355339059327373 0 0 0.35355339059327373 0 0.35355339059327373 -0.35355339059327373 0 -0.35355339059327373 0 0 0.35355339059327373 0 0.35355339059327373 0.35355339059327373 0
0.35355339059327373 0 0 0.35355339059327373 0 0.35355339059327373 -0.35355339059327373 0 -0.35355339059327373 0 0 0.35355339059327373 0 -0.35355339059327373 -0.35355339059327373 0
0.35355339059327373 0 0 0.35355339059327373 0 0.35355339059327373 -0.35355339059327373 0 -0.35355339059327373 0 0 -0.35355339059327373 0 0.35355339059327373 -0.35355339059327373 0
0.35355339059327373 0 0 0.35355339059327373 0 0.35355339059327373 -0.35355339059327373 0 -0.35355339059327373 0 0 -0.35355339059327373 0 -0.35355339059327373 0.35355339059327373 0
0.35355339059327373 0 0 0.35355339059327373 0 -0.35355339059327373 0.35355339059327373 0 0.35355339059327373 0 0 0.35355339059327373 0 0.35355339059327373 -0.35355339059327373 0
0.35355339059327373 0 0 0.35355339059327373 0 -0.35355339059327373 0.35355339059327373 0 0.35355339059327373 0 0 0.35355339059327373 0 -0.35355339059327373 0.35355339059327373 0
0.35355339059327373 0 0 0.35355339059327373 0 -0.35355339059327373 0.35355339059327373 0 0.35355339059327373 0 0 -0.35355339059327373 0 0.35355339059327373 0.35355339059327373 0
0.35355339059327373 0 0 0.35355339059327373 0 -0.35355339059327373 0.35355339059327373 0 0.35355339059327373 0 0 -0.35355339059327373 0 -0.35355339059327373 -0.35355339059327373 0
0.35355339059327373 0 0 0.35355339059327373 0 -0.35355339059327373 0.35355339059327373 0 -0.35355339059327373 0 0 0.35355339059327373 0 0.35355339059327373 0.35355339059327373 0
0.35355339059327373 0 0 0.35355339059327373 0 -0.35355339059327373 0.35355339059327373 0 -0.35355339059327373 0 0 0.35355339059327373 0 -0.35355339059327373 -0.35355339059327373 0
0.35355339059327373 0 0 0.35355339059327373 0 -0.35355339059327373 0.35355339059327373 0 -0.35355339059327373 0 0 -0.35355339059327373 0 0.35355339059327373 -0.35355339059327373 0
0.35355339059327373 0 0 0.35355339059327373 0 -0.35355339059327373 0.35355339059327373 0 -0.35355339059327373 0 0 -0.35355339059327373 0 -0.35355339059327373 0.35355339059327373 0
0.35355339059327373 0 0 0.35355339059327373 0 -0.35355339059327373 -0.35355339059327373 0 0.35355339059327373 0 0 0.35355339059327373 0 0.35355339059327373 0.35355339059327373 0
0.35355339059327373 0 0 0.35355339059327373 0 -0.35355339059327373 -0.35355339059327373 0 0.35355339059327373 0 0 0.35355339059327373 0 -0.35355339059327373 -0.35355339059327373 0
0.35355339059327373 0 0 0.35355339059327373 0 -0.35355339059327373 -0.35355339059327373 0 0.35355339059327373 0 0 -0.35355339059327373 0 0.35355339059327373 -0.35355339059327373 0
0.35355339059327373 0 0 0.35355339059327373 0 -0.35355339059327373 -0.35355339059327373 0 0.35355339059327373 0 0 -0.35355339059327373 0 -0.35355339059327373 0.35355339059327373 0
0.35355339059327373 0 0 0.35355339059327373 0 -0.35355339059327373 -0.35355339059327373 0 -0.35355339059327373 0 0 0.35355339059327373 0 0.35355339059327373 -0.35355339059327373 0
0.35355339059327373 0 0 0.35355339059327373 0 -0.35355339059327373 -0.35355339059327373 0 -0.35355339059327373 0 0 0.35355339059327373 0 -0.35355339059327373 0.35355339059327373 0
0.35355339059327373 0 0 0.35355339059327373 0 -0.35355339059327373 -0.35355339059327373 0 -0.35355339059327373 0 0 -0.35355339059327373 0 0.35355339059327373 0.35355339059327373 0
0.35355339059327373 0 0 0.35355339059327373 0 -0.35355339059327373 -0.35355339059327373 0 -0.35355339059327373 0 0 -0.35355339059327373 0 -0.35355339059327373 -0.35355339059327373 0
0.35355339059327373 0 0 -0.35355339059327373 0 0.35355339059327373 0.35355339059327373 0 0.35355339059327373 0 0 0.35355339059327373 0 0.35355339059327373 -0.35355339059327373 0
0.35355339059327373 0 0 -0.35355339059327373 0 0.35355339059327373 0.35355339059327373 0 0.35355339059327373 0 0 0.35355339059327373 0 -0.35355339059327373 0.35355339059327373 0
0.35355339059327373 0 0 -0.35355339059327373 0 0.35355339059327373 0.35355339059327373 0 0.35355339059327373 0 0 -0.35355339059327373 0 0.35355339059327373 0.35355339059327373 0
0.35355339059327373 0 0 -0.35355339059327373 0 0.35355339059327373 0.35355339059327373 0 0.35355339059327373 0 0 -0.35355339059327373 0 -0.35355339059327373 -0.35355339059327373 0
0.35355339059327373 0 0 -0.35355339059327373 0 0.35355339059327373 0.35355339059327373 0 -0.35355339059327373 0 0 0.35355339059327373 0 0.35355339059327373 0.35355339059327373 0
0.35355339059327373 0 0 -0.35355339059327373 0 0.35355339059327373 0.35355339059327373 0 -0.35355339059327373 0 0 0.35355339059327373 0 -0.35355339059327373 -0.35355339059327373 0
0.35355339059327373 0 0 -0.35355339059327373 0 0.35355339059327373 0.35355339059327373 0 -0.35355339059327373 0 0 -0.35355339059327373 0 0.35355339059327373 -0.35355339059327373 0
0.35355339059327373 0 0 -0.35355339059327373 0 0.35355339059327373 0.35355339059327373 0 -0.35355339059327373 0 0 -0.35355339059327373 0 -0.35355339059327373 0.35355339059327373 0
0.35355339059327373 0 0 -0.35355339059327373 0 0.35355339059327373 -0.35355339059327373 0 0.35355339059327373 0 0 0.35355339059327373 0 0.35355339059327373 0.35355339059327373 0
0.35355339059327373 0 0 -0.35355339059327373 0 0.35355339059327373 -0.35355339059327373 0 0.35355339059327373 0 0 0.35355339059327373 0 -0.35355339059327373 -0.35355339059327373 0
0.35355339059327373 0 0 -0.35355339059327373 0 0.35355339059327373 -0.35355339059327373 0 0.35355339059327373 0 0 -0.35355339059327373 0 0.35355339059327373 -0.35355339059327373 0
0.35355339059327373 0 0 -0.35355339059327373 0 0.35355339059327373 -0.35355339059327373 0 0.35355339059327373 0 0 -0.35355339059327373 0 -0.35355339059327373 0.35355339059327373 0
0.35355339059327373 0 0 -0.35355339059327373 0 0.35355339059327373 -0.35355339059327373 0 -0.35355339059327373 0 0 0.35355339059327373 0 0.35355339059327373 -0.35355339059327373 0
0.35355339059327373 0 0 -0.35355339059327373 0 0.35355339059327373 -0.35355339059327373 0 -0.35355339059327373 0 0 0.35355339059327373 0 -0.35355339059327373 0.35355339059327373 0
0.35355339059327373 0 0 -0.35355339059327373 0 0.35355339059327373 -0.35355339059327373 0 -0.35355339059327373 0 0 -0.35355339059327373 0 0.35355339059327373 0.35355339059327373 0
0.35355339059327373 0 0 -0.35355339059327373 0 0.35355339059327373 -0.35355339059327373 0 -0.35355339059327373 0 0 -0.35355339059327373 0 -0.35355339059327373 -0.35355339059327373 0
0.35355339059327373 0 0 -0.35355339059327373 0 -0.35355339059327373 0.35355339059327373 0 0.35355339059327373 0 0 0.35355339059327373 0 0.35355339059327373 0.35355339059327373 0
0.35355339059327373 0 0 -0.35355339059327373 0 -0.35355339059327373 0.35355339059327373 0 0.35355339059327373 0 0 0.35355339059327373 0 -0.35355339059327373 -0.35355339059327373 0
0.35355339059327373 0 0 -0.35355339059327373 0 -0.35355339059327373 0.35355339059327373 0 0.35355339059327373 0 0 -0.35355339059327373 0 0.35355339059327373 -0.35355339059327373 0
0.35355339059327373 0 0 -0.35355339059327373 0 -0.35355339059327373 0.35355339059327373 0 0.35355339059327373 0 0 -0.35355339059327373 0 -0.35355339059327373 0.35355339059327373 0
0.35355339059327373 0 0 -0.35355339059327373 0 -0.35355339059327373 0.35355339059327373 0 -0.35355339059327373 0 0 0.35355339059327373 0 0.35355339059327373 -0.35355339059327373 0
0.35355339059327373 0 0 -0.35355339059327373 0 -0.35355339059327373 0.35355339059327373 0 -0.35355339059327373 0 0 0.35355339059327373 0 -0.35355339059327373 0.35355339059327373 0
0.35355339059327373 0 0 -0.35355339059327373 0 -0.35355339059327373 0.35355339059327373 0 -0.35355339059327373 0 0 -0.35355339059327373 0 0.35355339059327373 0.35355339059327373 0
0.35355339059327373 0 0 -0.35355339059327373 0 -0.35355339059327373 0.35355339059327373 0 -0.35355339059327373 0 0 -0.35355339059327373 0 -0.35355339059327373 -0.35355339059327373 0
0.35355339059327373 0 0 -0.35355339059327373 0 -0.35355339059327373 -0.35355339059327373 0 0.35355339059327373 0 0 0.35355339059327373 0 0.35355339059327373 -0.35355339059327373 0
0.35355339059327373 0 0 -0.35355339059327373 0 -0.35355339059327373 -0.35355339059327373 0 0.35355339059327373 0 0 0.35355339059327373 0 -0.35355339059327373 0.35355339059327373 0
0.35355339059327373 0 0 -0.35355339059327373 0 -0.35355339059327373 -0.35355339059327373 0 0.35355339059327373 0 0 -0.35355339059327373 0 0.35355339059327373 0.35355339059327373 0
0.35355339059327373 0 0 -0.35355339059327373 0 -0.35355339059327373 -0.35355339059327373 0 0.35355339059327373 0 0 -0.35355339059327373 0 -0.35355339059327373 -0.35355339059327373 0
0.35355339059327373 0 0 -0.35355339059327373 0 -0.35355339059327373 -0.35355339059327373 0 -0.35355339059327373 0 0 0.35355339059327373 0 0.35355339059327373 0.35355339059327373 0
0.35355339059327373 0 0 -0.35355339059327373 0 -0.35355339059327373 -0.35355339059327373 0 -0.35355339059327373 0 0 0.35355339059327373 0 -0.35355339059327373 -0.35355339059327373 0
0.35355339059327373 0 0 -0.35355339059327373 0 -0.35355339059327373 -0.35355339059327373 0 -0.35355339059327373 0 0 -0.35355339059327373 0 0.35355339059327373 -0.35355339059327373 0
0.35355339059327373 0 0 -0.35355339059327373 0 -0.35355339059327373 -0.35355339059327373 0 -0.35355339059327373 0 0 -0.35355339059327373 0 -0.35355339059327373 0.35355339059327373 0
-0.35355339059327373 0 0 0.35355339059327373 0 0.35355339059327373 0.35355339059327373 0 0.35355339059327373 0 0 0.35355339059327373 0 0.35355339059327373 -0.35355339059327373 0
-0.35355339059327373 0 0 0.35355339059327373 0 0.35355339059327373 0.35355339059327373 0 0.35355339059327373 0 0 0.35355339059327373 0 -0.35355339059327373 0.35355339059327373 0
-0.35355339059327373 0 0 0.35355339059327373 0 0.35355339059327373 0.35355339059327373 0 0.35355339059327373 0 0 -0.35355339059327373 0 0.35355339059327373 0.35355339059327373 0
-0.35355339059327373 0 0 0.35355339059327373 0 0.35355339059327373 0.35355339059327373 0 0.35355339059327373 0 0 -0.35355339059327373 0 -0.35355339059327373 -0.35355339059327373 0
-0.35355339059327373 0 0 0.35355339059327373 0 0.35355339059327373 0.35355339059327373 0 -0.35355339059327373 0 0 0.35355339059327373 0 0.35355339059327373 0.35355339059327373 0
-0.35355339059327373 0 0 0.35355339059327373 0 0.35355339059327373 0.35355339059327373 0 -0.35355339059327373 0 0 0.35355339059327373 0 -0.35355339059327373 -0.35355339059327373 0
-0.35355339059327373 0 0 0.35355339059327373 0 0.35355339059327373 0.35355339059327373 0 -0.35355339059327373 0 0 -0.35355339059327373 0 0.35355339059327373 -0.35355339059327373 0
-0.35355339059327373 0 0 0.35355339059327373 0 0.35355339059327373 0.35355339059327373 0 -0.35355339059327373 0 0 -0.35355339059327373 0 -0.35355339059327373 0.35355339059327373 0
-0.35355339059327373 0 0 0.35355339059327373 0 0.35355339059327373 -0.35355339059327373 0 0.35355339059327373 0 0 0.35355339059327373 0 0.35355339059327373 0.35355339059327373 0
-0.35355339059327373 0 0 0.35355339059327373 0 0.35355339059327373 -0.35355339059327373 0 0.35355339059327373 0 0 0.35355339059327373 0 -0.35355339059327373 -0.35355339059327373 0
-0.35355339059327373 0 0 0.35355339059327373 0 0.35355339059327373 -0.35355339059327373 0 0.35355339059327373 0 0 -0.35355339059327373 0 0.35355339059327373 -0.35355339059327373 0
-0.35355339059327373 0 0 0.35355339059327373 0 0.35355339059327373 -0.35355339059327373 0 0.35355339059327373 0 0 -0.35355339059327373 0 -0.35355339059327373 0.35355339059327373 0
-0.35355339059327373 0 0 0.35355339059327373 0 0.35355339059327373 -0.35355339059327373 0 -0.35355339059327373 0 0 0.35355339059327373 0 0.35355339059327373 -0.35355339059327373 0
-0.35355339059327373 0 0 0.35355339059327373 0 0.35355339059327373 -0.35355339059327373 0 -0.35355339059327373 0 0 0.35355339059327373 0 -0.35355339059327373 0.35355339059327373 0
-0.35355339059327373 0 0 0.35355339059327373 0 0.35355339059327373 -0.35355339059327373 0 -0.35355339059327373 0 0 -0.35355339059327373 0 0.35355339059327373 0.35355339059327373 0
-0.35355339059327373 0 0 0.35355339059327373 0 0.35355339059327373 -0.35355339059327373 0 -0.35355339059327373 0 0 -0.35355339059327373 0 -0.35355339059327373 -0.35355339059327373 0
-0.35355339059327373 0 0 0.35355339059327373 0 -0.35355339059327373 0.35355339059327373 0 0.35355339059327373 0 0 0.35355339059327373 0 0.35355339059327373 0.35355339059327373 0
-0.35355339059327373 0 0 0.35355339059327373 0 -0.35355339059327373 0.35355339059327373 0 0.35355339059327373 0 0 0.35355339059327373 0 -0.35355339059327373 -0.35355339059327373 0
-0.35355339059327373 0 0 0.35355339059327373 0 -0.35355339059327373 0.35355339059327373 0 0.35355339059327373 0 0 -0.35355339059327373 0 0.35355339059327373 -0.35355339059327373 0
-0.35355339059327373 0 0 0.35355339059327373 0 -0.35355339059327373 0.35355339059327373 0 0.35355339059327373 0 0 -0.35355339059327373 0 -0.35355339059327373 0.35355339059327373 0
-0.35355339059327373 0 0 0.35355339059327373 0 -0.35355339059327373 0.35355339059327373 0 -0.35355339059327373 0 0 0.35355339059327373 0 0.35355339059327373 -0.35355339059327373 0
-0.35355339059327373 0 0 0.35355339059327373 0 -0.35355339059327373 0.35355339059327373 0 -0.35355339059327373 0 0 0.35355339059327373 0 -0.35355339059327373 0.35355339059327373 0
-0.35355339059327373 0 0 0.35355339059327373 0 -0.35355339059327373 0.35355339059327373 0 -0.35355339059327373 0 0 -0.35355339059327373 0 0.35355339059327373 0.35355339059327373 0
-0.35355339059327373 0 0 0.35355339059327373 0 -0.35355339059327373 0.35355339059327373 0 -0.35355339059327373 0 0 -0.35355339059327373 0 -0.35355339059327373 -0.35355339059327373 0
-0.35355339059327373 0 0 0.35355339059327373 0 -0.35355339059327373 -0.35355339059327373 0 0.35355339059327373 0 0 0.35355339059327373 0 0.35355339059327373 -0.35355339059327373 0
-0.35355339059327373 0 0 0.35355339059327373 0 -0.35355339059327373 -0.35355339059327373 0 0.35355339059327373 0 0 0.35355339059327373 0 -0.35355339059327373 0.35355339059327373 0
-0.35355339059327373 0 0 0.35355339059327373 0 -0.35355339059327373 -0.35355339059327373 0 0.35355339059327373 0 0 -0.35355339059327373 0 0.35355339059327373 0.35355339059327373 0
-0.35355339059327373 0 0 0.35355339059327373 0 -0.35355339059327373 -0.35355339059327373 0 0.35355339059327373 0 0 -0.35355339059327373 0 -0.35355339059327373 -0.35355339059327373 0
-0.35355339059327373 0 0 0.35355339059327373 0 -0.35355339059327373 -0.35355339059327373 0 -0.35355339059327373 0 0 0.35355339059327373 0 0.35355339059327373 0.35355339059327373 0
-0.35355339059327373 0 0 0.35355339059327373 0 -0.35355339059327373 -0.35355339059327373 0 -0.35355339059327373 0 0 0.35355339059327373 0 -0.35355339059327373 -0.35355339059327373 0
-0.35355339059327373 0 0 0.35355339059327373 0 -0.35355339059327373 -0.35355339059327373 0 -0.35355339059327373 0 0 -0.35355339059327373 0 0.35355339059327373 -0.35355339059327373 0
-0.35355339059327373 0 0 0.35355339059327373 0 -0.35355339059327373 -0.35355339059327373 0 -0.35355339059327373 0 0 -0.35355339059327373 0 -0.35355339059327373 0.35355339059327373 0
-0.35355339059327373 0 0 -0.35355339059327373 0 0.35355339059327373 0.35355339059327373 0 0.35355339059327373 0 0 0.35355339059327373 0 0.35355339059327373 0.35355339059327373 0
-0.35355339059327373 0 0 -0.35355339059327373 0 0.35355339059327373 0.35355339059327373 0 0.35355339059327373 0 0 0.35355339059327373 0 -0.35355339059327373 -0.35355339059327373 0
-0.35355339059327373 0 0 -0.35355339059327373 0 0.35355339059327373 0.35355339059327373 0 0.35355339059327373 0 0 -0.35355339059327373 0 0.35355339059327373 -0.35355339059327373 0
-0.35355339059327373 0 0 -0.35355339059327373 0 0.35355339059327373 0.35355339059327373 0 0.35355339059327373 0 0 -0.35355339059327373 0 -0.35355339059327373 0.35355339059327373 0
-0.35355339059327373 0 0 -0.35355339059327373 0 0.35355339059327373 0.35355339059327373 0 -0.35355339059327373 0 0 0.35355339059327373 0 0.35355339059327373 -0.35355339059327373 0
-0.35355339059327373 0 0 -0.35355339059327373 0 0.35355339059327373 0.35355339059327373 0 -0.35355339059327373 0 0 0.35355339059327373 0 -0.35355339059327373 0.35355339059327373 0
-0.35355339059327373 0 0 -0.35355339059327373 0 0.35355339059327373 0.35355339059327373 0 -0.35355339059327373 0 0 -0.35355339059327373 0 0.35355339059327373 0.35355339059327373 0
-0.35355339059327373 0 0 -0.35355339059327373 0 0.35355339059327373 0.35355339059327373 0 -0.35355339059327373 0 0 -0.35355339059327373 0 -0.35355339059327373 -0.35355339059327373 0
-0.35355339059327373 0 0 -0.35355339059327373 0 0.35355339059327373 -0.35355339059327373 0 0.35355339059327373 0 0 0.35355339059327373 0 0.35355339059327373 -0.35355339059327373 0
-0.35355339059327373 0 0 -0.35355339059327373 0 0.35355339059327373 -0.35355339059327373 0 0.35355339059327373 0 0 0.35355339059327373 0 -0.35355339059327373 0.35355339059327373 0
-0.35355339059327373 0 0 -0.35355339059327373 0 0.35355339059327373 -0.35355339059327373 0 0.35355339059327373 0 0 -0.35355339059327373 0 0.35355339059327373 0.35355339059327373 0
-0.35355339059327373 0 0 -0.35355339059327373 0 0.35355339059327373 -0.35355339059327373 0 0.35355339059327373 0 0 -0.35355339059327373 0 -0.35355339059327373 -0.35355339059327373 0
-0.35355339059327373 0 0 -0.35355339059327373 0 0.35355339059327373 -0.35355339059327373 0 -0.35355339059327373 0 0 0.35355339059327373 0 0.35355339059327373 0.35355339059327373 0
-0.35355339059327373 0 0 -0.35355339059327373 0 0.35355339059327373 -0.35355339059327373 0 -0.35355339059327373 0 0 0.35355339059327373 0 -0.35355339059327373 -0.35355339059327373 0
-0.35355339059327373 0 0 -0.35355339059327373 0 0.35355339059327373 -0.35355339059327373 0 -0.35355339059327373 0 0 -0.35355339059327373 0 0.35355339059327373 -0.35355339059327373 0
-0.35355339059327373 0 0 -0.35355339059327373 0 0.35355339059327373 -0.35355339059327373 0 -0.35355339059327373 0 0 -0.35355339059327373 0 -0.35355339059327373 0.35355339059327373 0
-0.35355339059327373 0 0 -0.35355339059327373 0 -0.35355339059327373 0.35355339059327373 0 0.35355339059327373 0 0 0.35355339059327373 0 0.35355339059327373 -0.35355339059327373 0
-0.35355339059327373 0 0 -0.35355339059327373 0 -0.35355339059327373 0.35355339059327373 0 0.35355339059327373 0 0 0.35355339059327373 0 -0.35355339059327373 0.35355339059327373 0
-0.35355339059327373 0 0 -0.35355339059327373 0 -0.35355339059327373 0.35355339059327373 0 0.35355339059327373 0 0 -0.35355339059327373 0 0.35355339059327373 0.35355339059327373 0
-0.35355339059327373 0 0 -0.35355339059327373 0 -0.35355339059327373 0.35355339059327373 0 0.35355339059327373 0 0 -0.35355339059327373 0 -0.35355339059327373 -0.35355339059327373 0
-0.35355339059327373 0 0 -0.35355339059327373 0 -0.35355339059327373 0.35355339059327373 0 -0.35355339059327373 0 0 0.35355339059327373 0 0.35355339059327373 0.35355339059327373 0
-0.35355339059327373 0 0 -0.35355339059327373 0 -0.35355339059327373 0.35355339059327373 0 -0.35355339059327373 0 0 0.35355339059327373 0 -0.35355339059327373 -0.35355339059327373 0
-0.35355339059327373 0 0 -0.35355339059327373 0 -0.35355339059327373 0.35355339059327373 0 -0.35355339059327373 0 0 -0.35355339059327373 0 0.35355339059327373 -0.35355339059327373 0
-0.35355339059327373 0 0 -0.35355339059327373 0 -0.35355339059327373 0.35355339059327373 0 -0.35355339059327373 0 0 -0.35355339059327373 0 -0.35355339059327373 0.35355339059327373 0
-0.35355339059327373 0 0 -0.35355339059327373 0 -0.35355339059327373 -0.35355339059327373 0 0.35355339059327373 0 0 0.35355339059327373 0 0.35355339059327373 0.35355339059327373 0
-0.35355339059327373 0 0 -0.35355339059327373 0 -0.35355339059327373 -0.35355339059327373 0 0.35355339059327373 0 0 0.35355339059327373 0 -0.35355339059327373 -0.35355339059327373 0
-0.35355339059327373 0 0 -0.35355339059327373 0 -0.35355339059327373 -0.35355339059327373 0 0.35355339059327373 0 0 -0.35355339059327373 0 0.35355339059327373 -0.35355339059327373 0
-0.35355339059327373 0 0 -0.35355339059327373 0 -0.35355339059327373 -0.35355339059327373 0 0.35355339059327373 0 0 -0.35355339059327373 0 -0.35355339059327373 0.35355339059327373 0
-0.35355339059327373 0 0 -0.35355339059327373 0 -0.35355339059327373 -0.35355339059327373 0 -0.35355339059327373 0 0 0.35355339059327373 0 0.35355339059327373 -0.35355339059327373 0
-0.35355339059327373 0 0 -0.35355339059327373 0 -0.35355339059327373 -0.35355339059327373 0 -0.35355339059327373 0 0 0.35355339059327373 0 -0.35355339059327373 0.35355339059327373 0
-0.35355339059327373 0 0 -0.35355339059327373 0 -0.35355339059327373 -0.35355339059327373 0 -0.35355339059327373 0 0 -0.35355339059327373 0 0.35355339059327373 0.35355339059327373 0
-0.35355339059327373 0 0 -0.35355339059327373 0 -0.35355339059327373 -0.35355339059327373 0 -0.35355339059327373 0 0 -0.35355339059327373 0 -0.35355339059327373 -0.35355339059327373 0
0 0 0 0 0 0 0 0 0.35355339059327373 0.35355339059327373 0.35355339059327373 0.35355339059327373 0.35355339059327373 0.35355339059327373 0.35355339059327373 0.35355339059327373
0 0 0 0 0 0 0 0 0.35355339059327373 0.35355339059327373 0.35355339059327373 0.35355339059327373 0.35355339059327373 0.35355339059327373 -0.35355339059327373 -0.35355339059327373
0 0 0 0 0 0 0 0 0.35355339059327373 0.35355339059327373 0.35355339059327373 0.35355339059327373 0.35355339059327373 -0.35355339059327373 0.35355339059327373 -0.35355339059327373
0 0 0 0 0 0 0 0 0.35355339059327373 0.35355339059327373 0.35355339059327373 0.35355339059327373 0.35355339059327373 -0.35355339059327373 -0.35355339059327373 0.35355339059327373
0 0 0 0 0 0 0 0 0.35355339059327373 0.35355339059327373 0.35355339059327373 0.35355339059327373 -0.35355339059327373 0.35355339059327373 0.35355339059327373 -0.35355339059327373
0 0 0 0 0 0 0 0 0.35355339059327373 0.35355339059327373 0.35355339059327373 0.35355339059327373 -0.35355339059327373 0.35355339059327373 -0.35355339059327373 0.35355339059327373
0 0 0 0 0 0 0 0 0.35355339059327373 0.35355339059327373 0.35355339059327373 0.35355339059327373 -0.35355339059327373 -0.35355339059327373 0.35355339059327373 0.35355339059327373
0 0 0 0 0 0 0 0 0.35355339059327373 0.35355339059327373 0.35355339059327373 0.35355339059327373 -0.35355339059327373 -0.35355339059327373 -0.35355339059327373 -0.35355339059327373
0 0 0 0 0 0 0 0 0.35355339059327373 0.35355339059327373 0.35355339059327373 -0.35355339059327373 0.35355339059327373 0.35355339059327373 0.35355339059327373 -0.35355339059327373
0 0 0 0 0 0 0 0 0.35355339059327373 0.35355339059327373 0.35355339059327373 -0.35355339059327373 0.35355339059327373 0.35355339059327373 -0.35355339059327373 0.35355339059327373
0 0 0 0 0 0 0 0 0.35355339059327373 0.35355339059327373 0.35355339059327373 -0.35355339059327373 0.35355339059327373 -0.35355339059327373 0.35355339059327373 0.35355339059327373
0 0 0 0 0 0 0 0 0.35355339059327373 0.35355339059327373 0.35355339059327373 -0.35355339059327373 0.35355339059327373 -0.35355339059327373 -0.35355339059327373 -0.35355339059327373
0 0 0 0 0 0 0 0 0.35355339059327373 0.35355339059327373 0.35355339059327373 -0.35355339059327373 -0.35355339059327373 0.35355339059327373 0.35355339059327373 0.35355339059327373
0 0 0 0 0 0 0 0 0.35355339059327373 0.35355339059327373 0.35355339059327373 -0.35355339059327373 -0.35355339059327373 0.35355339059327373 -0.35355339059327373 -0.35355339059327373
0 0 0 0 0 0 0 0 0.35355339059327373 0.35355339059327373 0.35355339059327373 -0.35355339059327373 -0.35355339059327373 -0.35355339059327373 0.35355339059327373 -0.35355339059327373
0 0 0 0 0 0 0 0 0.35355339059327373 0.35355339059327373 0.35355339059327373 -0.35355339059327373 -0.35355339059327373 -0.35355339059327373 -0.35355339059327373 0.35355339059327373
0 0 0 0 0 0 0 0 0.35355339059327373 0.35355339059327373 -0.35355339059327373 0.35355339059327373 0.35355339059327373 0.35355339059327373 0.35355339059327373 -0.35355339059327373
0 0 0 0 0 0 0 0 0.35355339059327373 0.35355339059327373 -0.35355339059327373 0.35355339059327373 0.35355339059327373 0.35355339059327373 -0.35355339059327373 0.35355339059327373
0 0 0 0 0 0 0 0 0.35355339059327373 0.35355339059327373 -0.35355339059327373 0.35355339059327373 0.35355339059327373 -0.35355339059327373 0.35355339059327373 0.35355339059327373
0 0 0 0 0 0 0 0 0.35355339059327373 0.35355339059327373 -0.35355339059327373 0.35355339059327373 0.35355339059327373 -0.35355339059327373 -0.35355339059327373 -0.35355339059327373
0 0 0 0 0 0 0 0 0.35355339059327373 0.35355339059327373 -0.35355339059327373 0.35355339059327373 -0.35355339059327373 0.35355339059327373 0.35355339059327373 0.35355339059327373
0 0 0 0 0 0 0 0 0.35355339059327373 0.35355339059327373 -0.35355339059327373 0.35355339059327373 -0.35355339059327373 0.35355339059327373 -0.35355339059327373 -0.35355339059327373
0 0 0 0 0 0 0 0 0.35355339059327373 0.35355339059327373 -0.35355339059327373 0.35355339059327373 -0.35355339059327373 -0.35355339059327373 0.35355339059327373 -0.35355339059327373
0 0 0 0 0 0 0 0 0.35355339059327373 0.35355339059327373 -0.35355339059327373 0.35355339059327373 -0.35355339059327373 -0.35355339059327373 -0.35355339059327373 0.35355339059327373
0 0 0 0 0 0 0 0 0.35355339059327373 0.35355339059327373 -0.35355339059327373 -0.35355339059327373 0.35355339059327373 0.35355339059327373 0.35355339059327373 0.35355339059327373
0 0 0 0 0 0 0 0 0.35355339059327373 0.35355339059327373 -0.35355339059327373 -0.35355339059327373 0.35355339059327373 0.35355339059327373 -0.35355339059327373 -0.35355339059327373
0 0 0 0 0 0 0 0 0.35355339059327373 0.35355339059327373 -0.35355339059327373 -0.35355339059327373 0.35355339059327373 -0.35355339059327373 0.35355339059327373 -0.35355339059327373
0 0 0 0 0 0 0 0 0.35355339059327373 0.35355339059327373 -0.35355339059327373 -0.35355339059327373 0.35355339059327373 -0.35355339059327373 -0.35355339059327373 0.35355339059327373
0 0 0 0 0 0 0 0 0.35355339059327373 0.35355339059327373 -0.35355339059327373 -0.35355339059327373 -0.35355339059327373 0.35355339059327373 0.35355339059327373 -0.35355339059327373
0 0 0 0 0 0 0 0 0.35355339059327373 0.35355339059327373 -0.35355339059327373 -0.35355339059327373 -0.35355339059327373 0.35355339059327373 -0.35355339059327373 0.35355339059327373
0 0 0 0 0 0 0 0 0.35355339059327373 0.35355339059327373 -0.35355339059327373 -0.35355339059327373 -0.35355339059327373 -0.35355339059327373 0.35355339059327373 0.35355339059327373
0 0 0 0 0 0 0 0 0.35355339059327373 0.35355339059327373 -0.35355339059327373 -0.35355339059327373 -0.35355339059327373 -0.35355339059327373 -0.35355339059327373 -0.35355339059327373
0 0 0 0 0 0 0 0 0.35355339059327373 -0.35355339059327373 0.35355339059327373 0.35355339059327373 0.35355339059327373 0.35355339059327373 0.35355339059327373 -0.35355339059327373
0 0 0 0 0 0 0 0 0.35355339059327373 -0.35355339059327373 0.35355339059327373 0.35355339059327373 0.35355339059327373 0.35355339059327373 -0.35355339059327373 0.35355339059327373
0 0 0 0 0 0 0 0 0.35355339059327373 -0.35355339059327373 0.35355339059327373 0.35355339059327373 0.35355339059327373 -0.35355339059327373 0.35355339059327373 0.35355339059327373
0 0 0 0 0 0 0 0 0.35355339059327373 -0.35355339059327373 0.35355339059327373 0.35355339059327373 0.35355339059327373 -0.35355339059327373 -0.35355339059327373 -0.35355339059327373
0 0 0 0 0 0 0 0 0.35355339059327373 -0.35355339059327373 0.35355339059327373 0.35355339059327373 -0.35355339059327373 0.35355339059327373 0.35355339059327373 0.35355339059327373
0 0 0 0 0 0 0 0 0.35355339059327373 -0.35355339059327373 0.35355339059327373 0.35355339059327373 -0.35355339059327373 0.35355339059327373 -0.35355339059327373 -0.35355339059327373
0 0 0 0 0 0 0 0 0.35355339059327373 -0.35355339059327373 0.35355339059327373 0.35355339059327373 -0.35355339059327373 -0.35355339059327373 0.35355339059327373 -0.35355339059327373
0 0 0 0 0 0 0 0 0.35355339059327373 -0.35355339059327373 0.35355339059327373 0.35355339059327373 -0.35355339059327373 -0.35355339059327373 -0.35355339059327373 0.35355339059327373
0 0 0 0 0 0 0 0 0.35355339059327373 -0.35355339059327373 0.35355339059327373 -0.35355339059327373 0.35355339059327373 0.35355339059327373 0.35355339059327373 0.35355339059327373
0 0 0 0 0 0 0 0 0.35355339059327373 -0.35355339059327373 0.35355339059327373 -0.35355339059327373 0.35355339059327373 0.35355339059327373 -0.35355339059327373 -0.35355339059327373
0 0 0 0 0 0 0 0 0.35355339059327373 -0.35355339059327373 0.35355339059327373 -0.35355339059327373 0.35355339059327373 -0.35355339059327373 0.35355339059327373 -0.35355339059327373
0 0 0 0 0 0 0 0 0.35355339059327373 -0.35355339059327373 0.35355339059327373 -0.35355339059327373 0.35355339059327373 -0.35355339059327373 -0.35355339059327373 0.35355339059327373
0 0 0 0 0 0 0 0 0.35355339059327373 -0.35355339059327373 0.35355339059327373 -0.35355339059327373 -0.35355339059327373 0.35355339059327373 0.35355339059327373 -0.35355339059327373
0 0 0 0 0 0 0 0 0.35355339059327373 -0.35355339059327373 0.35355339059327373 -0.35355339059327373 -0.35355339059327373 0.35355339059327373 -0.35355339059327373 0.35355339059327373
0 0 0 0 0 0 0 0 0.35355339059327373 -0.35355339059327373 0.35355339059327373 -0.35355339059327373 -0.35355339059327373 -0.35355339059327373 0.35355339059327373 0.35355339059327373
0 0 0 0 0 0 0 0 0.35355339059327373 -0.35355339059327373 0.35355339059327373 -0.35355339059327373 -0.35355339059327373 -0.35355339059327373 -0.35355339059327373 -0.35355339059327373
0 0 0 0 0 0 0 0 0.35355339059327373 -0.35355339059327373 -0.35355339059327373 0.35355339059327373 0.35355339059327373 0.35355339059327373 0.35355339059327373 0.35355339059327373
0 0 0 0 0 0 0 0 0.35355339059327373 -0.35355339059327373 -0.35355339059327373 0.35355339059327373 0.35355339059327373 0.35355339059327373 -0.35355339059327373 -0.35355339059327373
0 0 0 0 0 0 0 0 0.35355339059327373 -0.35355339059327373 -0.35355339059327373 0.35355339059327373 0.35355339059327373 -0.35355339059327373 0.35355339059327373 -0.35355339059327373
0 0 0 0 0 0 0 0 0.35355339059327373 -0.35355339059327373 -0.35355339059327373 0.35355339059327373 0.35355339059327373 -0.35355339059327373 -0.35355339059327373 0.35355339059327373
0 0 0 0 0 0 0 0 0.35355339059327373 -0.35355339059327373 -0.35355339059327373 0.35355339059327373 -0.35355339059327373 0.35355339059327373 0.35355339059327373 -0.35355339059327373
0 0 0 0 0 0 0 0 0.35355339059327373 -0.35355339059327373 -0.35355339059327373 0.35355339059327373 -0.35355339059327373 0.35355339059327373 -0.35355339059327373 0.35355339059327373
0 0 0 0 0 0 0 0 0.35355339059327373 -0.35355339059327373 -0.35355339059327373 0.35355339059327373 -0.35355339059327373 -0.35355339059327373 0.35355339059327373 0.35355339059327373
0 0 0 0 0 0 0 0 0.35355339059327373 -0.35355339059327373 -0.35355339059327373 0.35355339059327373 -0.35355339059327373 -0.35355339059327373 -0.35355339059327373 -0.35355339059327373
0 0 0 0 0 0 0 0 0.35355339059327373 -0.35355339059327373 -0.35355339059327373 -0.35355339059327373 0.35355339059327373 0.35355339059327373 0.35355339059327373 -0.35355339059327373
0 0 0 0 0 0 0 0 0.35355339059327373 -0.35355339059327373 -0.35355339059327373 -0.35355339059327373 0.35355339059327373 0.35355339059327373 -0.35355339059327373 0.35355339059327373
0 0 0 0 0 0 0 0 0.35355339059327373 -0.35355339059327373 -0.35355339059327373 -0.35355339059327373 0.35355339059327373 -0.35355339059327373 0.35355339059327373 0.35355339059327373
0 0 0 0 0 0 0 0 0.35355339059327373 -0.35355339059327373 -0.35355339059327373 -0.35355339059327373 0.35355339059327373 -0.35355339059327373 -0.35355339059327373 -0.35355339059327373
0 0 0 0 0 0 0 0 0.35355339059327373 -0.35355339059327373 -0.35355339059327373 -0.35355339059327373 -0.35355339059327373 0.35355339059327373 0.35355339059327373 0.35355339059327373
0 0 0 0 0 0 0 0 0.35355339059327373 -0.35355339059327373 -0.35355339059327373 -0.35355339059327373 -0.35355339059327373 0.35355339059327373 -0.35355339059327373 -0.35355339059327373
0 0 0 0 0 0 0 0 0.35355339059327373 -0.35355339059327373 -0.35355339059327373 -0.35355339059327373 -0.35355339059327373 -0.35355339059327373 0.35355339059327373 -0.35355339059327373
0 0 0 0 0 0 0 0 0.35355339059327373 -0.35355339059327373 -0.35355339059327373 -0.35355339059327373 -0.35355339059327373 -0.35355339059327373 -0.35355339059327373 0.35355339059327373
0 0 0 0 0 0 0 0 -0.35355339059327373 0.35355339059327373 0.35355339059327373 0.35355339059327373 0.35355339059327373 0.35355339059327373 0.35355339059327373 -0.35355339059327373
0 0 0 0 0 0 0 0 -0.35355339059327373 0.35355339059327373 0.35355339059327373 0.35355339059327373 0.35355339059327373 0.35355339059327373 -0.35355339059327373 0.35355339059327373
0 0 0 0 0 0 0 0 -0.35355339059327373 0.35355339059327373 0.35355339059327373 0.35355339059327373 0.35355339059327373 -0.35355339059327373 0.35355339059327373 0.35355339059327373
0 0 0 0 0 0 0 0 -0.35355339059327373 0.35355339059327373 0.35355339059327373 0.35355339059327373 0.35355339059327373 -0.35355339059327373 -0.35355339059327373 -0.35355339059327373
0 0 0 0 0 0 0 0 -0.35355339059327373 0.35355339059327373 0.35355339059327373 0.35355339059327373 -0.35355339059327373 0.35355339059327373 0.35355339059327373 0.35355339059327373
0 0 0 0 0 0 0 0 -0.35355339059327373 0.35355339059327373 0.35355339059327373 0.35355339059327373 -0.35355339059327373 0.35355339059327373 -0.35355339059327373 -0.35355339059327373
0 0 0 0 0 0 0 0 -0.35355339059327373 0.35355339059327373 0.35355339059327373 0.35355339059327373 -0.35355339059327373 -0.35355339059327373 0.35355339059327373 -0.35355339059327373
0 0 0 0 0 0 0 0 -0.35355339059327373 0.35355339059327373 0.35355339059327373 0.35355339059327373 -0.35355339059327373 -0.35355339059327373 -0.35355339059327373 0.35355339059327373
0 0 0 0 0 0 0 0 -0.35355339059327373 0.35355339059327373 0.35355339059327373 -0.35355339059327373 0.35355339059327373 0.35355339059327373 0.35355339059327373 0.35355339059327373
0 0 0 0 0 0 0 0 -0.35355339059327373 0.35355339059327373 0.35355339059327373 -0.35355339059327373 0.35355339059327373 0.35355339059327373 -0.35355339059327373 -0.35355339059327373
0 0 0 0 0 0 0 0 -0.35355339059327373 0.35355339059327373 0.35355339059327373 -0.35355339059327373 0.35355339059327373 -0.35355339059327373 0.35355339059327373 -0.35355339059327373
0 0 0 0 0 0 0 0 -0.35355339059327373 0.35355339059327373 0.35355339059327373 -0.35355339059327373 0.35355339059327373 -0.35355339059327373 -0.35355339059327373 0.35355339059327373
0 0 0 0 0 0 0 0 -0.35355339059327373 0.35355339059327373 0.35355339059327373 -0.35355339059327373 -0.35355339059327373 0.35355339059327373 0.35355339059327373 -0.35355339059327373
0 0 0 0 0 0 0 0 -0.35355339059327373 0.35355339059327373 0.35355339059327373 -0.35355339059327373 -0.35355339059327373 0.35355339059327373 -0.35355339059327373 0.35355339059327373
0 0 0 0 0 0 0 0 -0.35355339059327373 0.35355339059327373 0.35355339059327373 -0.35355339059327373 -0.35355339059327373 -0.35355339059327373 0.35355339059327373 0.35355339059327373
0 0 0 0 0 0 0 0 -0.35355339059327373 0.35355339059327373 0.35355339059327373 -0.35355339059327373 -0.35355339059327373 -0.35355339059327373 -0.35355339059327373 -0.35355339059327373
0 0 0 0 0 0 0 0 -0.35355339059327373 0.35355339059327373 -0.35355339059327373 0.35355339059327373 0.35355339059327373 0.35355339059327373 0.35355339059327373 0.35355339059327373
0 0 0 0 0 0 0 0 -0.35355339059327373 0.35355339059327373 -0.35355339059327373 0.35355339059327373 0.35355339059327373 0.35355339059327373 -0.35355339059327373 -0.35355339059327373
0 0 0 0 0 0 0 0 -0.35355339059327373 0.35355339059327373 -0.35355339059327373 0.35355339059327373 0.35355339059327373 -0.35355339059327373 0.35355339059327373 -0.35355339059327373
0 0 0 0 0 0 0 0 -0.35355339059327373 0.35355339059327373 -0.35355339059327373 0.35355339059327373 0.35355339059327373 -0.35355339059327373 -0.35355339059327373 0.35355339059327373
0 0 0 0 0 0 0 0 -0.35355339059327373 0.35355339059327373 -0.35355339059327373 0.35355339059327373 -0.35355339059327373 0.35355339059327373 0.35355339059327373 -0.35355339059327373
0 0 0 0 0 0 0 0 -0.35355339059327373 0.35355339059327373 -0.35355339059327373 0.35355339059327373 -0.35355339059327373 0.35355339059327373 -0.35355339059327373 0.35355339059327373
0 0 0 0 0 0 0 0 -0.35355339059327373 0.35355339059327373 -0.35355339059327373 0.35355339059327373 -0.35355339059327373 -0.35355339059327373 0.35355339059327373 0.35355339059327373
0 0 0 0 0 0 0 0 -0.35355339059327373 0.35355339059327373 -0.35355339059327373 0.35355339059327373 -0.35355339059327373 -0.35355339059327373 -0.35355339059327373 -0.35355339059327373
0 0 0 0 0 0 0 0 -0.35355339059327373 0.35355339059327373 -0.35355339059327373 -0.35355339059327373 0.35355339059327373 0.35355339059327373 0.35355339059327373 -0.35355339059327373
0 0 0 0 0 0 0 0 -0.35355339059327373 0.35355339059327373 -0.35355339059327373 -0.35355339059327373 0.35355339059327373 0.35355339059327373 -0.35355339059327373 0.35355339059327373
0 0 0 0 0 0 0 0 -0.35355339059327373 0.35355339059327373 -0.35355339059327373 -0.35355339059327373 0.35355339059327373 -0.35355339059327373 0.35355339059327373 0.35355339059327373
0 0 0 0 0 0 0 0 -0.35355339059327373 0.35355339059327373 -0.35355339059327373 -0.35355339059327373 0.35355339059327373 -0.35355339059327373 -0.35355339059327373 -0.35355339059327373
0 0 0 0 0 0 0 0 -0.35355339059327373 0.35355339059327373 -0.35355339059327373 -0.35355339059327373 -0.35355339059327373 0.35355339059327373 0.35355339059327373 0.35355339059327373
0 0 0 0 0 0 0 0 -0.35355339059327373 0.35355339059327373 -0.35355339059327373 -0.35355339059327373 -0.35355339059327373 0.35355339059327373 -0.35355339059327373 -0.35355339059327373
0 0 0 0 0 0 0 0 -0.35355339059327373 0.35355339059327373 -0.35355339059327373 -0.35355339059327373 -0.35355339059327373 -0.35355339059327373 0.35355339059327373 -0.35355339059327373
0 0 0 0 0 0 0 0 -0.35355339059327373 0.35355339059327373 -0.35355339059327373 -0.35355339059327373 -0.35355339059327373 -0.35355339059327373 -0.35355339059327373 0.35355339059327373
0 0 0 0 0 0 0 0 -0.35355339059327373 -0.35355339059327373 0.35355339059327373 0.35355339059327373 0.35355339059327373 0.35355339059327373 0.35355339059327373 0.35355339059327373
0 0 0 0 0 0 0 0 -0.35355339059327373 -0.35355339059327373 0.35355339059327373 0.35355339059327373 0.35355339059327373 0.35355339059327373 -0.35355339059327373 -0.35355339059327373
0 0 0 0 0 0 0 0 -0.35355339059327373 -0.35355339059327373 0.35355339059327373 0.35355339059327373 0.35355339059327373 -0.35355339059327373 0.35355339059327373 -0.35355339059327373
0 0 0 0 0 0 0 0 -0.35355339059327373 -0.35355339059327373 0.35355339059327373 0.35355339059327373 0.35355339059327373 -0.35355339059327373 -0.35355339059327373 0.35355339059327373
0 0 0 0 0 0 0 0 -0.35355339059327373 -0.35355339059327373 0.35355339059327373 0.35355339059327373 -0.35355339059327373 0.35355339059327373 0.35355339059327373 -0.35355339059327373
0 0 0 0 0 0 0 0 -0.35355339059327373 -0.35355339059327373 0.35355339059327373 0.35355339059327373 -0.35355339059327373 0.35355339059327373 -0.35355339059327373 0.35355339059327373
0 0 0 0 0 0 0 0 -0.35355339059327373 -0.35355339059327373 0.35355339059327373 0.35355339059327373 -0.35355339059327373 -0.35355339059327373 0.35355339059327373 0.35355339059327373
0 0 0 0 0 0 0 0 -0.35355339059327373 -0.35355339059327373 0.35355339059327373 0.35355339059327373 -0.35355339059327373 -0.35355339059327373 -0.35355339059327373 -0.35355339059327373
0 0 0 0 0 0 0 0 -0.35355339059327373 -0.35355339059327373 0.35355339059327373 -0.35355339059327373 0.35355339059327373 0.35355339059327373 0.35355339059327373 -0.35355339059327373
0 0 0 0 0 0 0 0 -0.35355339059327373 -0.35355339059327373 0.35355339059327373 -0.35355339059327373 0.35355339059327373 0.35355339059327373 -0.35355339059327373 0.35355339059327373
0 0 0 0 0 0 0 0 -0.35355339059327373 -0.35355339059327373 0.35355339059327373 -0.35355339059327373 0.35355339059327373 -0.35355339059327373 0.35355339059327373 0.35355339059327373
0 0 0 0 0 0 0 0 -0.35355339059327373 -0.35355339059327373 0.35355339059327373 -0.35355339059327373 0.35355339059327373 -0.35355339059327373 -0.35355339059327373 -0.35355339059327373
0 0 0 0 0 0 0 0 -0.35355339059327373 -0.35355339059327373 0.35355339059327373 -0.35355339059327373 -0.35355339059327373 0.35355339059327373 0.35355339059327373 0.35355339059327373
0 0 0 0 0 0 0 0 -0.35355339059327373 -0.35355339059327373 0.35355339059327373 -0.35355339059327373 -0.35355339059327373 0.35355339059327373 -0.35355339059327373 -0.35355339059327373
0 0 0 0 0 0 0 0 -0.35355339059327373 -0.35355339059327373 0.35355339059327373 -0.35355339059327373 -0.35355339059327373 -0.35355339059327373 0.35355339059327373 -0.35355339059327373
0 0 0 0 0 0 0 0 -0.35355339059327373 -0.35355339059327373 0.35355339059327373 -0.35355339059327373 -0.35355339059327373 -0.35355339059327373 -0.35355339059327373 0.35355339059327373
0 0 0 0 0 0 0 0 -0.35355339059327373 -0.35355339059327373 -0.35355339059327373 0.35355339059327373 0.35355339059327373 0.35355339059327373 0.35355339059327373 -0.35355339059327373
0 0 0 0 0 0 0 0 -0.35355339059327373 -0.35355339059327373 -0.35355339059327373 0.35355339059327373 0.35355339059327373 0.35355339059327373 -0.35355339059327373 0.35355339059327373
0 0 0 0 0 0 0 0 -0.35355339059327373 -0.35355339059327373 -0.35355339059327373 0.35355339059327373 0.35355339059327373 -0.35355339059327373 0.35355339059327373 0.35355339059327373
0 0 0 0 0 0 0 0 -0.35355339059327373 -0.35355339059327373 -0.35355339059327373 0.35355339059327373 0.35355339059327373 -0.35355339059327373 -0.35355339059327373 -0.35355339059327373
0 0 0 0 0 0 0 0 -0.35355339059327373 -0.35355339059327373 -0.35355339059327373 0.35355339059327373 -0.35355339059327373 0.35355339059327373 0.35355339059327373 0.35355339059327373
0 0 0 0 0 0 0 0 -0.35355339059327373 -0.35355339059327373 -0.35355339059327373 0.35355339059327373 -0.35355339059327373 0.35355339059327373 -0.35355339059327373 -0.35355339059327373
0 0 0 0 0 0 0 0 -0.35355339059327373 -0.35355339059327373 -0.35355339059327373 0.35355339059327373 -0.35355339059327373 -0.35355339059327373 0.35355339059327373 -0.35355339059327373
0 0 0 0 0 0 0 0 -0.35355339059327373 -0.35355339059327373 -0.35355339059327373 0.35355339059327373 -0.35355339059327373 -0.35355339059327373 -0.35355339059327373 0.35355339059327373
0 0 0 0 0 0 0 0 -0.35355339059327373 -0.35355339059327373 -0.35355339059327373 -0.35355339059327373 0.35355339059327373 0.35355339059327373 0.35355339059327373 0.35355339059327373
0 0 0 0 0 0 0 0 -0.35355339059327373 -0.35355339059327373 -0.35355339059327373 -0.35355339059327373 0.35355339059327373 0.35355339059327373 -0.35355339059327373 -0.35355339059327373
0 0 0 0 0 0 0 0 -0.35355339059327373 -0.35355339059327373 -0.35355339059327373 -0.35355339059327373 0.35355339059327373 -0.35355339059327373 0.35355339059327373 -0.35355339059327373
0 0 0 0 0 0 0 0 -0.35355339059327373 -0.35355339059327373 -0.35355339059327373 -0.35355339059327373 0.35355339059327373 -0.35355339059327373 -0.35355339059327373 0.35355339059327373
0 0 0 0 0 0 0 0 -0.35355339059327373 -0.35355339059327373 -0.35355339059327373 -0.35355339059327373 -0.35355339059327373 0.35355339059327373 0.35355339059327373 -0.35355339059327373
0 0 0 0 0 0 0 0 -0.35355339059327373 -0.35355339059327373 -0.35355339059327373 -0.35355339059327373 -0.35355339059327373 0.35355339059327373 -0.35355339059327373 0.35355339059327373
0 0 0 0 0 0 0 0 -0.35355339059327373 -0.35355339059327373 -0.35355339059327373 -0.35355339059327373 -0.35355339059327373 -0.35355339059327373 0.35355339059327373 0.35355339059327373
0 0 0 0 0 0 0 0 -0.35355339059327373 -0.35355339059327373 -0.35355339059327373 -0.35355339059327373 -0.35355339059327373 -0.35355339059327373 -0.35355339059327373 -0.35355339059327373
0.35355339059327373 0.35355339059327373 0.35355339059327373 0.35355339059327373 0.35355339059327373 0.35355339059327373 0.35355339059327373 0.35355339059327373 0 0 0 0 0 0 0 0
0.35355339059327373 0.35355339059327373 0.35355339059327373 0.35355339059327373 0.35355339059327373 0.35355339059327373 -0.35355339059327373 -0.35355339059327373 0 0 0 0 0 0 0 0
0.35355339059327373 0.35355339059327373 0.35355339059327373 0.35355339059327373 0.35355339059327373 -0.35355339059327373 0.35355339059327373 -0.35355339059327373 0 0 0 0 0 0 0 0
0.35355339059327373 0.35355339059327373 0.35355339059327373 0.35355339059327373 0.35355339059327373 -0.35355339059327373 -0.35355339059327373 0.35355339059327373 0 0 0 0 0 0 0 0
0.35355339059327373 0.35355339059327373 0.35355339059327373 0.35355339059327373 -0.35355339059327373 0.35355339059327373 0.35355339059327373 -0.35355339059327373 0 0 0 0 0 0 0 0
0.35355339059327373 0.35355339059327373 0.35355339059327373 0.35355339059327373 -0.35355339059327373 0.35355339059327373 -0.35355339059327373 0.35355339059327373 0 0 0 0 0 0 0 0
0.35355339059327373 0.35355339059327373 0.35355339059327373 0.35355339059327373 -0.35355339059327373 -0.35355339059327373 0.35355339059327373 0.35355339059327373 0 0 0 0 0 0 0 0
0.35355339059327373 0.35355339059327373 0.35355339059327373 0.35355339059327373 -0.35355339059327373 -0.35355339059327373 -0.35355339059327373 -0.35355339059327373 0 0 0 0 0 0 0 0
0.35355339059327373 0.35355339059327373 0.35355339059327373 -0.35355339059327373 0.35355339059327373 0.35355339059327373 0.35355339059327373 -0.35355339059327373 0 0 0 0 0 0 0 0
0.35355339059327373 0.35355339059327373 0.35355339059327373 -0.35355339059327373 0.35355339059327373 0.35355339059327373 -0.35355339059327373 0.35355339059327373 0 0 0 0 0 0 0 0
0.35355339059327373 0.35355339059327373 0.35355339059327373 -0.35355339059327373 0.35355339059327373 -0.35355339059327373 0.35355339059327373 0.35355339059327373 0 0 0 0 0 0 0 0
0.35355339059327373 0.35355339059327373 0.35355339059327373 -0.35355339059327373 0.35355339059327373 -0.35355339059327373 -0.35355339059327373 -0.35355339059327373 0 0 0 0 0 0 0 0
0.35355339059327373 0.35355339059327373 0.35355339059327373 -0.35355339059327373 -0.35355339059327373 0.35355339059327373 0.35355339059327373 0.35355339059327373 0 0 0 0 0 0 0 0
0.35355339059327373 0.35355339059327373 0.35355339059327373 -0.35355339059327373 -0.35355339059327373 0.35355339059327373 -0.35355339059327373 -0.35355339059327373 0 0 0 0 0 0 0 0
0.35355339059327373 0.35355339059327373 0.35355339059327373 -0.35355339059327373 -0.35355339059327373 -0.35355339059327373 0.35355339059327373 -0.35355339059327373 0 0 0 0 0 0 0 0
0.35355339059327373 0.35355339059327373 0.35355339059327373 -0.35355339059327373 -0.35355339059327373 -0.35355339059327373 -0.35355339059327373 0.35355339059327373 0 0 0 0 0 0 0 0
0.35355339059327373 0.35355339059327373 -0.35355339059327373 0.35355339059327373 0.35355339059327373 0.35355339059327373 0.35355339059327373 -0.35355339059327373 0 0 0 0 0 0 0 0
0.35355339059327373 0.35355339059327373 -0.35355339059327373 0.35355339059327373 0.35355339059327373 0.35355339059327373 -0.35355339059327373 0.35355339059327373 0 0 0 0 0 0 0 0
0.35355339059327373 0.35355339059327373 -0.35355339059327373 0.35355339059327373 0.35355339059327373 -0.35355339059327373 0.35355339059327373 0.35355339059327373 0 0 0 0 0 0 0 0
0.35355339059327373 0.35355339059327373 -0.35355339059327373 0.35355339059327373 0.35355339059327373 -0.35355339059327373 -0.35355339059327373 -0.35355339059327373 0 0 0 0 0 0 0 0
0.35355339059327373 0.35355339059327373 -0.35355339059327373 0.35355339059327373 -0.35355339059327373 0.35355339059327373 0.35355339059327373 0.35355339059327373 0 0 0 0 0 0 0 0
0.35355339059327373 0.35355339059327373 -0.35355339059327373 0.35355339059327373 -0.35355339059327373 0.35355339059327373 -0.35355339059327373 -0.35355339059327373 0 0 0 0 0 0 0 0
0.35355339059327373 0.35355339059327373 -0.35355339059327373 0.35355339059327373 -0.35355339059327373 -0.35355339059327373 0.35355339059327373 -0.35355339059327373 0 0 0 0 0 0 0 0
0.35355339059327373 0.35355339059327373 -0.35355339059327373 0.35355339059327373 -0.35355339059327373 -0.35355339059327373 -0.35355339059327373 0.35355339059327373 0 0 0 0 0 0 0 0
0.35355339059327373 0.35355339059327373 -0.35355339059327373 -0.35355339059327373 0.35355339059327373 0.35355339059327373 0.35355339059327373 0.35355339059327373 0 0 0 0 0 0 0 0
0.35355339059327373 0.35355339059327373 -0.35355339059327373 -0.35355339059327373 0.35355339059327373 0.35355339059327373 -0.35355339059327373 -0.35355339059327373 0 0 0 0 0 0 0 0
0.35355339059327373 0.35355339059327373 -0.35355339059327373 -0.35355339059327373 0.35355339059327373 -0.35355339059327373 0.35355339059327373 -0.35355339059327373 0 0 0 0 0 0 0 0
0.35355339059327373 0.35355339059327373 -0.35355339059327373 -0.35355339059327373 0.35355339059327373 -0.35355339059327373 -0.35355339059327373 0.35355339059327373 0 0 0 0 0 0 0 0
0.35355339059327373 0.35355339059327373 -0.35355339059327373 -0.35355339059327373 -0.35355339059327373 0.35355339059327373 0.35355339059327373 -0.35355339059327373 0 0 0 0 0 0 0 0
0.35355339059327373 0.35355339059327373 -0.35355339059327373 -0.35355339059327373 -0.35355339059327373 0.35355339059327373 -0.35355339059327373 0.35355339059327373 0 0 0 0 0 0 0 0
0.35355339059327373 0.35355339059327373 -0.35355339059327373 -0.35355339059327373 -0.35355339059327373 -0.35355339059327373 0.35355339059327373 0.35355339059327373 0 0 0 0 0 0 0 0
0.35355339059327373 0.35355339059327373 -0.35355339059327373 -0.35355339059327373 -0.35355339059327373 -0.35355339059327373 -0.35355339059327373 -0.35355339059327373 0 0 0 0 0 0 0 0
0.35355339059327373 -0.35355339059327373 0.35355339059327373 0.35355339059327373 0.35355339059327373 0.35355339059327373 0.35355339059327373 -0.35355339059327373 0 0 0 0 0 0 0 0
0.35355339059327373 -0.35355339059327373 0.35355339059327373 0.35355339059327373 0.35355339059327373 0.35355339059327373 -0.35355339059327373 0.35355339059327373 0 0 0 0 0 0 0 0
0.35355339059327373 -0.35355339059327373 0.35355339059327373 0.35355339059327373 0.35355339059327373 -0.35355339059327373 0.35355339059327373 0.35355339059327373 0 0 0 0 0 0 0 0
0.35355339059327373 -0.35355339059327373 0.35355339059327373 0.35355339059327373 0.35355339059327373 -0.35355339059327373 -0.35355339059327373 -0.35355339059327373 0 0 0 0 0 0 0 0
0.35355339059327373 -0.35355339059327373 0.35355339059327373 0.35355339059327373 -0.35355339059327373 0.35355339059327373 0.35355339059327373 0.35355339059327373 0 0 0 0 0 0 0 0
0.35355339059327373 -0.35355339059327373 0.35355339059327373 0.35355339059327373 -0.35355339059327373 0.35355339059327373 -0.35355339059327373 -0.35355339059327373 0 0 0 0 0 0 0 0
0.35355339059327373 -0.35355339059327373 0.35355339059327373 0.35355339059327373 -0.35355339059327373 -0.35355339059327373 0.35355339059327373 -0.35355339059327373 0 0 0 0 0 0 0 0
0.35355339059327373 -0.35355339059327373 0.35355339059327373 0.35355339059327373 -0.35355339059327373 -0.35355339059327373 -0.35355339059327373 0.35355339059327373 0 0 0 0 0 0 0 0
0.35355339059327373 -0.35355339059327373 0.35355339059327373 -0.35355339059327373 0.35355339059327373 0.35355339059327373 0.35355339059327373 0.35355339059327373 0 0 0 0 0 0 0 0
0.35355339059327373 -0.35355339059327373 0.35355339059327373 -0.35355339059327373 0.35355339059327373 0.35355339059327373 -0.35355339059327373 -0.35355339059327373 0 0 0 0 0 0 0 0
0.35355339059327373 -0.35355339059327373 0.35355339059327373 -0.35355339059327373 0.35355339059327373 -0.35355339059327373 0.35355339059327373 -0.35355339059327373 0 0 0 0 0 0 0 0
0.35355339059327373 -0.35355339059327373 0.35355339059327373 -0.35355339059327373 0.35355339059327373 -0.35355339059327373 -0.35355339059327373 0.35355339059327373 0 0 0 0 0 0 0 0
0.35355339059327373 -0.35355339059327373 0.35355339059327373 -0.35355339059327373 -0.35355339059327373 0.35355339059327373 0.35355339059327373 -0.35355339059327373 0 0 0 0 0 0 0 0
0.35355339059327373 -0.35355339059327373 0.35355339059327373 -0.35355339059327373 -0.35355339059327373 0.35355339059327373 -0.35355339059327373 0.35355339059327373 0 0 0 0 0 0 0 0
0.35355339059327373 -0.35355339059327373 0.35355339059327373 -0.35355339059327373 -0.35355339059327373 -0.35355339059327373 0.35355339059327373 0.35355339059327373 0 0 0 0 0 0 0 0
0.35355339059327373 -0.35355339059327373 0.35355339059327373 -0.35355339059327373 -0.35355339059327373 -0.35355339059327373 -0.35355339059327373 -0.35355339059327373 0 0 0 0 0 0 0 0
0.35355339059327373 -0.35355339059327373 -0.35355339059327373 0.35355339059327373 0.35355339059327373 0.35355339059327373 0.35355339059327373 0.35355339059327373 0 0 0 0 0 0 0 0
0.35355339059327373 -0.35355339059327373 -0.35355339059327373 0.35355339059327373 0.35355339059327373 0.35355339059327373 -0.35355339059327373 -0.35355339059327373 0 0 0 0 0 0 0 0
0.35355339059327373 -0.35355339059327373 -0.35355339059327373 0.35355339059327373 0.35355339059327373 -0.35355339059327373 0.35355339059327373 -0.35355339059327373 0 0 0 0 0 0 0 0
0.35355339059327373 -0.35355339059327373 -0.35355339059327373 0.35355339059327373 0.35355339059327373 -0.35355339059327373 -0.35355339059327373 0.35355339059327373 0 0 0 0 0 0 0 0
0.35355339059327373 -0.35355339059327373 -0.35355339059327373 0.35355339059327373 -0.35355339059327373 0.35355339059327373 0.35355339059327373 -0.35355339059327373 0 0 0 0 0 0 0 0
0.35355339059327373 -0.35355339059327373 -0.35355339059327373 0.35355339059327373 -0.35355339059327373 0.35355339059327373 -0.35355339059327373 0.35355339059327373 0 0 0 0 0 0 0 0
0.35355339059327373 -0.35355339059327373 -0.35355339059327373 0.35355339059327373 -0.35355339059327373 -0.35355339059327373 0.35355339059327373 0.35355339059327373 0 0 0 0 0 0 0 0
0.35355339059327373 -0.35355339059327373 -0.35355339059327373 0.35355339059327373 -0.35355339059327373 -0.35355339059327373 -0.35355339059327373 -0.35355339059327373 0 0 0 0 0 0 0 0
0.35355339059327373 -0.35355339059327373 -0.35355339059327373 -0.35355339059327373 0.35355339059327373 0.35355339059327373 0.35355339059327373 -0.35355339059327373 0 0 0 0 0 0 0 0
0.35355339059327373 -0.35355339059327373 -0.35355339059327373 -0.35355339059327373 0.35355339059327373 0.35355339059327373 -0.35355339059327373 0.35355339059327373 0 0 0 0 0 0 0 0
0.35355339059327373 -0.35355339059327373 -0.35355339059327373 -0.35355339059327373 0.35355339059327373 -0.35355339059327373 0.35355339059327373 0.35355339059327373 0 0 0 0 0 0 0 0
0.35355339059327373 -0.35355339059327373 -0.35355339059327373 -0.35355339059327373 0.35355339059327373 -0.35355339059327373 -0.35355339059327373 -0.35355339059327373 0 0 0 0 0 0 0 0
0.35355339059327373 -0.35355339059327373 -0.35355339059327373 -0.35355339059327373 -0.35355339059327373 0.35355339059327373 0.35355339059327373 0.35355339059327373 0 0 0 0 0 0 0 0
0.35355339059327373 -0.35355339059327373 -0.35355339059327373 -0.35355339059327373 -0.35355339059327373 0.35355339059327373 -0.35355339059327373 -0.35355339059327373 0 0 0 0 0 0 0 0
0.35355339059327373 -0.35355339059327373 -0.35355339059327373 -0.35355339059327373 -0.35355339059327373 -0.35355339059327373 0.35355339059327373 -0.35355339059327373 0 0 0 0 0 0 0 0
0.35355339059327373 -0.35355339059327373 -0.35355339059327373 -0.35355339059327373 -0.35355339059327373 -0.35355339059327373 -0.35355339059327373 0.35355339059327373 0 0 0 0 0 0 0 0
-0.35355339059327373 0.35355339059327373 0.35355339059327373 0.35355339059327373 0.35355339059327373 0.35355339059327373 0.35355339059327373 -0.35355339059327373 0 0 0 0 0 0 0 0
-0.35355339059327373 0.35355339059327373 0.35355339059327373 0.35355339059327373 0.35355339059327373 0.35355339059327373 -0.35355339059327373 0.35355339059327373 0 0 0 0 0 0 0 0
-0.35355339059327373 0.35355339059327373 0.35355339059327373 0.35355339059327373 0.35355339059327373 -0.35355339059327373 0.35355339059327373 0.35355339059327373 0 0 0 0 0 0 0 0
-0.35355339059327373 0.35355339059327373 0.35355339059327373 0.35355339059327373 0.35355339059327373 -0.35355339059327373 -0.35355339059327373 -0.35355339059327373 0 0 0 0 0 0 0 0
-0.35355339059327373 0.35355339059327373 0.35355339059327373 0.35355339059327373 -0.35355339059327373 0.35355339059327373 0.35355339059327373 0.35355339059327373 0 0 0 0 0 0 0 0
-0.35355339059327373 0.35355339059327373 0.35355339059327373 0.35355339059327373 -0.35355339059327373 0.35355339059327373 -0.35355339059327373 -0.35355339059327373 0 0 0 0 0 0 0 0
-0.35355339059327373 0.35355339059327373 0.35355339059327373 0.35355339059327373 -0.35355339059327373 -0.35355339059327373 0.35355339059327373 -0.35355339059327373 0 0 0 0 0 0 0 0
-0.35355339059327373 0.35355339059327373 0.35355339059327373 0.35355339059327373 -0.35355339059327373 -0.35355339059327373 -0.35355339059327373 0.35355339059327373 0 0 0 0 0 0 0 0
-0.35355339059327373 0.35355339059327373 0.35355339059327373 -0.35355339059327373 0.35355339059327373 0.35355339059327373 0.35355339059327373 0.35355339059327373 0 0 0 0 0 0 0 0
-0.35355339059327373 0.35355339059327373 0.35355339059327373 -0.35355339059327373 0.35355339059327373 0.35355339059327373 -0.35355339059327373 -0.35355339059327373 0 0 0 0 0 0 0 0
-0.35355339059327373 0.35355339059327373 0.35355339059327373 -0.35355339059327373 0.35355339059327373 -0.35355339059327373 0.35355339059327373 -0.35355339059327373 0 0 0 0 0 0 0 0
-0.35355339059327373 0.35355339059327373 0.35355339059327373 -0.35355339059327373 0.35355339059327373 -0.35355339059327373 -0.35355339059327373 0.35355339059327373 0 0 0 0 0 0 0 0
-0.35355339059327373 0.35355339059327373 0.35355339059327373 -0.35355339059327373 -0.35355339059327373 0.35355339059327373 0.35355339059327373 -0.35355339059327373 0 0 0 0 0 0 0 0
-0.35355339059327373 0.35355339059327373 0.35355339059327373 -0.35355339059327373 -0.35355339059327373 0.35355339059327373 -0.35355339059327373 0.35355339059327373 0 0 0 0 0 0 0 0
-0.35355339059327373 0.35355339059327373 0.35355339059327373 -0.35355339059327373 -0.35355339059327373 -0.35355339059327373 0.35355339059327373 0.35355339059327373 0 0 0 0 0 0 0 0
-0.35355339059327373 0.35355339059327373 0.35355339059327373 -0.35355339059327373 -0.35355339059327373 -0.35355339059327373 -0.35355339059327373 -0.35355339059327373 0 0 0 0 0 0 0 0
-0.35355339059327373 0.35355339059327373 -0.35355339059327373 0.35355339059327373 0.35355339059327373 0.35355339059327373 0.35355339059327373 0.35355339059327373 0 0 0 0 0 0 0 0
-0.35355339059327373 0.35355339059327373 -0.35355339059327373 0.35355339059327373 0.35355339059327373 0.35355339059327373 -0.35355339059327373 -0.35355339059327373 0 0 0 0 0 0 0 0
-0.35355339059327373 0.35355339059327373 -0.35355339059327373 0.35355339059327373 0.35355339059327373 -0.35355339059327373 0.35355339059327373 -0.35355339059327373 0 0 0 0 0 0 0 0
-0.35355339059327373 0.35355339059327373 -0.35355339059327373 0.35355339059327373 0.35355339059327373 -0.35355339059327373 -0.35355339059327373 0.35355339059327373 0 0 0 0 0 0 0 0
-0.35355339059327373 0.35355339059327373 -0.35355339059327373 0.35355339059327373 -0.35355339059327373 0.35355339059327373 0.35355339059327373 -0.35355339059327373 0 0 0 0 0 0 0 0
-0.35355339059327373 0.35355339059327373 -0.35355339059327373 0.35355339059327373 -0.35355339059327373 0.35355339059327373 -0.35355339059327373 0.35355339059327373 0 0 0 0 0 0 0 0
-0.35355339059327373 0.35355339059327373 -0.35355339059327373 0.35355339059327373 -0.35355339059327373 -0.35355339059327373 0.35355339059327373 0.35355339059327373 0 0 0 0 0 0 0 0
-0.35355339059327373 0.35355339059327373 -0.35355339059327373 0.35355339059327373 -0.35355339059327373 -0.35355339059327373 -0.35355339059327373 -0.35355339059327373 0 0 0 0 0 0 0 0
-0.35355339059327373 0.35355339059327373 -0.35355339059327373 -0.35355339059327373 0.35355339059327373 0.35355339059327373 0.35355339059327373 -0.35355339059327373 0 0 0 0 0 0 0 0
-0.35355339059327373 0.35355339059327373 -0.35355339059327373 -0.35355339059327373 0.35355339059327373 0.35355339059327373 -0.35355339059327373 0.35355339059327373 0 0 0 0 0 0 0 0
-0.35355339059327373 0.35355339059327373 -0.35355339059327373 -0.35355339059327373 0.35355339059327373 -0.35355339059327373 0.35355339059327373 0.35355339059327373 0 0 0 0 0 0 0 0
-0.35355339059327373 0.35355339059327373 -0.35355339059327373 -0.35355339059327373 0.35355339059327373 -0.35355339059327373 -0.35355339059327373 -0.35355339059327373 0 0 0 0 0 0 0 0
-0.35355339059327373 0.35355339059327373 -0.35355339059327373 -0.35355339059327373 -0.35355339059327373 0.35355339059327373 0.35355339059327373 0.35355339059327373 0 0 0 0 0 0 0 0
-0.35355339059327373 0.35355339059327373 -0.35355339059327373 -0.35355339059327373 -0.35355339059327373 0.35355339059327373 -0.35355339059327373 -0.35355339059327373 0 0 0 0 0 0 0 0
-0.35355339059327373 0.35355339059327373 -0.35355339059327373 -0.35355339059327373 -0.35355339059327373 -0.35355339059327373 0.35355339059327373 -0.35355339059327373 0 0 0 0 0 0 0 0
-0.35355339059327373 0.35355339059327373 -0.35355339059327373 -0.35355339059327373 -0.35355339059327373 -0.35355339059327373 -0.35355339059327373 0.35355339059327373 0 0 0 0 0 0 0 0
-0.35355339059327373 -0.35355339059327373 0.35355339059327373 0.35355339059327373 0.35355339059327373 0.35355339059327373 0.35355339059327373 0.35355339059327373 0 0 0 0 0 0 0 0
-0.35355339059327373 -0.35355339059327373 0.35355339059327373 0.35355339059327373 0.35355339059327373 0.35355339059327373 -0.35355339059327373 -0.35355339059327373 0 0 0 0 0 0 0 0
-0.35355339059327373 -0.35355339059327373 0.35355339059327373 0.35355339059327373 0.35355339059327373 -0.35355339059327373 0.35355339059327373 -0.35355339059327373 0 0 0 0 0 0 0 0
-0.35355339059327373 -0.35355339059327373 0.35355339059327373 0.35355339059327373 0.35355339059327373 -0.35355339059327373 -0.35355339059327373 0.35355339059327373 0 0 0 0 0 0 0 0
-0.35355339059327373 -0.35355339059327373 0.35355339059327373 0.35355339059327373 -0.35355339059327373 0.35355339059327373 0.35355339059327373 -0.35355339059327373 0 0 0 0 0 0 0 0
-0.35355339059327373 -0.35355339059327373 0.35355339059327373 0.35355339059327373 -0.35355339059327373 0.35355339059327373 -0.35355339059327373 0.35355339059327373 0 0 0 0 0 0 0 0
-0.35355339059327373 -0.35355339059327373 0.35355339059327373 0.35355339059327373 -0.35355339059327373 -0.35355339059327373 0.35355339059327373 0.35355339059327373 0 0 0 0 0 0 0 0
-0.35355339059327373 -0.35355339059327373 0.35355339059327373 0.35355339059327373 -0.35355339059327373 -0.35355339059327373 -0.35355339059327373 -0.35355339059327373 0 0 0 0 0 0 0 0
-0.35355339059327373 -0.35355339059327373 0.35355339059327373 -0.35355339059327373 0.35355339059327373 0.35355339059327373 0.35355339059327373 -0.35355339059327373 0 0 0 0 0 0 0 0
-0.35355339059327373 -0.35355339059327373 0.35355339059327373 -0.35355339059327373 0.35355339059327373 0.35355339059327373 -0.35355339059327373 0.35355339059327373 0 0 0 0 0 0 0 0
-0.35355339059327373 -0.35355339059327373 0.35355339059327373 -0.35355339059327373 0.35355339059327373 -0.35355339059327373 0.35355339059327373 0.35355339059327373 0 0 0 0 0 0 0 0
-0.35355339059327373 -0.35355339059327373 0.35355339059327373 -0.35355339059327373 0.35355339059327373 -0.35355339059327373 -0.35355339059327373 -0.35355339059327373 0 0 0 0 0 0 0 0
-0.35355339059327373 -0.35355339059327373 0.35355339059327373 -0.35355339059327373 -0.35355339059327373 0.35355339059327373 0.35355339059327373 0.35355339059327373 0 0 0 0 0 0 0 0
-0.35355339059327373 -0.35355339059327373 0.35355339059327373 -0.35355339059327373 -0.35355339059327373 0.35355339059327373 -0.35355339059327373 -0.35355339059327373 0 0 0 0 0 0 0 0
-0.35355339059327373 -0.35355339059327373 0.35355339059327373 -0.35355339059327373 -0.35355339059327373 -0.35355339059327373 0.35355339059327373 -0.35355339059327373 0 0 0 0 0 0 0 0
-0.35355339059327373 -0.35355339059327373 0.35355339059327373 -0.35355339059327373 -0.35355339059327373 -0.35355339059327373 -0.35355339059327373 0.35355339059327373 0 0 0 0 0 0 0 0
-0.35355339059327373 -0.35355339059327373 -0.35355339059327373 0.35355339059327373 0.35355339059327373 0.35355339059327373 0.35355339059327373 -0.35355339059327373 0 0 0 0 0 0 0 0
-0.35355339059327373 -0.35355339059327373 -0.35355339059327373 0.35355339059327373 0.35355339059327373 0.35355339059327373 -0.35355339059327373 0.35355339059327373 0 0 0 0 0 0 0 0
-0.35355339059327373 -0.35355339059327373 -0.35355339059327373 0.35355339059327373 0.35355339059327373 -0.35355339059327373 0.35355339059327373 0.35355339059327373 0 0 0 0 0 0 0 0
-0.35355339059327373 -0.35355339059327373 -0.35355339059327373 0.35355339059327373 0.35355339059327373 -0.35355339059327373 -0.35355339059327373 -0.35355339059327373 0 0 0 0 0 0 0 0
-0.35355339059327373 -0.35355339059327373 -0.35355339059327373 0.35355339059327373 -0.35355339059327373 0.35355339059327373 0.35355339059327373 0.35355339059327373 0 0 0 0 0 0 0 0
-0.35355339059327373 -0.35355339059327373 -0.35355339059327373 0.35355339059327373 -0.35355339059327373 0.35355339059327373 -0.35355339059327373 -0.35355339059327373 0 0 0 0 0 0 0 0
-0.35355339059327373 -0.35355339059327373 -0.35355339059327373 0.35355339059327373 -0.35355339059327373 -0.35355339059327373 0.35355339059327373 -0.35355339059327373 0 0 0 0 0 0 0 0
-0.35355339059327373 -0.35355339059327373 -0.35355339059327373 0.35355339059327373 -0.35355339059327373 -0.35355339059327373 -0.35355339059327373 0.35355339059327373 0 0 0 0 0 0 0 0
-0.35355339059327373 -0.35355339059327373 -0.35355339059327373 -0.35355339059327373 0.35355339059327373 0.35355339059327373 0.35355339059327373 0.35355339059327373 0 0 0 0 0 0 0 0
-0.35355339059327373 -0.35355339059327373 -0.35355339059327373 -0.35355339059327373 0.35355339059327373 0.35355339059327373 -0.35355339059327373 -0.35355339059327373 0 0 0 0 0 0 0 0
-0.35355339059327373 -0.35355339059327373 -0.35355339059327373 -0.35355339059327373 0.35355339059327373 -0.35355339059327373 0.35355339059327373 -0.35355339059327373 0 0 0 0 0 0 0 0
-0.35355339059327373 -0.35355339059327373 -0.35355339059327373 -0.35355339059327373 0.35355339059327373 -0.35355339059327373 -0.35355339059327373 0.35355339059327373 0 0 0 0 0 0 0 0
-0.35355339059327373 -0.35355339059327373 -0.35355339059327373 -0.35355339059327373 -0.35355339059327373 0.35355339059327373 0.35355339059327373 -0.35355339059327373 0 0 0 0 0 0 0 0
-0.35355339059327373 -0.35355339059327373 -0.35355339059327373 -0.35355339059327373 -0.35355339059327373 0.35355339059327373 -0.35355339059327373 0.35355339059327373 0 0 0 0 0 0 0 0
-0.35355339059327373 -0.35355339059327373 -0.35355339059327373 -0.35355339059327373 -0.35355339059327373 -0.35355339059327373 0.35355339059327373 0.35355339059327373 0 0 0 0 0 0 0 0
-0.35355339059327373 -0.35355339059327373 -0.35355339059327373 -0.35355339059327373 -0.35355339059327373 -0.35355339059327373 -0.35355339059327373 -0.35355339059327373 0 0 0 0 0 0 0 0
0 0.35355339059327373 0 0.35355339059327373 0 0.35355339059327373 0 0.35355339059327373 0.35355339059327373 0 0.35355339059327373 0 0.35355339059327373 0 0.35355339059327373 0
0 0.35355339059327373 0 0.35355339059327373 0 0.35355339059327373 0 0.35355339059327373 0.35355339059327373 0 0.35355339059327373 0 -0.35355339059327373 0 -0.35355339059327373 0
0 0.35355339059327373 0 0.35355339059327373 0 0.35355339059327373 0 0.35355339059327373 0.35355339059327373 0 -0.35355339059327373 0 0.35355339059327373 0 -0.35355339059327373 0
0 0.35355339059327373 0 0.35355339059327373 0 0.35355339059327373 0 0.35355339059327373 0.35355339059327373 0 -0.35355339059327373 0 -0.35355339059327373 0 0.35355339059327373 0
0 0.35355339059327373 0 0.35355339059327373 0 0.35355339059327373 0 0.35355339059327373 -0.35355339059327373 0 0.35355339059327373 0 0.35355339059327373 0 -0.35355339059327373 0
0 0.35355339059327373 0 0.35355339059327373 0 0.35355339059327373 0 0.35355339059327373 -0.35355339059327373 0 0.35355339059327373 0 -0.35355339059327373 0 0.35355339059327373 0
0 0.35355339059327373 0 0.35355339059327373 0 0.35355339059327373 0 0.35355339059327373 -0.35355339059327373 0 -0.35355339059327373 0 0.35355339059327373 0 0.35355339059327373 0
0 0.35355339059327373 0 0.35355339059327373 0 0.35355339059327373 0 0.35355339059327373 -0.35355339059327373 0 -0.35355339059327373 0 -0.35355339059327373 0 -0.35355339059327373 0
0 0.35355339059327373 0 0.35355339059327373 0 0.35355339059327373 0 -0.35355339059327373 0.35355339059327373 0 0.35355339059327373 0 0.35355339059327373 0 -0.35355339059327373 0
0 0.35355339059327373 0 0.35355339059327373 0 0.35355339059327373 0 -0.35355339059327373 0.35355339059327373 0 0.35355339059327373 0 -0.35355339059327373 0 0.35355339059327373 0
0 0.35355339059327373 0 0.35355339059327373 0 0.35355339059327373 0 -0.35355339059327373 0.35355339059327373 0 -0.35355339059327373 0 0.35355339059327373 0 0.35355339059327373 0
0 0.35355339059327373 0 0.35355339059327373 0 0.35355339059327373 0 -0.35355339059327373 0.35355339059327373 0 -0.35355339059327373 0 -0.35355339059327373 0 -0.35355339059327373 0
0 0.35355339059327373 0 0.35355339059327373 0 0.35355339059327373 0 -0.35355339059327373 -0.35355339059327373 0 0.35355339059327373 0 0.35355339059327373 0 0.35355339059327373 0
0 0.35355339059327373 0 0.35355339059327373 0 0.35355339059327373 0 -0.35355339059327373 -0.35355339059327373 0 0.35355339059327373 0 -0.35355339059327373 0 -0.35355339059327373 0
0 0.35355339059327373 0 0.35355339059327373 0 0.35355339059327373 0 -0.35355339059327373 -0.35355339059327373 0 -0.35355339059327373 0 0.35355339059327373 0 -0.35355339059327373 0
0 0.35355339059327373 0 0.35355339059327373 0 0.35355339059327373 0 -0.35355339059327373 -0.35355339059327373 0 -0.35355339059327373 0 -0.35355339059327373 0 0.35355339059327373 0
0 0.35355339059327373 0 0.35355339059327373 0 -0.35355339059327373 0 0.35355339059327373 0.35355339059327373 0 0.35355339059327373 0 0.35355339059327373 0 -0.35355339059327373 0
0 0.35355339059327373 0 0.35355339059327373 0 -0.35355339059327373 0 0.35355339059327373 0.35355339059327373 0 0.35355339059327373 0 -0.35355339059327373 0 0.35355339059327373 0
0 0.35355339059327373 0 0.35355339059327373 0 -0.35355339059327373 0 0.35355339059327373 0.35355339059327373 0 -0.35355339059327373 0 0.35355339059327373 0 0.35355339059327373 0
0 0.35355339059327373 0 0.35355339059327373 0 -0.35355339059327373 0 0.35355339059327373 0.35355339059327373 0 -0.35355339059327373 0 -0.35355339059327373 0 -0.35355339059327373 0
0 0.35355339059327373 0 0.35355339059327373 0 -0.35355339059327373 0 0.35355339059327373 -0.35355339059327373 0 0.35355339059327373 0 0.35355339059327373 0 0.35355339059327373 0
0 0.35355339059327373 0 0.35355339059327373 0 -0.35355339059327373 0 0.35355339059327373 -0.35355339059327373 0 0.35355339059327373 0 -0.35355339059327373 0 -0.35355339059327373 0
0 0.35355339059327373 0 0.35355339059327373 0 -0.35355339059327373 0 0.35355339059327373 -0.35355339059327373 0 -0.35355339059327373 0 0.35355339059327373 0 -0.35355339059327373 0
0 0.35355339059327373 0 0.35355339059327373 0 -0.35355339059327373 0 0.35355339059327373 -0.35355339059327373 0 -0.35355339059327373 0 -0.35355339059327373 0 0.35355339059327373 0
0 0.35355339059327373 0 0.35355339059327373 0 -0.35355339059327373 0 -0.35355339059327373 0.35355339059327373 0 0.35355339059327373 0 0.35355339059327373 0 0.35355339059327373 0
0 0.35355339059327373 0 0.35355339059327373 0 -0.35355339059327373 0 -0.35355339059327373 0.35355339059327373 0 0.35355339059327373 0 -0.35355339059327373 0 -0.35355339059327373 0
0 0.35355339059327373 0 0.35355339059327373 0 -0.35355339059327373 0 -0.35355339059327373 0.35355339059327373 0 -0.35355339059327373 0 0.35355339059327373 0 -0.35355339059327373 0
0 0.35355339059327373 0 0.35355339059327373 0 -0.35355339059327373 0 -0.35355339059327373 0.35355339059327373 0 -0.35355339059327373 0 -0.35355339059327373 0 0.35355339059327373 0
0 0.35355339059327373 0 0.35355339059327373 0 -0.35355339059327373 0 -0.35355339059327373 -0.35355339059327373 0 0.35355339059327373 0 0.35355339059327373 0 -0.35355339059327373 0
0 0.35355339059327373 0 0.35355339059327373 0 -0.35355339059327373 0 -0.35355339059327373 -0.35355339059327373 0 0.35355339059327373 0 -0.35355339059327373 0 0.35355339059327373 0
0 0.35355339059327373 0 0.35355339059327373 0 -0.35355339059327373 0 -0.35355339059327373 -0.35355339059327373 0 -0.35355339059327373 0 0.35355339059327373 0 0.35355339059327373 0
0 0.35355339059327373 0 0.35355339059327373 0 -0.35355339059327373 0 -0.35355339059327373 -0.35355339059327373 0 -0.35355339059327373 0 -0.35355339059327373 0 -0.35355339059327373 0
0 0.35355339059327373 0 -0.35355339059327373 0 0.35355339059327373 0 0.35355339059327373 0.35355339059327373 0 0.35355339059327373 0 0.35355339059327373 0 -0.35355339059327373 0
0 0.35355339059327373 0 -0.35355339059327373 0 0.35355339059327373 0 0.35355339059327373 0.35355339059327373 0 0.35355339059327373 0 -0.35355339059327373 0 0.35355339059327373 0
0 0.35355339059327373 0 -0.35355339059327373 0 0.35355339059327373 0 0.35355339059327373 0.35355339059327373 0 -0.35355339059327373 0 0.35355339059327373 0 0.35355339059327373 0
0 0.35355339059327373 0 -0.35355339059327373 0 0.35355339059327373 0 0.35355339059327373 0.35355339059327373 0 -0.35355339059327373 0 -0.35355339059327373 0 -0.35355339059327373 0
0 0.35355339059327373 0 -0.35355339059327373 0 0.35355339059327373 0 0.35355339059327373 -0.35355339059327373 0 0.35355339059327373 0 0.35355339059327373 0 0.35355339059327373 0
0 0.35355339059327373 0 -0.35355339059327373 0 0.35355339059327373 0 0.35355339059327373 -0.35355339059327373 0 0.35355339059327373 0 -0.35355339059327373 0 -0.35355339059327373 0
0 0.35355339059327373 0 -0.35355339059327373 0 0.35355339059327373 0 0.35355339059327373 -0.35355339059327373 0 -0.35355339059327373 0 0.35355339059327373 0 -0.35355339059327373 0
0 0.35355339059327373 0 -0.35355339059327373 0 0.35355339059327373 0 0.35355339059327373 -0.35355339059327373 0 -0.35355339059327373 0 -0.35355339059327373 0 0.35355339059327373 0
0 0.35355339059327373 0 -0.35355339059327373 0 0.35355339059327373 0 -0.35355339059327373 0.35355339059327373 0 0.35355339059327373 0 0.35355339059327373 0 0.35355339059327373 0
0 0.35355339059327373 0 -0.35355339059327373 0 0.35355339059327373 0 -0.35355339059327373 0.35355339059327373 0 0.35355339059327373 0 -0.35355339059327373 0 -0.35355339059327373 0
0 0.35355339059327373 0 -0.35355339059327373 0 0.35355339059327373 0 -0.35355339059327373 0.35355339059327373 0 -0.35355339059327373 0 0.35355339059327373 0 -0.35355339059327373 0
0 0.35355339059327373 0 -0.35355339059327373 0 0.35355339059327373 0 -0.35355339059327373 0.35355339059327373 0 -0.35355339059327373 0 -0.35355339059327373 0 0.35355339059327373 0
0 0.35355339059327373 0 -0.35355339059327373 0 0.35355339059327373 0 -0.35355339059327373 -0.35355339059327373 0 0.35355339059327373 0 0.35355339059327373 0 -0.35355339059327373 0
0 0.35355339059327373 0 -0.35355339059327373 0 0.35355339059327373 0 -0.35355339059327373 -0.35355339059327373 0 0.35355339059327373 0 -0.35355339059327373 0 0.35355339059327373 0
0 0.35355339059327373 0 -0.35355339059327373 0 0.35355339059327373 0 -0.35355339059327373 -0.35355339059327373 0 -0.35355339059327373 0 0.35355339059327373 0 0.35355339059327373 0
0 0.35355339059327373 0 -0.35355339059327373 0 0.35355339059327373 0 -0.35355339059327373 -0.35355339059327373 0 -0.35355339059327373 0 -0.35355339059327373 0 -0.35355339059327373 0
0 0.35355339059327373 0 -0.35355339059327373 0 -0.35355339059327373 0 0.35355339059327373 0.35355339059327373 0 0.35355339059327373 0 0.35355339059327373 0 0.35355339059327373 0
0 0.35355339059327373 0 -0.35355339059327373 0 -0.35355339059327373 0 0.35355339059327373 0.35355339059327373 0 0.35355339059327373 0 -0.35355339059327373 0 -0.35355339059327373 0
0 0.35355339059327373 0 -0.35355339059327373 0 -0.35355339059327373 0 0.35355339059327373 0.35355339059327373 0 -0.35355339059327373 0 0.35355339059327373 0 -0.35355339059327373 0
0 0.35355339059327373 0 -0.35355339059327373 0 -0.35355339059327373 0 0.35355339059327373 0.35355339059327373 0 -0.35355339059327373 0 -0.35355339059327373 0 0.35355339059327373 0
0 0.35355339059327373 0 -0.35355339059327373 0 -0.35355339059327373 0 0.35355339059327373 -0.35355339059327373 0 0.35355339059327373 0 0.35355339059327373 0 -0.35355339059327373 0
0 0.35355339059327373 0 -0.35355339059327373 0 -0.35355339059327373 0 0.35355339059327373 -0.35355339059327373 0 0.35355339059327373 0 -0.35355339059327373 0 0.35355339059327373 0
0 0.35355339059327373 0 -0.35355339059327373 0 -0.35355339059327373 0 0.35355339059327373 -0.35355339059327373 0 -0.35355339059327373 0 0.35355339059327373 0 0.35355339059327373 0
0 0.35355339059327373 0 -0.35355339059327373 0 -0.35355339059327373 0 0.35355339059327373 -0.35355339059327373 0 -0.35355339059327373 0 -0.35355339059327373 0 -0.35355339059327373 0
0 0.35355339059327373 0 -0.35355339059327373 0 -0.35355339059327373 0 -0.35355339059327373 0.35355339059327373 0 0.35355339059327373 0 0.35355339059327373 0 -0.35355339059327373 0
0 0.35355339059327373 0 -0.35355339059327373 0 -0.35355339059327373 0 -0.35355339059327373 0.35355339059327373 0 0.35355339059327373 0 -0.35355339059327373 0 0.35355339059327373 0
0 0.35355339059327373 0 -0.35355339059327373 0 -0.35355339059327373 0 -0.35355339059327373 0.35355339059327373 0 -0.35355339059327373 0 0.35355339059327373 0 0.35355339059327373 0
0 0.35355339059327373 0 -0.35355339059327373 0 -0.35355339059327373 0 -0.35355339059327373 0.35355339059327373 0 -0.35355339059327373 0 -0.35355339059327373 0 -0.35355339059327373 0
0 0.35355339059327373 0 -0.35355339059327373 0 -0.35355339059327373 0 -0.35355339059327373 -0.35355339059327373 0 0.35355339059327373 0 0.35355339059327373 0 0.35355339059327373 0
0 0.35355339059327373 0 -0.35355339059327373 0 -0.35355339059327373 0 -0.35355339059327373 -0.35355339059327373 0 0.35355339059327373 0 -0.35355339059327373 0 -0.35355339059327373 0
0 0.35355339059327373 0 -0.35355339059327373 0 -0.35355339059327373 0 -0.35355339059327373 -0.35355339059327373 0 -0.35355339059327373 0 0.35355339059327373 0 -0.35355339059327373 0
0 0.35355339059327373 0 -0.35355339059327373 0 -0.35355339059327373 0 -0.35355339059327373 -0.35355339059327373 0 -0.35355339059327373 0 -0.35355339059327373 0 0.35355339059327373 0
0 -0.35355339059327373 0 0.35355339059327373 0 0.35355339059327373 0 0.35355339059327373 0.35355339059327373 0 0.35355339059327373 0 0.35355339059327373 0 -0.35355339059327373 0
0 -0.35355339059327373 0 0.35355339059327373 0 0.35355339059327373 0 0.35355339059327373 0.35355339059327373 0 0.35355339059327373 0 -0.35355339059327373 0 0.35355339059327373 0
0 -0.35355339059327373 0 0.35355339059327373 0 0.35355339059327373 0 0.35355339059327373 0.35355339059327373 0 -0.35355339059327373 0 0.35355339059327373 0 0.35355339059327373 0
0 -0.35355339059327373 0 0.35355339059327373 0 0.35355339059327373 0 0.35355339059327373 0.35355339059327373 0 -0.35355339059327373 0 -0.35355339059327373 0 -0.35355339059327373 0
0 -0.35355339059327373 0 0.35355339059327373 0 0.35355339059327373 0 0.35355339059327373 -0.35355339059327373 0 0.35355339059327373 0 0.35355339059327373 0 0.35355339059327373 0
0 -0.35355339059327373 0 0.35355339059327373 0 0.35355339059327373 0 0.35355339059327373 -0.35355339059327373 0 0.35355339059327373 0 -0.35355339059327373 0 -0.35355339059327373 0
0 -0.35355339059327373 0 0.35355339059327373 0 0.35355339059327373 0 0.35355339059327373 -0.35355339059327373 0 -0.35355339059327373 0 0.35355339059327373 0 -0.35355339059327373 0
0 -0.35355339059327373 0 0.35355339059327373 0 0.35355339059327373 0 0.35355339059327373 -0.35355339059327373 0 -0.35355339059327373 0 -0.35355339059327373 0 0.35355339059327373 0
0 -0.35355339059327373 0 0.35355339059327373 0 0.35355339059327373 0 -0.35355339059327373 0.35355339059327373 0 0.35355339059327373 0 0.35355339059327373 0 0.35355339059327373 0
0 -0.35355339059327373 0 0.35355339059327373 0 0.35355339059327373 0 -0.35355339059327373 0.35355339059327373 0 0.35355339059327373 0 -0.35355339059327373 0 -0.35355339059327373 0
0 -0.35355339059327373 0 0.35355339059327373 0 0.35355339059327373 0 -0.35355339059327373 0.35355339059327373 0 -0.35355339059327373 0 0.35355339059327373 0 -0.35355339059327373 0
0 -0.35355339059327373 0 0.35355339059327373 0 0.35355339059327373 0 -0.35355339059327373 0.35355339059327373 0 -0.35355339059327373 0 -0.35355339059327373 0 0.35355339059327373 0
0 -0.35355339059327373 0 0.35355339059327373 0 0.35355339059327373 0 -0.35355339059327373 -0.35355339059327373 0 0.35355339059327373 0 0.35355339059327373 0 -0.35355339059327373 0
0 -0.35355339059327373 0 0.35355339059327373 0 0.35355339059327373 0 -0.35355339059327373 -0.35355339059327373 0 0.35355339059327373 0 -0.35355339059327373 0 0.35355339059327373 0
0 -0.35355339059327373 0 0.35355339059327373 0 0.35355339059327373 0 -0.35355339059327373 -0.35355339059327373 0 -0.35355339059327373 0 0.35355339059327373 0 0.35355339059327373 0
0 -0.35355339059327373 0 0.35355339059327373 0 0.35355339059327373 0 -0.35355339059327373 -0.35355339059327373 0 -0.35355339059327373 0 -0.35355339059327373 0 -0.35355339059327373 0
0 -0.35355339059327373 0 0.35355339059327373 0 -0.35355339059327373 0 0.35355339059327373 0.35355339059327373 0 0.35355339059327373 0 0.35355339059327373 0 0.35355339059327373 0
0 -0.35355339059327373 0 0.35355339059327373 0 -0.35355339059327373 0 0.35355339059327373 0.35355339059327373 0 0.35355339059327373 0 -0.35355339059327373 0 -0.35355339059327373 0
0 -0.35355339059327373 0 0.35355339059327373 0 -0.35355339059327373 0 0.35355339059327373 0.35355339059327373 0 -0.35355339059327373 0 0.35355339059327373 0 -0.35355339059327373 0
0 -0.35355339059327373 0 0.35355339059327373 0 -0.35355339059327373 0 0.35355339059327373 0.35355339059327373 0 -0.35355339059327373 0 -0.35355339059327373 0 0.35355339059327373 0
0 -0.35355339059327373 0 0.35355339059327373 0 -0.35355339059327373 0 0.35355339059327373 -0.35355339059327373 0 0.35355339059327373 0 0.35355339059327373 0 -0.35355339059327373 0
0 -0.35355339059327373 0 0.35355339059327373 0 -0.35355339059327373 0 0.35355339059327373 -0.35355339059327373 0 0.35355339059327373 0 -0.35355339059327373 0 0.35355339059327373 0
0 -0.35355339059327373 0 0.35355339059327373 0 -0.35355339059327373 0 0.35355339059327373 -0.35355339059327373 0 -0.35355339059327373 0 0.35355339059327373 0 0.35355339059327373 0
0 -0.35355339059327373 0 0.35355339059327373 0 -0.35355339059327373 0 0.35355339059327373 -0.35355339059327373 0 -0.35355339059327373 0 -0.35355339059327373 0 -0.35355339059327373 0
0 -0.35355339059327373 0 0.35355339059327373 0 -0.35355339059327373 0 -0.35355339059327373 0.35355339059327373 0 0.35355339059327373 0 0.35355339059327373 0 -0.35355339059327373 0
0 -0.35355339059327373 0 0.35355339059327373 0 -0.35355339059327373 0 -0.35355339059327373 0.35355339059327373 0 0.35355339059327373 0 -0.35355339059327373 0 0.35355339059327373 0
0 -0.35355339059327373 0 0.35355339059327373 0 -0.35355339059327373 0 -0.35355339059327373 0.35355339059327373 0 -0.35355339059327373 0 0.35355339059327373 0 0.35355339059327373 0
0 -0.35355339059327373 0 0.35355339059327373 0 -0.35355339059327373 0 -0.35355339059327373 0.35355339059327373 0 -0.35355339059327373 0 -0.35355339059327373 0 -0.35355339059327373 0
0 -0.35355339059327373 0 0.35355339059327373 0 -0.35355339059327373 0 -0.35355339059327373 -0.35355339059327373 0 0.35355339059327373 0 0.35355339059327373 0 0.35355339059327373 0
0 -0.35355339059327373 0 0.35355339059327373 0 -0.35355339059327373 0 -0.35355339059327373 -0.35355339059327373 0 0.35355339059327373 0 -0.35355339059327373 0 -0.35355339059327373 0
0 -0.35355339059327373 0 0.35355339059327373 0 -0.35355339059327373 0 -0.35355339059327373 -0.35355339059327373 0 -0.35355339059327373 0 0.35355339059327373 0 -0.35355339059327373 0
0 -0.35355339059327373 0 0.35355339059327373 0 -0.35355339059327373 0 -0.35355339059327373 -0.35355339059327373 0 -0.35355339059327373 0 -0.35355339059327373 0 0.35355339059327373 0
0 -0.35355339059327373 0 -0.35355339059327373 0 0.35355339059327373 0 0.35355339059327373 0.35355339059327373 0 0.35355339059327373 0 0.35355339059327373 0 0.35355339059327373 0
0 -0.35355339059327373 0 -0.35355339059327373 0 0.35355339059327373 0 0.35355339059327373 0.35355339059327373 0 0.35355339059327373 0 -0.35355339059327373 0 -0.35355339059327373 0
0 -0.35355339059327373 0 -0.35355339059327373 0 0.35355339059327373 0 0.35355339059327373 0.35355339059327373 0 -0.35355339059327373 0 0.35355339059327373 0 -0.35355339059327373 0
0 -0.35355339059327373 0 -0.35355339059327373 0 0.35355339059327373 0 0.35355339059327373 0.35355339059327373 0 -0.35355339059327373 0 -0.35355339059327373 0 0.35355339059327373 0
0 -0.35355339059327373 0 -0.35355339059327373 0 0.35355339059327373 0 0.35355339059327373 -0.35355339059327373 0 0.35355339059327373 0 0.35355339059327373 0 -0.35355339059327373 0
0 -0.35355339059327373 0 -0.35355339059327373 0 0.35355339059327373 0 0.35355339059327373 -0.35355339059327373 0 0.35355339059327373 0 -0.35355339059327373 0 0.35355339059327373 0
0 -0.35355339059327373 0 -0.35355339059327373 0 0.35355339059327373 0 0.35355339059327373 -0.35355339059327373 0 -0.35355339059327373 0 0.35355339059327373 0 0.35355339059327373 0
0 -0.35355339059327373 0 -0.35355339059327373 0 0.35355339059327373 0 0.35355339059327373 -0.35355339059327373 0 -0.35355339059327373 0 -0.35355339059327373 0 -0.35355339059327373 0
0 -0.35355339059327373 0 -0.35355339059327373 0 0.35355339059327373 0 -0.35355339059327373 0.35355339059327373 0 0.35355339059327373 0 0.35355339059327373 0 -0.35355339059327373 0
0 -0.35355339059327373 0 -0.35355339059327373 0 0.35355339059327373 0 -0.35355339059327373 0.35355339059327373 0 0.35355339059327373 0 -0.35355339059327373 0 0.35355339059327373 0
0 -0.35355339059327373 0 -0.35355339059327373 0 0.35355339059327373 0 -0.35355339059327373 0.35355339059327373 0 -0.35355339059327373 0 0.35355339059327373 0 0.35355339059327373 0
0 -0.35355339059327373 0 -0.35355339059327373 0 0.35355339059327373 0 -0.35355339059327373 0.35355339059327373 0 -0.35355339059327373 0 -0.35355339059327373 0 -0.35355339059327373 0
0 -0.35355339059327373 0 -0.35355339059327373 0 0.35355339059327373 0 -0.35355339059327373 -0.35355339059327373 0 0.35355339059327373 0 0.35355339059327373 0 0.35355339059327373 0
0 -0.35355339059327373 0 -0.35355339059327373 0 0.35355339059327373 0 -0.35355339059327373 -0.35355339059327373 0 0.35355339059327373 0 -0.35355339059327373 0 -0.35355339059327373 0
0 -0.35355339059327373 0 -0.35355339059327373 0 0.35355339059327373 0 -0.35355339059327373 -0.35355339059327373 0 -0.35355339059327373 0 0.35355339059327373 0 -0.35355339059327373 0
0 -0.35355339059327373 0 -0.35355339059327373 0 0.35355339059327373 0 -0.35355339059327373 -0.35355339059327373 0 -0.35355339059327373 0 -0.35355339059327373 0 0.35355339059327373 0
0 -0.35355339059327373 0 -0.35355339059327373 0 -0.35355339059327373 0 0.35355339059327373 0.35355339059327373 0 0.35355339059327373 0 0.35355339059327373 0 -0.35355339059327373 0
0 -0.35355339059327373 0 -0.35355339059327373 0 -0.35355339059327373 0 0.35355339059327373 0.35355339059327373 0 0.35355339059327373 0 -0.35355339059327373 0 0.35355339059327373 0
0 -0.35355339059327373 0 -0.35355339059327373 0 -0.35355339059327373 0 0.35355339059327373 0.35355339059327373 0 -0.35355339059327373 0 0.35355339059327373 0 0.35355339059327373 0
0 -0.35355339059327373 0 -0.35355339059327373 0 -0.35355339059327373 0 0.35355339059327373 0.35355339059327373 0 -0.35355339059327373 0 -0.35355339059327373 0 -0.35355339059327373 0
0 -0.35355339059327373 0 -0.35355339059327373 0 -0.35355339059327373 0 0.35355339059327373 -0.35355339059327373 0 0.35355339059327373 0 0.35355339059327373 0 0.35355339059327373 0
0 -0.35355339059327373 0 -0.35355339059327373 0 -0.35355339059327373 0 0.35355339059327373 -0.35355339059327373 0 0.35355339059327373 0 -0.35355339059327373 0 -0.35355339059327373 0
0 -0.35355339059327373 0 -0.35355339059327373 0 -0.35355339059327373 0 0.35355339059327373 -0.35355339059327373 0 -0.35355339059327373 0 0.35355339059327373 0 -0.35355339059327373 0
0 -0.35355339059327373 0 -0.35355339059327373 0 -0.35355339059327373 0 0.35355339059327373 -0.35355339059327373 0 -0.35355339059327373 0 -0.35355339059327373 0 0.35355339059327373 0
0 -0.35355339059327373 0 -0.35355339059327373 0 -0.35355339059327373 0 -0.35355339059327373 0.35355339059327373 0 0.35355339059327373 0 0.35355339059327373 0 0.35355339059327373 0
0 -0.35355339059327373 0 -0.35355339059327373 0 -0.35355339059327373 0 -0.35355339059327373 0.35355339059327373 0 0.35355339059327373 0 -0.35355339059327373 0 -0.35355339059327373 0
0 -0.35355339059327373 0 -0.35355339059327373 0 -0.35355339059327373 0 -0.35355339059327373 0.35355339059327373 0 -0.35355339059327373 0 0.35355339059327373 0 -0.35355339059327373 0
0 -0.35355339059327373 0 -0.35355339059327373 0 -0.35355339059327373 0 -0.35355339059327373 0.35355339059327373 0 -0.35355339059327373 0 -0.35355339059327373 0 0.35355339059327373 0
0 -0.35355339059327373 0 -0.35355339059327373 0 -0.35355339059327373 0 -0.35355339059327373 -0.35355339059327373 0 0.35355339059327373 0 0.35355339059327373 0 -0.35355339059327373 0
0 -0.35355339059327373 0 -0.35355339059327373 0 -0.35355339059327373 0 -0.35355339059327373 -0.35355339059327373 0 0.35355339059327373 0 -0.35355339059327373 0 0.35355339059327373 0
0 -0.35355339059327373 0 -0.35355339059327373 0 -0.35355339059327373 0 -0.35355339059327373 -0.35355339059327373 0 -0.35355339059327373 0 0.35355339059327373 0 0.35355339059327373 0
0 -0.35355339059327373 0 -0.35355339059327373 0 -0.35355339059327373 0 -0.35355339059327373 -0.35355339059327373 0 -0.35355339059327373 0 -0.35355339059327373 0 -0.35355339059327373 0
0.35355339059327373 0 0.35355339059327373 0 0.35355339059327373 0 0.35355339059327373 0 0 0.35355339059327373 0 0.35355339059327373 0 0.35355339059327373 0 0.35355339059327373
0.35355339059327373 0 0.35355339059327373 0 0.35355339059327373 0 0.35355339059327373 0 0 0.35355339059327373 0 0.35355339059327373 0 -0.35355339059327373 0 -0.35355339059327373
0.35355339059327373 0 0.35355339059327373 0 0.35355339059327373 0 0.35355339059327373 0 0 0.35355339059327373 0 -0.35355339059327373 0 0.35355339059327373 0 -0.35355339059327373
0.35355339059327373 0 0.35355339059327373 0 0.35355339059327373 0 0.35355339059327373 0 0 0.35355339059327373 0 -0.35355339059327373 0 -0.35355339059327373 0 0.35355339059327373
0.35355339059327373 0 0.35355339059327373 0 0.35355339059327373 0 0.35355339059327373 0 0 -0.35355339059327373 0 0.35355339059327373 0 0.35355339059327373 0 -0.35355339059327373
0.35355339059327373 0 0.35355339059327373 0 0.35355339059327373 0 0.35355339059327373 0 0 -0.35355339059327373 0 0.35355339059327373 0 -0.35355339059327373 0 0.35355339059327373
0.35355339059327373 0 0.35355339059327373 0 0.35355339059327373 0 0.35355339059327373 0 0 -0.35355339059327373 0 -0.35355339059327373 0 0.35355339059327373 0 0.35355339059327373
0.35355339059327373 0 0.35355339059327373 0 0.35355339059327373 0 0.35355339059327373 0 0 -0.35355339059327373 0 -0.35355339059327373 0 -0.35355339059327373 0 -0.35355339059327373
0.35355339059327373 0 0.35355339059327373 0 0.35355339059327373 0 -0.35355339059327373 0 0 0.35355339059327373 0 0.35355339059327373 0 0.35355339059327373 0 -0.35355339059327373
0.35355339059327373 0 0.35355339059327373 0 0.35355339059327373 0 -0.35355339059327373 0 0 0.35355339059327373 0 0.35355339059327373 0 -0.35355339059327373 0 0.35355339059327373
0.35355339059327373 0 0.35355339059327373 0 0.35355339059327373 0 -0.35355339059327373 0 0 0.35355339059327373 0 -0.35355339059327373 0 0.35355339059327373 0 0.35355339059327373
0.35355339059327373 0 0.35355339059327373 0 0.35355339059327373 0 -0.35355339059327373 0 0 0.35355339059327373 0 -0.35355339059327373 0 -0.35355339059327373 0 -0.35355339059327373
0.35355339059327373 0 0.35355339059327373 0 0.35355339059327373 0 -0.35355339059327373 0 0 -0.35355339059327373 0 0.35355339059327373 0 0.35355339059327373 0 0.35355339059327373
0.35355339059327373 0 0.35355339059327373 0 0.35355339059327373 0 -0.35355339059327373 0 0 -0.35355339059327373 0 0.35355339059327373 0 -0.35355339059327373 0 -0.35355339059327373
0.35355339059327373 0 0.35355339059327373 0 0.35355339059327373 0 -0.35355339059327373 0 0 -0.35355339059327373 0 -0.35355339059327373 0 0.35355339059327373 0 -0.35355339059327373
0.35355339059327373 0 0.35355339059327373 0 0.35355339059327373 0 -0.35355339059327373 0 0 -0.35355339059327373 0 -0.35355339059327373 0 -0.35355339059327373 0 0.35355339059327373
0.35355339059327373 0 0.35355339059327373 0 -0.35355339059327373 0 0.35355339059327373 0 0 0.35355339059327373 0 0.35355339059327373 0 0.35355339059327373 0 -0.35355339059327373
0.35355339059327373 0 0.35355339059327373 0 -0.35355339059327373 0 0.35355339059327373 0 0 0.35355339059327373 0 0.35355339059327373 0 -0.35355339059327373 0 0.35355339059327373
0.35355339059327373 0 0.35355339059327373 0 -0.35355339059327373 0 0.35355339059327373 0 0 0.35355339059327373 0 -0.35355339059327373 0 0.35355339059327373 0 0.35355339059327373
0.35355339059327373 0 0.35355339059327373 0 -0.35355339059327373 0 0.35355339059327373 0 0 0.35355339059327373 0 -0.35355339059327373 0 -0.35355339059327373 0 -0.35355339059327373
0.35355339059327373 0 0.35355339059327373 0 -0.35355339059327373 0 0.35355339059327373 0 0 -0.35355339059327373 0 0.35355339059327373 0 0.35355339059327373 0 0.35355339059327373
0.35355339059327373 0 0.35355339059327373 0 -0.35355339059327373 0 0.35355339059327373 0 0 -0.35355339059327373 0 0.35355339059327373 0 -0.35355339059327373 0 -0.35355339059327373
0.35355339059327373 0 0.35355339059327373 0 -0.35355339059327373 0 0.35355339059327373 0 0 -0.35355339059327373 0 -0.35355339059327373 0 0.35355339059327373 0 -0.35355339059327373
0.35355339059327373 0 0.35355339059327373 0 -0.35355339059327373 0 0.35355339059327373 0 0 -0.35355339059327373 0 -0.35355339059327373 0 -0.35355339059327373 0 0.35355339059327373
0.35355339059327373 0 0.35355339059327373 0 -0.35355339059327373 0 -0.35355339059327373 0 0 0.35355339059327373 0 0.35355339059327373 0 0.35355339059327373 0 0.35355339059327373
0.35355339059327373 0 0.35355339059327373 0 -0.35355339059327373 0 -0.35355339059327373 0 0 0.35355339059327373 0 0.35355339059327373 0 -0.35355339059327373 0 -0.35355339059327373
0.35355339059327373 0 0.35355339059327373 0 -0.35355339059327373 0 -0.35355339059327373 0 0 0.35355339059327373 0 -0.35355339059327373 0 0.35355339059327373 0 -0.35355339059327373
0.35355339059327373 0 0.35355339059327373 0 -0.35355339059327373 0 -0.35355339059327373 0 0 0.35355339059327373 0 -0.35355339059327373 0 -0.35355339059327373 0 0.35355339059327373
0.35355339059327373 0 0.35355339059327373 0 -0.35355339059327373 0 -0.35355339059327373 0 0 -0.35355339059327373 0 0.35355339059327373 0 0.35355339059327373 0 -0.35355339059327373
0.35355339059327373 0 0.35355339059327373 0 -0.35355339059327373 0 -0.35355339059327373 0 0 -0.35355339059327373 0 0.35355339059327373 0 -0.35355339059327373 0 0.35355339059327373
0.35355339059327373 0 0.35355339059327373 0 -0.35355339059327373 0 -0.35355339059327373 0 0 -0.35355339059327373 0 -0.35355339059327373 0 0.35355339059327373 0 0.35355339059327373
0.35355339059327373 0 0.35355339059327373 0 -0.35355339059327373 0 -0.35355339059327373 0 0 -0.35355339059327373 0 -0.35355339059327373 0 -0.35355339059327373 0 -0.35355339059327373
0.35355339059327373 0 -0.35355339059327373 0 0.35355339059327373 0 0.35355339059327373 0 0 0.35355339059327373 0 0.35355339059327373 0 0.35355339059327373 0 -0.35355339059327373
0.35355339059327373 0 -0.35355339059327373 0 0.35355339059327373 0 0.35355339059327373 0 0 0.35355339059327373 0 0.35355339059327373 0 -0.35355339059327373 0 0.35355339059327373
0.35355339059327373 0 -0.35355339059327373 0 0.35355339059327373 0 0.35355339059327373 0 0 0.35355339059327373 0 -0.35355339059327373 0 0.35355339059327373 0 0.35355339059327373
0.35355339059327373 0 -0.35355339059327373 0 0.35355339059327373 0 0.35355339059327373 0 0 0.35355339059327373 0 -0.35355339059327373 0 -0.35355339059327373 0 -0.35355339059327373
0.35355339059327373 0 -0.35355339059327373 0 0.35355339059327373 0 0.35355339059327373 0 0 -0.35355339059327373 0 0.35355339059327373 0 0.35355339059327373 0 0.35355339059327373
0.35355339059327373 0 -0.35355339059327373 0 0.35355339059327373 0 0.35355339059327373 0 0 -0.35355339059327373 0 0.35355339059327373 0 -0.35355339059327373 0 -0.35355339059327373
0.35355339059327373 0 -0.35355339059327373 0 0.35355339059327373 0 0.35355339059327373 0 0 -0.35355339059327373 0 -0.35355339059327373 0 0.35355339059327373 0 -0.35355339059327373
0.35355339059327373 0 -0.35355339059327373 0 0.35355339059327373 0 0.35355339059327373 0 0 -0.35355339059327373 0 -0.35355339059327373 0 -0.35355339059327373 0 0.35355339059327373
0.35355339059327373 0 -0.35355339059327373 0 0.35355339059327373 0 -0.35355339059327373 0 0 0.35355339059327373 0 0.35355339059327373 0 0.35355339059327373 0 0.35355339059327373
0.35355339059327373 0 -0.35355339059327373 0 0.35355339059327373 0 -0.35355339059327373 0 0 0.35355339059327373 0 0.35355339059327373 0 -0.35355339059327373 0 -0.35355339059327373
0.35355339059327373 0 -0.35355339059327373 0 0.35355339059327373 0 -0.35355339059327373 0 0 0.35355339059327373 0 -0.35355339059327373 0 0.35355339059327373 0 -0.35355339059327373
0.35355339059327373 0 -0.35355339059327373 0 0.35355339059327373 0 -0.35355339059327373 0 0 0.35355339059327373 0 -0.35355339059327373 0 -0.35355339059327373 0 0.35355339059327373
0.35355339059327373 0 -0.35355339059327373 0 0.35355339059327373 0 -0.35355339059327373 0 0 -0.35355339059327373 0 0.35355339059327373 0 0.35355339059327373 0 -0.35355339059327373
0.35355339059327373 0 -0.35355339059327373 0 0.35355339059327373 0 -0.35355339059327373 0 0 -0.35355339059327373 0 0.35355339059327373 0 -0.35355339059327373 0 0.35355339059327373
0.35355339059327373 0 -0.35355339059327373 0 0.35355339059327373 0 -0.35355339059327373 0 0 -0.35355339059327373 0 -0.35355339059327373 0 0.35355339059327373 0 0.35355339059327373
0.35355339059327373 0 -0.35355339059327373 0 0.35355339059327373 0 -0.35355339059327373 0 0 -0.35355339059327373 0 -0.35355339059327373 0 -0.35355339059327373 0 -0.35355339059327373
0.35355339059327373 0 -0.35355339059327373 0 -0.35355339059327373 0 0.35355339059327373 0 0 0.35355339059327373 0 0.35355339059327373 0 0.35355339059327373 0 0.35355339059327373
0.35355339059327373 0 -0.35355339059327373 0 -0.35355339059327373 0 0.35355339059327373 0 0 0.35355339059327373 0 0.35355339059327373 0 -0.35355339059327373 0 -0.35355339059327373
0.35355339059327373 0 -0.35355339059327373 0 -0.35355339059327373 0 0.35355339059327373 0 0 0.35355339059327373 0 -0.35355339059327373 0 0.35355339059327373 0 -0.35355339059327373
0.35355339059327373 0 -0.35355339059327373 0 -0.35355339059327373 0 0.35355339059327373 0 0 0.35355339059327373 0 -0.35355339059327373 0 -0.35355339059327373 0 0.35355339059327373
0.35355339059327373 0 -0.35355339059327373 0 -0.35355339059327373 0 0.35355339059327373 0 0 -0.35355339059327373 0 0.35355339059327373 0 0.35355339059327373 0 -0.35355339059327373
0.35355339059327373 0 -0.35355339059327373 0 -0.35355339059327373 0 0.35355339059327373 0 0 -0.35355339059327373 0 0.35355339059327373 0 -0.35355339059327373 0 0.35355339059327373
0.35355339059327373 0 -0.35355339059327373 0 -0.35355339059327373 0 0.35355339059327373 0 0 -0.35355339059327373 0 -0.35355339059327373 0 0.35355339059327373 0 0.35355339059327373
0.35355339059327373 0 -0.35355339059327373 0 -0.35355339059327373 0 0.35355339059327373 0 0 -0.35355339059327373 0 -0.35355339059327373 0 -0.35355339059327373 0 -0.35355339059327373
0.35355339059327373 0 -0.35355339059327373 0 -0.35355339059327373 0 -0.35355339059327373 0 0 0.35355339059327373 0 0.35355339059327373 0 0.35355339059327373 0 -0.35355339059327373
0.35355339059327373 0 -0.35355339059327373 0 -0.35355339059327373 0 -0.35355339059327373 0 0 0.35355339059327373 0 0.35355339059327373 0 -0.35355339059327373 0 0.35355339059327373
0.35355339059327373 0 -0.35355339059327373 0 -0.35355339059327373 0 -0.35355339059327373 0 0 0.35355339059327373 0 -0.35355339059327373 0 0.35355339059327373 0 0.35355339059327373
0.35355339059327373 0 -0.35355339059327373 0 -0.35355339059327373 0 -0.35355339059327373 0 0 0.35355339059327373 0 -0.35355339059327373 0 -0.35355339059327373 0 -0.35355339059327373
0.35355339059327373 0 -0.35355339059327373 0 -0.35355339059327373 0 -0.35355339059327373 0 0 -0.35355339059327373 0 0.35355339059327373 0 0.35355339059327373 0 0.35355339059327373
0.35355339059327373 0 -0.35355339059327373 0 -0.35355339059327373 0 -0.35355339059327373 0 0 -0.35355339059327373 0 0.35355339059327373 0 -0.35355339059327373 0 -0.35355339059327373
0.35355339059327373 0 -0.35355339059327373 0 -0.35355339059327373 0 -0.35355339059327373 0 0 -0.35355339059327373 0 -0.35355339059327373 0 0.35355339059327373 0 -0.35355339059327373
0.35355339059327373 0 -0.35355339059327373 0 -0.35355339059327373 0 -0.35355339059327373 0 0 -0.35355339059327373 0 -0.35355339059327373 0 -0.35355339059327373 0 0.35355339059327373
-0.35355339059327373 0 0.35355339059327373 0 0.35355339059327373 0 0.35355339059327373 0 0 0.35355339059327373 0 0.35355339059327373 0 0.35355339059327373 0 -0.35355339059327373
-0.35355339059327373 0 0.35355339059327373 0 0.35355339059327373 0 0.35355339059327373 0 0 0.35355339059327373 0 0.35355339059327373 0 -0.35355339059327373 0 0.35355339059327373
-0.35355339059327373 0 0.35355339059327373 0 0.35355339059327373 0 0.35355339059327373 0 0 0.35355339059327373 0 -0.35355339059327373 0 0.35355339059327373 0 0.35355339059327373
-0.35355339059327373 0 0.35355339059327373 0 0.35355339059327373 0 0.35355339059327373 0 0 0.35355339059327373 0 -0.35355339059327373 0 -0.35355339059327373 0 -0.35355339059327373
-0.35355339059327373 0 0.35355339059327373 0 0.35355339059327373 0 0.35355339059327373 0 0 -0.35355339059327373 0 0.35355339059327373 0 0.35355339059327373 0 0.35355339059327373
-0.35355339059327373 0 0.35355339059327373 0 0.35355339059327373 0 0.35355339059327373 0 0 -0.35355339059327373 0 0.35355339059327373 0 -0.35355339059327373 0 -0.35355339059327373
-0.35355339059327373 0 0.35355339059327373 0 0.35355339059327373 0 0.35355339059327373 0 0 -0.35355339059327373 0 -0.35355339059327373 0 0.35355339059327373 0 -0.35355339059327373
-0.35355339059327373 0 0.35355339059327373 0 0.35355339059327373 0 0.35355339059327373 0 0 -0.35355339059327373 0 -0.35355339059327373 0 -0.35355339059327373 0 0.35355339059327373
-0.35355339059327373 0 0.35355339059327373 0 0.35355339059327373 0 -0.35355339059327373 0 0 0.35355339059327373 0 0.35355339059327373 0 0.35355339059327373 0 0.35355339059327373
-0.35355339059327373 0 0.35355339059327373 0 0.35355339059327373 0 -0.35355339059327373 0 0 0.35355339059327373 0 0.35355339059327373 0 -0.35355339059327373 0 -0.35355339059327373
-0.35355339059327373 0 0.35355339059327373 0 0.35355339059327373 0 -0.35355339059327373 0 0 0.35355339059327373 0 -0.35355339059327373 0 0.35355339059327373 0 -0.35355339059327373
-0.35355339059327373 0 0.35355339059327373 0 0.35355339059327373 0 -0.35355339059327373 0 0 0.35355339059327373 0 -0.35355339059327373 0 -0.35355339059327373 0 0.35355339059327373
-0.35355339059327373 0 0.35355339059327373 0 0.35355339059327373 0 -0.35355339059327373 0 0 -0.35355339059327373 0 0.35355339059327373 0 0.35355339059327373 0 -0.35355339059327373
-0.35355339059327373 0 0.35355339059327373 0 0.35355339059327373 0 -0.35355339059327373 0 0 -0.35355339059327373 0 0.35355339059327373 0 -0.35355339059327373 0 0.35355339059327373
-0.35355339059327373 0 0.35355339059327373 0 0.35355339059327373 0 -0.35355339059327373 0 0 -0.35355339059327373 0 -0.35355339059327373 0 0.35355339059327373 0 0.35355339059327373
-0.35355339059327373 0 0.35355339059327373 0 0.35355339059327373 0 -0.35355339059327373 0 0 -0.35355339059327373 0 -0.35355339059327373 0 -0.35355339059327373 0 -0.35355339059327373
-0.35355339059327373 0 0.35355339059327373 0 -0.35355339059327373 0 0.35355339059327373 0 0 0.35355339059327373 0 0.35355339059327373 0 0.35355339059327373 0 0.35355339059327373
-0.35355339059327373 0 0.35355339059327373 0 -0.35355339059327373 0 0.35355339059327373 0 0 0.35355339059327373 0 0.35355339059327373 0 -0.35355339059327373 0 -0.35355339059327373
-0.35355339059327373 0 0.35355339059327373 0 -0.35355339059327373 0 0.35355339059327373 0 0 0.35355339059327373 0 -0.35355339059327373 0 0.35355339059327373 0 -0.35355339059327373
-0.35355339059327373 0 0.35355339059327373 0 -0.35355339059327373 0 0.35355339059327373 0 0 0.35355339059327373 0 -0.35355339059327373 0 -0.35355339059327373 0 0.35355339059327373
-0.35355339059327373 0 0.35355339059327373 0 -0.35355339059327373 0 0.35355339059327373 0 0 -0.35355339059327373 0 0.35355339059327373 0 0.35355339059327373 0 -0.35355339059327373
-0.35355339059327373 0 0.35355339059327373 0 -0.35355339059327373 0 0.35355339059327373 0 0 -0.35355339059327373 0 0.35355339059327373 0 -0.35355339059327373 0 0.35355339059327373
-0.35355339059327373 0 0.35355339059327373 0 -0.35355339059327373 0 0.35355339059327373 0 0 -0.35355339059327373 0 -0.35355339059327373 0 0.35355339059327373 0 0.35355339059327373
-0.35355339059327373 0 0.35355339059327373 0 -0.35355339059327373 0 0.35355339059327373 0 0 -0.35355339059327373 0 -0.35355339059327373 0 -0.35355339059327373 0 -0.35355339059327373
-0.35355339059327373 0 0.35355339059327373 0 -0.35355339059327373 0 -0.35355339059327373 0 0 0.35355339059327373 0 0.35355339059327373 0 0.35355339059327373 0 -0.35355339059327373
-0.35355339059327373 0 0.35355339059327373 0 -0.35355339059327373 0 -0.35355339059327373 0 0 0.35355339059327373 0 0.35355339059327373 0 -0.35355339059327373 0 0.35355339059327373
-0.35355339059327373 0 0.35355339059327373 0 -0.35355339059327373 0 -0.35355339059327373 0 0 0.35355339059327373 0 -0.35355339059327373 0 0.35355339059327373 0 0.35355339059327373
-0.35355339059327373 0 0.35355339059327373 0 -0.35355339059327373 0 -0.35355339059327373 0 0 0.35355339059327373 0 -0.35355339059327373 0 -0.35355339059327373 0 -0.35355339059327373
-0.35355339059327373 0 0.35355339059327373 0 -0.35355339059327373 0 -0.35355339059327373 0 0 -0.35355339059327373 0 0.35355339059327373 0 0.35355339059327373 0 0.35355339059327373
-0.35355339059327373 0 0.35355339059327373 0 -0.35355339059327373 0 -0.35355339059327373 0 0 -0.35355339059327373 0 0.35355339059327373 0 -0.35355339059327373 0 -0.35355339059327373
-0.35355339059327373 0 0.35355339059327373 0 -0.35355339059327373 0 -0.35355339059327373 0 0 -0.35355339059327373 0 -0.35355339059327373 0 0.35355339059327373 0 -0.35355339059327373
-0.35355339059327373 0 0.35355339059327373 0 -0.35355339059327373 0 -0.35355339059327373 0 0 -0.35355339059327373 0 -0.35355339059327373 0 -0.35355339059327373 0 0.35355339059327373
-0.35355339059327373 0 -0.35355339059327373 0 0.35355339059327373 0 0.35355339059327373 0 0 0.35355339059327373 0 0.35355339059327373 0 0.35355339059327373 0 0.35355339059327373
-0.35355339059327373 0 -0.35355339059327373 0 0.35355339059327373 0 0.35355339059327373 0 0 0.35355339059327373 0 0.35355339059327373 0 -0.35355339059327373 0 -0.35355339059327373
-0.35355339059327373 0 -0.35355339059327373 0 0.35355339059327373 0 0.35355339059327373 0 0 0.35355339059327373 0 -0.35355339059327373 0 0.35355339059327373 0 -0.35355339059327373
-0.35355339059327373 0 -0.35355339059327373 0 0.35355339059327373 0 0.35355339059327373 0 0 0.35355339059327373 0 -0.35355339059327373 0 -0.35355339059327373 0 0.35355339059327373
-0.35355339059327373 0 -0.35355339059327373 0 0.35355339059327373 0 0.35355339059327373 0 0 -0.35355339059327373 0 0.35355339059327373 0 0.35355339059327373 0 -0.35355339059327373
-0.35355339059327373 0 -0.35355339059327373 0 0.35355339059327373 0 0.35355339059327373 0 0 -0.35355339059327373 0 0.35355339059327373 0 -0.35355339059327373 0 0.35355339059327373
-0.35355339059327373 0 -0.35355339059327373 0 0.35355339059327373 0 0.35355339059327373 0 0 -0.35355339059327373 0 -0.35355339059327373 0 0.35355339059327373 0 0.35355339059327373
-0.35355339059327373 0 -0.35355339059327373 0 0.35355339059327373 0 0.35355339059327373 0 0 -0.35355339059327373 0 -0.35355339059327373 0 -0.35355339059327373 0 -0.35355339059327373
-0.35355339059327373 0 -0.35355339059327373 0 0.35355339059327373 0 -0.35355339059327373 0 0 0.35355339059327373 0 0.35355339059327373 0 0.35355339059327373 0 -0.35355339059327373
-0.35355339059327373 0 -0.35355339059327373 0 0.35355339059327373 0 -0.35355339059327373 0 0 0.35355339059327373 0 0.35355339059327373 0 -0.35355339059327373 0 0.35355339059327373
-0.35355339059327373 0 -0.35355339059327373 0 0.35355339059327373 0 -0.35355339059327373 0 0 0.35355339059327373 0 -0.35355339059327373 0 0.35355339059327373 0 0.35355339059327373
-0.35355339059327373 0 -0.35355339059327373 0 0.35355339059327373 0 -0.35355339059327373 0 0 0.35355339059327373 0 -0.35355339059327373 0 -0.35355339059327373 0 -0.35355339059327373
-0.35355339059327373 0 -0.35355339059327373 0 0.35355339059327373 0 -0.35355339059327373 0 0 -0.35355339059327373 0 0.35355339059327373 0 0.35355339059327373 0 0.35355339059327373
-0.35355339059327373 0 -0.35355339059327373 0 0.35355339059327373 0 -0.35355339059327373 0 0 -0.35355339059327373 0 0.35355339059327373 0 -0.35355339059327373 0 -0.35355339059327373
-0.35355339059327373 0 -0.35355339059327373 0 0.35355339059327373 0 -0.35355339059327373 0 0 -0.35355339059327373 0 -0.35355339059327373 0 0.35355339059327373 0 -0.35355339059327373
-0.35355339059327373 0 -0.35355339059327373 0 0.35355339059327373 0 -0.35355339059327373 0 0 -0.35355339059327373 0 -0.35355339059327373 0 -0.35355339059327373 0 0.35355339059327373
-0.35355339059327373 0 -0.35355339059327373 0 -0.35355339059327373 0 0.35355339059327373 0 0 0.35355339059327373 0 0.35355339059327373 0 0.35355339059327373 0 -0.35355339059327373
-0.35355339059327373 0 -0.35355339059327373 0 -0.35355339059327373 0 0.35355339059327373 0 0 0.35355339059327373 0 0.35355339059327373 0 -0.35355339059327373 0 0.35355339059327373
-0.35355339059327373 0 -0.35355339059327373 0 -0.35355339059327373 0 0.35355339059327373 0 0 0.35355339059327373 0 -0.35355339059327373 0 0.35355339059327373 0 0.35355339059327373
-0.35355339059327373 0 -0.35355339059327373 0 -0.35355339059327373 0 0.35355339059327373 0 0 0.35355339059327373 0 -0.35355339059327373 0 -0.35355339059327373 0 -0.35355339059327373
-0.35355339059327373 0 -0.35355339059327373 0 -0.35355339059327373 0 0.35355339059327373 0 0 -0.35355339059327373 0 0.35355339059327373 0 0.35355339059327373 0 0.35355339059327373
-0.35355339059327373 0 -0.35355339059327373 0 -0.35355339059327373 0 0.35355339059327373 0 0 -0.35355339059327373 0 0.35355339059327373 0 -0.35355339059327373 0 -0.35355339059327373
-0.35355339059327373 0 -0.35355339059327373 0 -0.35355339059327373 0 0.35355339059327373 0 0 -0.35355339059327373 0 -0.35355339059327373 0 0.35355339059327373 0 -0.35355339059327373
-0.35355339059327373 0 -0.35355339059327373 0 -0.35355339059327373 0 0.35355339059327373 0 0 -0.35355339059327373 0 -0.35355339059327373 0 -0.35355339059327373 0 0.35355339059327373
-0.35355339059327373 0 -0.35355339059327373 0 -0.35355339059327373 0 -0.35355339059327373 0 0 0.35355339059327373 0 0.35355339059327373 0 0.35355339059327373 0 0.35355339059327373
-0.35355339059327373 0 -0.35355339059327373 0 -0.35355339059327373 0 -0.35355339059327373 0 0 0.35355339059327373 0 0.35355339059327373 0 -0.35355339059327373 0 -0.35355339059327373
-0.35355339059327373 0 -0.35355339059327373 0 -0.35355339059327373 0 -0.35355339059327373 0 0 0.35355339059327373 0 -0.35355339059327373 0 0.35355339059327373 0 -0.35355339059327373
-0.35355339059327373 0 -0.35355339059327373 0 -0.35355339059327373 0 -0.35355339059327373 0 0 0.35355339059327373 0 -0.35355339059327373 0 -0.35355339059327373 0 0.35355339059327373
-0.35355339059327373 0 -0.35355339059327373 0 -0.35355339059327373 0 -0.35355339059327373 0 0 -0.35355339059327373 0 0.35355339059327373 0 0.35355339059327373 0 -0.35355339059327373
-0.35355339059327373 0 -0.35355339059327373 0 -0.35355339059327373 0 -0.35355339059327373 0 0 -0.35355339059327373 0 0.35355339059327373 0 -0.35355339059327373 0 0.35355339059327373
-0.35355339059327373 0 -0.35355339059327373 0 -0.35355339059327373 0 -0.35355339059327373 0 0 -0.35355339059327373 0 -0.35355339059327373 0 0.35355339059327373 0 0.35355339059327373
-0.35355339059327373 0 -0.35355339059327373 0 -0.35355339059327373 0 -0.35355339059327373 0 0 -0.35355339059327373 0 -0.35355339059327373 0 -0.35355339059327373 0 -0.35355339059327373
0 0 0.35355339059327373 0.35355339059327373 0 0 0.35355339059327373 0.35355339059327373 0.35355339059327373 0.35355339059327373 0 0 0.35355339059327373 0.35355339059327373 0 0
0 0 0.35355339059327373 0.35355339059327373 0 0 0.35355339059327373 0.35355339059327373 0.35355339059327373 0.35355339059327373 0 0 -0.35355339059327373 -0.35355339059327373 0 0
0 0 0.35355339059327373 0.35355339059327373 0 0 0.35355339059327373 0.35355339059327373 0.35355339059327373 -0.35355339059327373 0 0 0.35355339059327373 -0.35355339059327373 0 0
0 0 0.35355339059327373 0.35355339059327373 0 0 0.35355339059327373 0.35355339059327373 0.35355339059327373 -0.35355339059327373 0 0 -0.35355339059327373 0.35355339059327373 0 0
0 0 0.35355339059327373 0.35355339059327373 0 0 0.35355339059327373 0.35355339059327373 -0.35355339059327373 0.35355339059327373 0 0 0.35355339059327373 -0.35355339059327373 0 0
0 0 0.35355339059327373 0.35355339059327373 0 0 0.35355339059327373 0.35355339059327373 -0.35355339059327373 0.35355339059327373 0 0 -0.35355339059327373 0.35355339059327373 0 0
0 0 0.35355339059327373 0.35355339059327373 0 0 0.35355339059327373 0.35355339059327373 -0.35355339059327373 -0.35355339059327373 0 0 0.35355339059327373 0.35355339059327373 0 0
0 0 0.35355339059327373 0.35355339059327373 0 0 0.35355339059327373 0.35355339059327373 -0.35355339059327373 -0.35355339059327373 0 0 -0.35355339059327373 -0.35355339059327373 0 0
0 0 0.35355339059327373 0.35355339059327373 0 0 0.35355339059327373 -0.35355339059327373 0.35355339059327373 0.35355339059327373 0 0 0.35355339059327373 -0.35355339059327373 0 0
0 0 0.35355339059327373 0.35355339059327373 0 0 0.35355339059327373 -0.35355339059327373 0.35355339059327373 0.35355339059327373 0 0 -0.35355339059327373 0.35355339059327373 0 0
0 0 0.35355339059327373 0.35355339059327373 0 0 0.35355339059327373 -0.35355339059327373 0.35355339059327373 -0.35355339059327373 0 0 0.35355339059327373 0.35355339059327373 0 0
0 0 0.35355339059327373 0.35355339059327373 0 0 0.35355339059327373 -0.35355339059327373 0.35355339059327373 -0.35355339059327373 0 0 -0.35355339059327373 -0.35355339059327373 0 0
0 0 0.35355339059327373 0.35355339059327373 0 0 0.35355339059327373 -0.35355339059327373 -0.35355339059327373 0.35355339059327373 0 0 0.35355339059327373 0.35355339059327373 0 0
0 0 0.35355339059327373 0.35355339059327373 0 0 0.35355339059327373 -0.35355339059327373 -0.35355339059327373 0.35355339059327373 0 0 -0.35355339059327373 -0.35355339059327373 0 0
0 0 0.35355339059327373 0.35355339059327373 0 0 0.35355339059327373 -0.35355339059327373 -0.35355339059327373 -0.35355339059327373 0 0 0.35355339059327373 -0.35355339059327373 0 0
0 0 0.35355339059327373 0.35355339059327373 0 0 0.35355339059327373 -0.35355339059327373 -0.35355339059327373 -0.35355339059327373 0 0 -0.35355339059327373 0.35355339059327373 0 0
0 0 0.35355339059327373 0.35355339059327373 0 0 -0.35355339059327373 0.35355339059327373 0.35355339059327373 0.35355339059327373 0 0 0.35355339059327373 -0.35355339059327373 0 0
0 0 0.35355339059327373 0.35355339059327373 0 0 -0.35355339059327373 0.35355339059327373 0.35355339059327373 0.35355339059327373 0 0 -0.35355339059327373 0.35355339059327373 0 0
0 0 0.35355339059327373 0.35355339059327373 0 0 -0.35355339059327373 0.35355339059327373 0.35355339059327373 -0.35355339059327373 0 0 0.35355339059327373 0.35355339059327373 0 0
0 0 0.35355339059327373 0.35355339059327373 0 0 -0.35355339059327373 0.35355339059327373 0.35355339059327373 -0.35355339059327373 0 0 -0.35355339059327373 -0.35355339059327373 0 0
0 0 0.35355339059327373 0.35355339059327373 0 0 -0.35355339059327373 0.35355339059327373 -0.35355339059327373 0.35355339059327373 0 0 0.35355339059327373 0.35355339059327373 0 0
0 0 0.35355339059327373 0.35355339059327373 0 0 -0.35355339059327373 0.35355339059327373 -0.35355339059327373 0.35355339059327373 0 0 -0.35355339059327373 -0.35355339059327373 0 0
0 0 0.35355339059327373 0.35355339059327373 0 0 -0.35355339059327373 0.35355339059327373 -0.35355339059327373 -0.35355339059327373 0 0 0.35355339059327373 -0.35355339059327373 0 0
0 0 0.35355339059327373 0.35355339059327373 0 0 -0.35355339059327373 0.35355339059327373 -0.35355339059327373 -0.35355339059327373 0 0 -0.35355339059327373 0.35355339059327373 0 0
0 0 0.35355339059327373 0.35355339059327373 0 0 -0.35355339059327373 -0.35355339059327373 0.35355339059327373 0.35355339059327373 0 0 0.35355339059327373 0.35355339059327373 0 0
0 0 0.35355339059327373 0.35355339059327373 0 0 -0.35355339059327373 -0.35355339059327373 0.35355339059327373 0.35355339059327373 0 0 -0.35355339059327373 -0.35355339059327373 0 0
0 0 0.35355339059327373 0.35355339059327373 0 0 -0.35355339059327373 -0.35355339059327373 0.35355339059327373 -0.35355339059327373 0 0 0.35355339059327373 -0.35355339059327373 0 0
0 0 0.35355339059327373 0.35355339059327373 0 0 -0.35355339059327373 -0.35355339059327373 0.35355339059327373 -0.35355339059327373 0 0 -0.35355339059327373 0.35355339059327373 0 0
0 0 0.35355339059327373 0.35355339059327373 0 0 -0.35355339059327373 -0.35355339059327373 -0.35355339059327373 0.35355339059327373 0 0 0.35355339059327373 -0.35355339059327373 0 0
0 0 0.35355339059327373 0.35355339059327373 0 0 -0.35355339059327373 -0.35355339059327373 -0.35355339059327373 0.35355339059327373 0 0 -0.35355339059327373 0.35355339059327373 0 0
0 0 0.35355339059327373 0.35355339059327373 0 0 -0.35355339059327373 -0.35355339059327373 -0.35355339059327373 -0.35355339059327373 0 0 0.35355339059327373 0.35355339059327373 0 0
0 0 0.35355339059327373 0.35355339059327373 0 0 -0.35355339059327373 -0.35355339059327373 -0.35355339059327373 -0.35355339059327373 0 0 -0.35355339059327373 -0.35355339059327373 0 0
0 0 0.35355339059327373 -0.35355339059327373 0 0 0.35355339059327373 0.35355339059327373 0.35355339059327373 0.35355339059327373 0 0 0.35355339059327373 -0.35355339059327373 0 0
0 0 0.35355339059327373 -0.35355339059327373 0 0 0.35355339059327373 0.35355339059327373 0.35355339059327373 0.35355339059327373 0 0 -0.35355339059327373 0.35355339059327373 0 0
0 0 0.35355339059327373 -0.35355339059327373 0 0 0.35355339059327373 0.35355339059327373 0.35355339059327373 -0.35355339059327373 0 0 0.35355339059327373 0.35355339059327373 0 0
0 0 0.35355339059327373 -0.35355339059327373 0 0 0.35355339059327373 0.35355339059327373 0.35355339059327373 -0.35355339059327373 0 0 -0.35355339059327373 -0.35355339059327373 0 0
0 0 0.35355339059327373 -0.35355339059327373 0 0 0.35355339059327373 0.35355339059327373 -0.35355339059327373 0.35355339059327373 0 0 0.35355339059327373 0.35355339059327373 0 0
0 0 0.35355339059327373 -0.35355339059327373 0 0 0.35355339059327373 0.35355339059327373 -0.35355339059327373 0.35355339059327373 0 0 -0.35355339059327373 -0.35355339059327373 0 0
0 0 0.35355339059327373 -0.35355339059327373 0 0 0.35355339059327373 0.35355339059327373 -0.35355339059327373 -0.35355339059327373 0 0 0.35355339059327373 -0.35355339059327373 0 0
0 0 0.35355339059327373 -0.35355339059327373 0 0 0.35355339059327373 0.35355339059327373 -0.35355339059327373 -0.35355339059327373 0 0 -0.35355339059327373 0.35355339059327373 0 0
0 0 0.35355339059327373 -0.35355339059327373 0 0 0.35355339059327373 -0.35355339059327373 0.35355339059327373 0.35355339059327373 0 0 0.35355339059327373 0.35355339059327373 0 0
0 0 0.35355339059327373 -0.35355339059327373 0 0 0.35355339059327373 -0.35355339059327373 0.35355339059327373 0.35355339059327373 0 0 -0.35355339059327373 -0.35355339059327373 0 0
0 0 0.35355339059327373 -0.35355339059327373 0 0 0.35355339059327373 -0.35355339059327373 0.35355339059327373 -0.35355339059327373 0 0 0.35355339059327373 -0.35355339059327373 0 0
0 0 0.35355339059327373 -0.35355339059327373 0 0 0.35355339059327373 -0.35355339059327373 0.35355339059327373 -0.35355339059327373 0 0 -0.35355339059327373 0.35355339059327373 0 0
0 0 0.35355339059327373 -0.35355339059327373 0 0 0.35355339059327373 -0.35355339059327373 -0.35355339059327373 0.35355339059327373 0 0 0.35355339059327373 -0.35355339059327373 0 0
0 0 0.35355339059327373 -0.35355339059327373 0 0 0.35355339059327373 -0.35355339059327373 -0.35355339059327373 0.35355339059327373 0 0 -0.35355339059327373 0.35355339059327373 0 0
0 0 0.35355339059327373 -0.35355339059327373 0 0 0.35355339059327373 -0.35355339059327373 -0.35355339059327373 -0.35355339059327373 0 0 0.35355339059327373 0.35355339059327373 0 0
0 0 0.35355339059327373 -0.35355339059327373 0 0 0.35355339059327373 -0.35355339059327373 -0.35355339059327373 -0.35355339059327373 0 0 -0.35355339059327373 -0.35355339059327373 0 0
0 0 0.35355339059327373 -0.35355339059327373 0 0 -0.35355339059327373 0.35355339059327373 0.35355339059327373 0.35355339059327373 0 0 0.35355339059327373 0.35355339059327373 0 0
0 0 0.35355339059327373 -0.35355339059327373 0 0 -0.35355339059327373 0.35355339059327373 0.35355339059327373 0.35355339059327373 0 0 -0.35355339059327373 -0.35355339059327373 0 0
0 0 0.35355339059327373 -0.35355339059327373 0 0 -0.35355339059327373 0.35355339059327373 0.35355339059327373 -0.35355339059327373 0 0 0.35355339059327373 -0.35355339059327373 0 0
0 0 0.35355339059327373 -0.35355339059327373 0 0 -0.35355339059327373 0.35355339059327373 0.35355339059327373 -0.35355339059327373 0 0 -0.35355339059327373 0.35355339059327373 0 0
0 0 0.35355339059327373 -0.35355339059327373 0 0 -0.35355339059327373 0.35355339059327373 -0.35355339059327373 0.35355339059327373 0 0 0.35355339059327373 -0.35355339059327373 0 0
0 0 0.35355339059327373 -0.35355339059327373 0 0 -0.35355339059327373 0.35355339059327373 -0.35355339059327373 0.35355339059327373 0 0 -0.35355339059327373 0.35355339059327373 0 0
0 0 0.35355339059327373 -0.35355339059327373 0 0 -0.35355339059327373 0.35355339059327373 -0.35355339059327373 -0.35355339059327373 0 0 0.35355339059327373 0.35355339059327373 0 0
0 0 0.35355339059327373 -0.35355339059327373 0 0 -0.35355339059327373 0.35355339059327373 -0.35355339059327373 -0.35355339059327373 0 0 -0.35355339059327373 -0.35355339059327373 0 0
0 0 0.35355339059327373 -0.35355339059327373 0 0 -0.35355339059327373 -0.35355339059327373 0.35355339059327373 0.35355339059327373 0 0 0.35355339059327373 -0.35355339059327373 0 0
0 0 0.35355339059327373 -0.35355339059327373 0 0 -0.35355339059327373 -0.35355339059327373 0.35355339059327373 0.35355339059327373 0 0 -0.35355339059327373 0.35355339059327373 0 0
0 0 0.35355339059327373 -0.35355339059327373 0 0 -0.35355339059327373 -0.35355339059327373 0.35355339059327373 -0.35355339059327373 0 0 0.35355339059327373 0.35355339059327373 0 0
0 0 0.35355339059327373 -0.35355339059327373 0 0 -0.35355339059327373 -0.35355339059327373 0.35355339059327373 -0.35355339059327373 0 0 -0.35355339059327373 -0.35355339059327373 0 0
0 0 0.35355339059327373 -0.35355339059327373 0 0 -0.35355339059327373 -0.35355339059327373 -0.35355339059327373 0.35355339059327373 0 0 0.35355339059327373 0.35355339059327373 0 0
0 0 0.35355339059327373 -0.35355339059327373 0 0 -0.35355339059327373 -0.35355339059327373 -0.35355339059327373 0.35355339059327373 0 0 -0.35355339059327373 -0.35355339059327373 0 0
0 0 0.35355339059327373 -0.35355339059327373 0 0 -0.35355339059327373 -0.35355339059327373 -0.35355339059327373 -0.35355339059327373 0 0 0.35355339059327373 -0.35355339059327373 0 0
0 0 0.35355339059327373 -0.35355339059327373 0 0 -0.35355339059327373 -0.35355339059327373 -0.35355339059327373 -0.35355339059327373 0 0 -0.35355339059327373 0.35355339059327373 0 0
0 0 -0.35355339059327373 0.35355339059327373 0 0 0.35355339059327373 0.35355339059327373 0.35355339059327373 0.35355339059327373 0 0 0.35355339059327373 -0.35355339059327373 0 0
0 0 -0.35355339059327373 0.35355339059327373 0 0 0.35355339059327373 0.35355339059327373 0.35355339059327373 0.35355339059327373 0 0 -0.35355339059327373 0.35355339059327373 0 0
0 0 -0.35355339059327373 0.35355339059327373 0 0 0.35355339059327373 0.35355339059327373 0.35355339059327373 -0.35355339059327373 0 0 0.35355339059327373 0.35355339059327373 0 0
0 0 -0.35355339059327373 0.35355339059327373 0 0 0.35355339059327373 0.35355339059327373 0.35355339059327373 -0.35355339059327373 0 0 -0.35355339059327373 -0.35355339059327373 0 0
0 0 -0.35355339059327373 0.35355339059327373 0 0 0.35355339059327373 0.35355339059327373 -0.35355339059327373 0.35355339059327373 0 0 0.35355339059327373 0.35355339059327373 0 0
0 0 -0.35355339059327373 0.35355339059327373 0 0 0.35355339059327373 0.35355339059327373 -0.35355339059327373 0.35355339059327373 0 0 -0.35355339059327373 -0.35355339059327373 0 0
0 0 -0.35355339059327373 0.35355339059327373 0 0 0.35355339059327373 0.35355339059327373 -0.35355339059327373 -0.35355339059327373 0 0 0.35355339059327373 -0.35355339059327373 0 0
0 0 -0.35355339059327373 0.35355339059327373 0 0 0.35355339059327373 0.35355339059327373 -0.35355339059327373 -0.35355339059327373 0 0 -0.35355339059327373 0.35355339059327373 0 0
0 0 -0.35355339059327373 0.35355339059327373 0 0 0.35355339059327373 -0.35355339059327373 0.35355339059327373 0.35355339059327373 0 0 0.35355339059327373 0.35355339059327373 0 0
0 0 -0.35355339059327373 0.35355339059327373 0 0 0.35355339059327373 -0.35355339059327373 0.35355339059327373 0.35355339059327373 0 0 -0.35355339059327373 -0.35355339059327373 0 0
0 0 -0.35355339059327373 0.35355339059327373 0 0 0.35355339059327373 -0.35355339059327373 0.35355339059327373 -0.35355339059327373 0 0 0.35355339059327373 -0.35355339059327373 0 0
0 0 -0.35355339059327373 0.35355339059327373 0 0 0.35355339059327373 -0.35355339059327373 0.35355339059327373 -0.35355339059327373 0 0 -0.35355339059327373 0.35355339059327373 0 0
0 0 -0.35355339059327373 0.35355339059327373 0 0 0.35355339059327373 -0.35355339059327373 -0.35355339059327373 0.35355339059327373 0 0 0.35355339059327373 -0.35355339059327373 0 0
0 0 -0.35355339059327373 0.35355339059327373 0 0 0.35355339059327373 -0.35355339059327373 -0.35355339059327373 0.35355339059327373 0 0 -0.35355339059327373 0.35355339059327373 0 0
0 0 -0.35355339059327373 0.35355339059327373 0 0 0.35355339059327373 -0.35355339059327373 -0.35355339059327373 -0.35355339059327373 0 0 0.35355339059327373 0.35355339059327373 0 0
0 0 -0.35355339059327373 0.35355339059327373 0 0 0.35355339059327373 -0.35355339059327373 -0.35355339059327373 -0.35355339059327373 0 0 -0.35355339059327373 -0.35355339059327373 0 0
0 0 -0.35355339059327373 0.35355339059327373 0 0 -0.35355339059327373 0.35355339059327373 0.35355339059327373 0.35355339059327373 0 0 0.35355339059327373 0.35355339059327373 0 0
0 0 -0.35355339059327373 0.35355339059327373 0 0 -0.35355339059327373 0.35355339059327373 0.35355339059327373 0.35355339059327373 0 0 -0.35355339059327373 -0.35355339059327373 0 0
0 0 -0.35355339059327373 0.35355339059327373 0 0 -0.35355339059327373 0.35355339059327373 0.35355339059327373 -0.35355339059327373 0 0 0.35355339059327373 -0.35355339059327373 0 0
0 0 -0.35355339059327373 0.35355339059327373 0 0 -0.35355339059327373 0.35355339059327373 0.35355339059327373 -0.35355339059327373 0 0 -0.35355339059327373 0.35355339059327373 0 0
0 0 -0.35355339059327373 0.35355339059327373 0 0 -0.35355339059327373 0.35355339059327373 -0.35355339059327373 0.35355339059327373 0 0 0.35355339059327373 -0.35355339059327373 0 0
0 0 -0.35355339059327373 0.35355339059327373 0 0 -0.35355339059327373 0.35355339059327373 -0.35355339059327373 0.35355339059327373 0 0 -0.35355339059327373 0.35355339059327373 0 0
0 0 -0.35355339059327373 0.35355339059327373 0 0 -0.35355339059327373 0.35355339059327373 -0.35355339059327373 -0.35355339059327373 0 0 0.35355339059327373 0.35355339059327373 0 0
0 0 -0.35355339059327373 0.35355339059327373 0 0 -0.35355339059327373 0.35355339059327373 -0.35355339059327373 -0.35355339059327373 0 0 -0.35355339059327373 -0.35355339059327373 0 0
0 0 -0.35355339059327373 0.35355339059327373 0 0 -0.35355339059327373 -0.35355339059327373 0.35355339059327373 0.35355339059327373 0 0 0.35355339059327373 -0.35355339059327373 0 0
0 0 -0.35355339059327373 0.35355339059327373 0 0 -0.35355339059327373 -0.35355339059327373 0.35355339059327373 0.35355339059327373 0 0 -0.35355339059327373 0.35355339059327373 0 0
0 0 -0.35355339059327373 0.35355339059327373 0 0 -0.35355339059327373 -0.35355339059327373 0.35355339059327373 -0.35355339059327373 0 0 0.35355339059327373 0.35355339059327373 0 0
0 0 -0.35355339059327373 0.35355339059327373 0 0 -0.35355339059327373 -0.35355339059327373 0.35355339059327373 -0.35355339059327373 0 0 -0.35355339059327373 -0.35355339059327373 0 0
0 0 -0.35355339059327373 0.35355339059327373 0 0 -0.35355339059327373 -0.35355339059327373 -0.35355339059327373 0.35355339059327373 0 0 0.35355339059327373 0.35355339059327373 0 0
0 0 -0.35355339059327373 0.35355339059327373 0 0 -0.35355339059327373 -0.35355339059327373 -0.35355339059327373 0.35355339059327373 0 0 -0.35355339059327373 -0.35355339059327373 0 0
0 0 -0.35355339059327373 0.35355339059327373 0 0 -0.35355339059327373 -0.35355339059327373 -0.35355339059327373 -0.35355339059327373 0 0 0.35355339059327373 -0.35355339059327373 0 0
0 0 -0.35355339059327373 0.35355339059327373 0 0 -0.35355339059327373 -0.35355339059327373 -0.35355339059327373 -0.35355339059327373 0 0 -0.35355339059327373 0.35355339059327373 0 0
0 0 -0.35355339059327373 -0.35355339059327373 0 0 0.35355339059327373 0.35355339059327373 0.35355339059327373 0.35355339059327373 0 0 0.35355339059327373 0.35355339059327373 0 0
0 0 -0.35355339059327373 -0.35355339059327373 0 0 0.35355339059327373 0.35355339059327373 0.35355339059327373 0.35355339059327373 0 0 -0.35355339059327373 -0.35355339059327373 0 0
0 0 -0.35355339059327373 -0.35355339059327373 0 0 0.35355339059327373 0.35355339059327373 0.35355339059327373 -0.35355339059327373 0 0 0.35355339059327373 -0.35355339059327373 0 0
0 0 -0.35355339059327373 -0.35355339059327373 0 0 0.35355339059327373 0.35355339059327373 0.35355339059327373 -0.35355339059327373 0 0 -0.35355339059327373 0.35355339059327373 0 0
0 0 -0.35355339059327373 -0.35355339059327373 0 0 0.35355339059327373 0.35355339059327373 -0.35355339059327373 0.35355339059327373 0 0 0.35355339059327373 -0.35355339059327373 0 0
0 0 -0.35355339059327373 -0.35355339059327373 0 0 0.35355339059327373 0.35355339059327373 -0.35355339059327373 0.35355339059327373 0 0 -0.35355339059327373 0.35355339059327373 0 0
0 0 -0.35355339059327373 -0.35355339059327373 0 0 0.35355339059327373 0.35355339059327373 -0.35355339059327373 -0.35355339059327373 0 0 0.35355339059327373 0.35355339059327373 0 0
0 0 -0.35355339059327373 -0.35355339059327373 0 0 0.35355339059327373 0.35355339059327373 -0.35355339059327373 -0.35355339059327373 0 0 -0.35355339059327373 -0.35355339059327373 0 0
0 0 -0.35355339059327373 -0.35355339059327373 0 0 0.35355339059327373 -0.35355339059327373 0.35355339059327373 0.35355339059327373 0 0 0.35355339059327373 -0.35355339059327373 0 0
0 0 -0.35355339059327373 -0.35355339059327373 0 0 0.35355339059327373 -0.35355339059327373 0.35355339059327373 0.35355339059327373 0 0 -0.35355339059327373 0.35355339059327373 0 0
0 0 -0.35355339059327373 -0.35355339059327373 0 0 0.35355339059327373 -0.35355339059327373 0.35355339059327373 -0.35355339059327373 0 0 0.35355339059327373 0.35355339059327373 0 0
0 0 -0.35355339059327373 -0.35355339059327373 0 0 0.35355339059327373 -0.35355339059327373 0.35355339059327373 -0.35355339059327373 0 0 -0.35355339059327373 -0.35355339059327373 0 0
0 0 -0.35355339059327373 -0.35355339059327373 0 0 0.35355339059327373 -0.35355339059327373 -0.35355339059327373 0.35355339059327373 0 0 0.35355339059327373 0.35355339059327373 0 0
0 0 -0.35355339059327373 -0.35355339059327373 0 0 0.35355339059327373 -0.35355339059327373 -0.35355339059327373 0.35355339059327373 0 0 -0.35355339059327373 -0.35355339059327373 0 0
0 0 -0.35355339059327373 -0.35355339059327373 0 0 0.35355339059327373 -0.35355339059327373 -0.35355339059327373 -0.35355339059327373 0 0 0.35355339059327373 -0.35355339059327373 0 0
0 0 -0.35355339059327373 -0.35355339059327373 0 0 0.35355339059327373 -0.35355339059327373 -0.35355339059327373 -0.35355339059327373 0 0 -0.35355339059327373 0.35355339059327373 0 0
0 0 -0.35355339059327373 -0.35355339059327373 0 0 -0.35355339059327373 0.35355339059327373 0.35355339059327373 0.35355339059327373 0 0 0.35355339059327373 -0.35355339059327373 0 0
0 0 -0.35355339059327373 -0.35355339059327373 0 0 -0.35355339059327373 0.35355339059327373 0.35355339059327373 0.35355339059327373 0 0 -0.35355339059327373 0.35355339059327373 0 0
0 0 -0.35355339059327373 -0.35355339059327373 0 0 -0.35355339059327373 0.35355339059327373 0.35355339059327373 -0.35355339059327373 0 0 0.35355339059327373 0.35355339059327373 0 0
0 0 -0.35355339059327373 -0.35355339059327373 0 0 -0.35355339059327373 0.35355339059327373 0.35355339059327373 -0.35355339059327373 0 0 -0.35355339059327373 -0.35355339059327373 0 0
0 0 -0.35355339059327373 -0.35355339059327373 0 0 -0.35355339059327373 0.35355339059327373 -0.35355339059327373 0.35355339059327373 0 0 0.35355339059327373 0.35355339059327373 0 0
0 0 -0.35355339059327373 -0.35355339059327373 0 0 -0.35355339059327373 0.35355339059327373 -0.35355339059327373 0.35355339059327373 0 0 -0.35355339059327373 -0.35355339059327373 0 0
0 0 -0.35355339059327373 -0.35355339059327373 0 0 -0.35355339059327373 0.35355339059327373 -0.35355339059327373 -0.35355339059327373 0 0 0.35355339059327373 -0.35355339059327373 0 0
0 0 -0.35355339059327373 -0.35355339059327373 0 0 -0.35355339059327373 0.35355339059327373 -0.35355339059327373 -0.35355339059327373 0 0 -0.35355339059327373 0.35355339059327373 0 0
0 0 -0.35355339059327373 -0.35355339059327373 0 0 -0.35355339059327373 -0.35355339059327373 0.35355339059327373 0.35355339059327373 0 0 0.35355339059327373 0.35355339059327373 0 0
0 0 -0.35355339059327373 -0.35355339059327373 0 0 -0.35355339059327373 -0.35355339059327373 0.35355339059327373 0.35355339059327373 0 0 -0.35355339059327373 -0.35355339059327373 0 0
0 0 -0.35355339059327373 -0.35355339059327373 0 0 -0.35355339059327373 -0.35355339059327373 0.35355339059327373 -0.35355339059327373 0 0 0.35355339059327373 -0.35355339059327373 0 0
0 0 -0.35355339059327373 -0.35355339059327373 0 0 -0.35355339059327373 -0.35355339059327373 0.35355339059327373 -0.35355339059327373 0 0 -0.35355339059327373 0.35355339059327373 0 0
0 0 -0.35355339059327373 -0.35355339059327373 0 0 -0.35355339059327373 -0.35355339059327373 -0.35355339059327373 0.35355339059327373 0 0 0.35355339059327373 -0.35355339059327373 0 0
0 0 -0.35355339059327373 -0.35355339059327373 0 0 -0.35355339059327373 -0.35355339059327373 -0.35355339059327373 0.35355339059327373 0 0 -0.35355339059327373 0.35355339059327373 0 0
0 0 -0.35355339059327373 -0.35355339059327373 0 0 -0.35355339059327373 -0.35355339059327373 -0.35355339059327373 -0.35355339059327373 0 0 0.35355339059327373 0.35355339059327373 0 0
0 0 -0.35355339059327373 -0.35355339059327373 0 0 -0.35355339059327373 -0.35355339059327373 -0.35355339059327373 -0.35355339059327373 0 0 -0.35355339059327373 -0.35355339059327373 0 0
0.35355339059327373 0.35355339059327373 0 0 0.35355339059327373 0.35355339059327373 0 0 0 0 0.35355339059327373 0.35355339059327373 0 0 0.35355339059327373 0.35355339059327373
0.35355339059327373 0.35355339059327373 0 0 0.35355339059327373 0.35355339059327373 0 0 0 0 0.35355339059327373 0.35355339059327373 0 0 -0.35355339059327373 -0.35355339059327373
0.35355339059327373 0.35355339059327373 0 0 0.35355339059327373 0.35355339059327373 0 0 0 0 0.35355339059327373 -0.35355339059327373 0 0 0.35355339059327373 -0.35355339059327373
0.35355339059327373 0.35355339059327373 0 0 0.35355339059327373 0.35355339059327373 0 0 0 0 0.35355339059327373 -0.35355339059327373 0 0 -0.35355339059327373 0.35355339059327373
0.35355339059327373 0.35355339059327373 0 0 0.35355339059327373 0.35355339059327373 0 0 0 0 -0.35355339059327373 0.35355339059327373 0 0 0.35355339059327373 -0.35355339059327373
0.35355339059327373 0.35355339059327373 0 0 0.35355339059327373 0.35355339059327373 0 0 0 0 -0.35355339059327373 0.35355339059327373 0 0 -0.35355339059327373 0.35355339059327373
0.35355339059327373 0.35355339059327373 0 0 0.35355339059327373 0.35355339059327373 0 0 0 0 -0.35355339059327373 -0.35355339059327373 0 0 0.35355339059327373 0.35355339059327373
0.35355339059327373 0.35355339059327373 0 0 0.35355339059327373 0.35355339059327373 0 0 0 0 -0.35355339059327373 -0.35355339059327373 0 0 -0.35355339059327373 -0.35355339059327373
0.35355339059327373 0.35355339059327373 0 0 0.35355339059327373 -0.35355339059327373 0 0 0 0 0.35355339059327373 0.35355339059327373 0 0 0.35355339059327373 -0.35355339059327373
0.35355339059327373 0.35355339059327373 0 0 0.35355339059327373 -0.35355339059327373 0 0 0 0 0.35355339059327373 0.35355339059327373 0 0 -0.35355339059327373 0.35355339059327373
0.35355339059327373 0.35355339059327373 0 0 0.35355339059327373 -0.35355339059327373 0 0 0 0 0.35355339059327373 -0.35355339059327373 0 0 0.35355339059327373 0.35355339059327373
0.35355339059327373 0.35355339059327373 0 0 0.35355339059327373 -0.35355339059327373 0 0 0 0 0.35355339059327373 -0.35355339059327373 0 0 -0.35355339059327373 -0.35355339059327373
0.35355339059327373 0.35355339059327373 0 0 0.35355339059327373 -0.35355339059327373 0 0 0 0 -0.35355339059327373 0.35355339059327373 0 0 0.35355339059327373 0.35355339059327373
0.35355339059327373 0.35355339059327373 0 0 0.35355339059327373 -0.35355339059327373 0 0 0 0 -0.35355339059327373 0.35355339059327373 0 0 -0.35355339059327373 -0.35355339059327373
0.35355339059327373 0.35355339059327373 0 0 0.35355339059327373 -0.35355339059327373 0 0 0 0 -0.35355339059327373 -0.35355339059327373 0 0 0.35355339059327373 -0.35355339059327373
0.35355339059327373 0.35355339059327373 0 0 0.35355339059327373 -0.35355339059327373 0 0 0 0 -0.35355339059327373 -0.35355339059327373 0 0 -0.35355339059327373 0.35355339059327373
0.35355339059327373 0.35355339059327373 0 0 -0.35355339059327373 0.35355339059327373 0 0 0 0 0.35355339059327373 0.35355339059327373 0 0 0.35355339059327373 -0.35355339059327373
0.35355339059327373 0.35355339059327373 0 0 -0.35355339059327373 0.35355339059327373 0 0 0 0 0.35355339059327373 0.35355339059327373 0 0 -0.35355339059327373 0.35355339059327373
0.35355339059327373 0.35355339059327373 0 0 -0.35355339059327373 0.35355339059327373 0 0 0 0 0.35355339059327373 -0.35355339059327373 0 0 0.35355339059327373 0.35355339059327373
0.35355339059327373 0.35355339059327373 0 0 -0.35355339059327373 0.35355339059327373 0 0 0 0 0.35355339059327373 -0.35355339059327373 0 0 -0.35355339059327373 -0.35355339059327373
0.35355339059327373 0.35355339059327373 0 0 -0.35355339059327373 0.35355339059327373 0 0 0 0 -0.35355339059327373 0.35355339059327373 0 0 0.35355339059327373 0.35355339059327373
0.35355339059327373 0.35355339059327373 0 0 -0.35355339059327373 0.35355339059327373 0 0 0 0 -0.35355339059327373 0.35355339059327373 0 0 -0.35355339059327373 -0.35355339059327373
0.35355339059327373 0.35355339059327373 0 0 -0.35355339059327373 0.35355339059327373 0 0 0 0 -0.35355339059327373 -0.35355339059327373 0 0 0.35355339059327373 -0.35355339059327373
0.35355339059327373 0.35355339059327373 0 0 -0.35355339059327373 0.35355339059327373 0 0 0 0 -0.35355339059327373 -0.35355339059327373 0 0 -0.35355339059327373 0.35355339059327373
0.35355339059327373 0.35355339059327373 0 0 -0.35355339059327373 -0.35355339059327373 0 0 0 0 0.35355339059327373 0.35355339059327373 0 0 0.35355339059327373 0.35355339059327373
0.35355339059327373 0.35355339059327373 0 0 -0.35355339059327373 -0.35355339059327373 0 0 0 0 0.35355339059327373 0.35355339059327373 0 0 -0.35355339059327373 -0.35355339059327373
0.35355339059327373 0.35355339059327373 0 0 -0.35355339059327373 -0.35355339059327373 0 0 0 0 0.35355339059327373 -0.35355339059327373 0 0 0.35355339059327373 -0.35355339059327373
0.35355339059327373 0.35355339059327373 0 0 -0.35355339059327373 -0.35355339059327373 0 0 0 0 0.35355339059327373 -0.35355339059327373 0 0 -0.35355339059327373 0.35355339059327373
0.35355339059327373 0.35355339059327373 0 0 -0.35355339059327373 -0.35355339059327373 0 0 0 0 -0.35355339059327373 0.35355339059327373 0 0 0.35355339059327373 -0.35355339059327373
0.35355339059327373 0.35355339059327373 0 0 -0.35355339059327373 -0.35355339059327373 0 0 0 0 -0.35355339059327373 0.35355339059327373 0 0 -0.35355339059327373 0.35355339059327373
0.35355339059327373 0.35355339059327373 0 0 -0.35355339059327373 -0.35355339059327373 0 0 0 0 -0.35355339059327373 -0.35355339059327373 0 0 0.35355339059327373 0.35355339059327373
0.35355339059327373 0.35355339059327373 0 0 -0.35355339059327373 -0.35355339059327373 0 0 0 0 -0.35355339059327373 -0.35355339059327373 0 0 -0.35355339059327373 -0.35355339059327373
0.35355339059327373 -0.35355339059327373 0 0 0.35355339059327373 0.35355339059327373 0 0 0 0 0.35355339059327373 0.35355339059327373 0 0 0.35355339059327373 -0.35355339059327373
0.35355339059327373 -0.35355339059327373 0 0 0.35355339059327373 0.35355339059327373 0 0 0 0 0.35355339059327373 0.35355339059327373 0 0 -0.35355339059327373 0.35355339059327373
0.35355339059327373 -0.35355339059327373 0 0 0.35355339059327373 0.35355339059327373 0 0 0 0 0.35355339059327373 -0.35355339059327373 0 0 0.35355339059327373 0.35355339059327373
0.35355339059327373 -0.35355339059327373 0 0 0.35355339059327373 0.35355339059327373 0 0 0 0 0.35355339059327373 -0.35355339059327373 0 0 -0.35355339059327373 -0.35355339059327373
0.35355339059327373 -0.35355339059327373 0 0 0.35355339059327373 0.35355339059327373 0 0 0 0 -0.35355339059327373 0.35355339059327373 0 0 0.35355339059327373 0.35355339059327373
0.35355339059327373 -0.35355339059327373 0 0 0.35355339059327373 0.35355339059327373 0 0 0 0 -0.35355339059327373 0.35355339059327373 0 0 -0.35355339059327373 -0.35355339059327373
0.35355339059327373 -0.35355339059327373 0 0 0.35355339059327373 0.35355339059327373 0 0 0 0 -0.35355339059327373 -0.35355339059327373 0 0 0.35355339059327373 -0.35355339059327373
0.35355339059327373 -0.35355339059327373 0 0 0.35355339059327373 0.35355339059327373 0 0 0 0 -0.35355339059327373 -0.35355339059327373 0 0 -0.35355339059327373 0.35355339059327373
0.35355339059327373 -0.35355339059327373 0 0 0.35355339059327373 -0.35355339059327373 0 0 0 0 0.35355339059327373 0.35355339059327373 0 0 0.35355339059327373 0.35355339059327373
0.35355339059327373 -0.35355339059327373 0 0 0.35355339059327373 -0.35355339059327373 0 0 0 0 0.35355339059327373 0.35355339059327373 0 0 -0.35355339059327373 -0.35355339059327373
0.35355339059327373 -0.35355339059327373 0 0 0.35355339059327373 -0.35355339059327373 0 0 0 0 0.35355339059327373 -0.35355339059327373 0 0 0.35355339059327373 -0.35355339059327373
0.35355339059327373 -0.35355339059327373 0 0 0.35355339059327373 -0.35355339059327373 0 0 0 0 0.35355339059327373 -0.35355339059327373 0 0 -0.35355339059327373 0.35355339059327373
0.35355339059327373 -0.35355339059327373 0 0 0.35355339059327373 -0.35355339059327373 0 0 0 0 -0.35355339059327373 0.35355339059327373 0 0 0.35355339059327373 -0.35355339059327373
0.35355339059327373 -0.35355339059327373 0 0 0.35355339059327373 -0.35355339059327373 0 0 0 0 -0.35355339059327373 0.35355339059327373 0 0 -0.35355339059327373 0.35355339059327373
0.35355339059327373 -0.35355339059327373 0 0 0.35355339059327373 -0.35355339059327373 0 0 0 0 -0.35355339059327373 -0.35355339059327373 0 0 0.35355339059327373 0.35355339059327373
0.35355339059327373 -0.35355339059327373 0 0 0.35355339059327373 -0.35355339059327373 0 0 0 0 -0.35355339059327373 -0.35355339059327373 0 0 -0.35355339059327373 -0.35355339059327373
0.35355339059327373 -0.35355339059327373 0 0 -0.35355339059327373 0.35355339059327373 0 0 0 0 0.35355339059327373 0.35355339059327373 0 0 0.35355339059327373 0.35355339059327373
0.35355339059327373 -0.35355339059327373 0 0 -0.35355339059327373 0.35355339059327373 0 0 0 0 0.35355339059327373 0.35355339059327373 0 0 -0.35355339059327373 -0.35355339059327373
0.35355339059327373 -0.35355339059327373 0 0 -0.35355339059327373 0.35355339059327373 0 0 0 0 0.35355339059327373 -0.35355339059327373 0 0 0.35355339059327373 -0.35355339059327373
0.35355339059327373 -0.35355339059327373 0 0 -0.35355339059327373 0.35355339059327373 0 0 0 0 0.35355339059327373 -0.35355339059327373 0 0 -0.35355339059327373 0.35355339059327373
0.35355339059327373 -0.35355339059327373 0 0 -0.35355339059327373 0.35355339059327373 0 0 0 0 -0.35355339059327373 0.35355339059327373 0 0 0.35355339059327373 -0.35355339059327373
0.35355339059327373 -0.35355339059327373 0 0 -0.35355339059327373 0.35355339059327373 0 0 0 0 -0.35355339059327373 0.35355339059327373 0 0 -0.35355339059327373 0.35355339059327373
0.35355339059327373 -0.35355339059327373 0 0 -0.35355339059327373 0.35355339059327373 0 0 0 0 -0.35355339059327373 -0.35355339059327373 0 0 0.35355339059327373 0.35355339059327373
0.35355339059327373 -0.35355339059327373 0 0 -0.35355339059327373 0.35355339059327373 0 0 0 0 -0.35355339059327373 -0.35355339059327373 0 0 -0.35355339059327373 -0.35355339059327373
0.35355339059327373 -0.35355339059327373 0 0 -0.35355339059327373 -0.35355339059327373 0 0 0 0 0.35355339059327373 0.35355339059327373 0 0 0.35355339059327373 -0.35355339059327373
0.35355339059327373 -0.35355339059327373 0 0 -0.35355339059327373 -0.35355339059327373 0 0 0 0 0.35355339059327373 0.35355339059327373 0 0 -0.35355339059327373 0.35355339059327373
0.35355339059327373 -0.35355339059327373 0 0 -0.35355339059327373 -0.35355339059327373 0 0 0 0 0.35355339059327373 -0.35355339059327373 0 0 0.35355339059327373 0.35355339059327373
0.35355339059327373 -0.35355339059327373 0 0 -0.35355339059327373 -0.35355339059327373 0 0 0 0 0.35355339059327373 -0.35355339059327373 0 0 -0.35355339059327373 -0.35355339059327373
0.35355339059327373 -0.35355339059327373 0 0 -0.35355339059327373 -0.35355339059327373 0 0 0 0 -0.35355339059327373 0.35355339059327373 0 0 0.35355339059327373 0.35355339059327373
0.35355339059327373 -0.35355339059327373 0 0 -0.35355339059327373 -0.35355339059327373 0 0 0 0 -0.35355339059327373 0.35355339059327373 0 0 -0.35355339059327373 -0.35355339059327373
0.35355339059327373 -0.35355339059327373 0 0 -0.35355339059327373 -0.35355339059327373 0 0 0 0 -0.35355339059327373 -0.35355339059327373 0 0 0.35355339059327373 -0.35355339059327373
0.35355339059327373 -0.35355339059327373 0 0 -0.35355339059327373 -0.35355339059327373 0 0 0 0 -0.35355339059327373 -0.35355339059327373 0 0 -0.35355339059327373 0.35355339059327373
-0.35355339059327373 0.35355339059327373 0 0 0.35355339059327373 0.35355339059327373 0 0 0 0 0.35355339059327373 0.35355339059327373 0 0 0.35355339059327373 -0.35355339059327373
-0.35355339059327373 0.35355339059327373 0 0 0.35355339059327373 0.35355339059327373 0 0 0 0 0.35355339059327373 0.35355339059327373 0 0 -0.35355339059327373 0.35355339059327373
-0.35355339059327373 0.35355339059327373 0 0 0.35355339059327373 0.35355339059327373 0 0 0 0 0.35355339059327373 -0.35355339059327373 0 0 0.35355339059327373 0.35355339059327373
-0.35355339059327373 0.35355339059327373 0 0 0.35355339059327373 0.35355339059327373 0 0 0 0 0.35355339059327373 -0.35355339059327373 0 0 -0.35355339059327373 -0.35355339059327373
-0.35355339059327373 0.35355339059327373 0 0 0.35355339059327373 0.35355339059327373 0 0 0 0 -0.35355339059327373 0.35355339059327373 0 0 0.35355339059327373 0.35355339059327373
-0.35355339059327373 0.35355339059327373 0 0 0.35355339059327373 0.35355339059327373 0 0 0 0 -0.35355339059327373 0.35355339059327373 0 0 -0.35355339059327373 -0.35355339059327373
-0.35355339059327373 0.35355339059327373 0 0 0.35355339059327373 0.35355339059327373 0 0 0 0 -0.35355339059327373 -0.35355339059327373 0 0 0.35355339059327373 -0.35355339059327373
-0.35355339059327373 0.35355339059327373 0 0 0.35355339059327373 0.35355339059327373 0 0 0 0 -0.35355339059327373 -0.35355339059327373 0 0 -0.35355339059327373 0.35355339059327373
-0.35355339059327373 0.35355339059327373 0 0 0.35355339059327373 -0.35355339059327373 0 0 0 0 0.35355339059327373 0.35355339059327373 0 0 0.35355339059327373 0.35355339059327373
-0.35355339059327373 0.35355339059327373 0 0 0.35355339059327373 -0.35355339059327373 0 0 0 0 0.35355339059327373 0.35355339059327373 0 0 -0.35355339059327373 -0.35355339059327373
-0.35355339059327373 0.35355339059327373 0 0 0.35355339059327373 -0.35355339059327373 0 0 0 0 0.35355339059327373 -0.35355339059327373 0 0 0.35355339059327373 -0.35355339059327373
-0.35355339059327373 0.35355339059327373 0 0 0.35355339059327373 -0.35355339059327373 0 0 0 0 0.35355339059327373 -0.35355339059327373 0 0 -0.35355339059327373 0.35355339059327373
-0.35355339059327373 0.35355339059327373 0 0 0.35355339059327373 -0.35355339059327373 0 0 0 0 -0.35355339059327373 0.35355339059327373 0 0 0.35355339059327373 -0.35355339059327373
-0.35355339059327373 0.35355339059327373 0 0 0.35355339059327373 -0.35355339059327373 0 0 0 0 -0.35355339059327373 0.35355339059327373 0 0 -0.35355339059327373 0.35355339059327373
-0.35355339059327373 0.35355339059327373 0 0 0.35355339059327373 -0.35355339059327373 0 0 0 0 -0.35355339059327373 -0.35355339059327373 0 0 0.35355339059327373 0.35355339059327373
-0.35355339059327373 0.35355339059327373 0 0 0.35355339059327373 -0.35355339059327373 0 0 0 0 -0.35355339059327373 -0.35355339059327373 0 0 -0.35355339059327373 -0.35355339059327373
-0.35355339059327373 0.35355339059327373 0 0 -0.35355339059327373 0.35355339059327373 0 0 0 0 0.35355339059327373 0.35355339059327373 0 0 0.35355339059327373 0.35355339059327373
-0.35355339059327373 0.35355339059327373 0 0 -0.35355339059327373 0.35355339059327373 0 0 0 0 0.35355339059327373 0.35355339059327373 0 0 -0.35355339059327373 -0.35355339059327373
-0.35355339059327373 0.35355339059327373 0 0 -0.35355339059327373 0.35355339059327373 0 0 0 0 0.35355339059327373 -0.35355339059327373 0 0 0.35355339059327373 -0.35355339059327373
-0.35355339059327373 0.35355339059327373 0 0 -0.35355339059327373 0.35355339059327373 0 0 0 0 0.35355339059327373 -0.35355339059327373 0 0 -0.35355339059327373 0.35355339059327373
-0.35355339059327373 0.35355339059327373 0 0 -0.35355339059327373 0.35355339059327373 0 0 0 0 -0.35355339059327373 0.35355339059327373 0 0 0.35355339059327373 -0.35355339059327373
-0.35355339059327373 0.35355339059327373 0 0 -0.35355339059327373 0.35355339059327373 0 0 0 0 -0.35355339059327373 0.35355339059327373 0 0 -0.35355339059327373 0.35355339059327373
-0.35355339059327373 0.35355339059327373 0 0 -0.35355339059327373 0.35355339059327373 0 0 0 0 -0.35355339059327373 -0.35355339059327373 0 0 0.35355339059327373 0.35355339059327373
-0.35355339059327373 0.35355339059327373 0 0 -0.35355339059327373 0.35355339059327373 0 0 0 0 -0.35355339059327373 -0.35355339059327373 0 0 -0.35355339059327373 -0.35355339059327373
-0.35355339059327373 0.35355339059327373 0 0 -0.35355339059327373 -0.35355339059327373 0 0 0 0 0.35355339059327373 0.35355339059327373 0 0 0.35355339059327373 -0.35355339059327373
-0.35355339059327373 0.35355339059327373 0 0 -0.35355339059327373 -0.35355339059327373 0 0 0 0 0.35355339059327373 0.35355339059327373 0 0 -0.35355339059327373 0.35355339059327373
-0.35355339059327373 0.35355339059327373 0 0 -0.35355339059327373 -0.35355339059327373 0 0 0 0 0.35355339059327373 -0.35355339059327373 0 0 0.35355339059327373 0.35355339059327373
-0.35355339059327373 0.35355339059327373 0 0 -0.35355339059327373 -0.35355339059327373 0 0 0 0 0.35355339059327373 -0.35355339059327373 0 0 -0.35355339059327373 -0.35355339059327373
-0.35355339059327373 0.35355339059327373 0 0 -0.35355339059327373 -0.35355339059327373 0 0 0 0 -0.35355339059327373 0.35355339059327373 0 0 0.35355339059327373 0.35355339059327373
-0.35355339059327373 0.35355339059327373 0 0 -0.35355339059327373 -0.35355339059327373 0 0 0 0 -0.35355339059327373 0.35355339059327373 0 0 -0.35355339059327373 -0.35355339059327373
-0.35355339059327373 0.35355339059327373 0 0 -0.35355339059327373 -0.35355339059327373 0 0 0 0 -0.35355339059327373 -0.35355339059327373 0 0 0.35355339059327373 -0.35355339059327373
-0.35355339059327373 0.35355339059327373 0 0 -0.35355339059327373 -0.35355339059327373 0 0 0 0 -0.35355339059327373 -0.35355339059327373 0 0 -0.35355339059327373 0.35355339059327373
-0.35355339059327373 -0.35355339059327373 0 0 0.35355339059327373 0.35355339059327373 0 0 0 0 0.35355339059327373 0.35355339059327373 0 0 0.35355339059327373 0.35355339059327373
-0.35355339059327373 -0.35355339059327373 0 0 0.35355339059327373 0.35355339059327373 0 0 0 0 0.35355339059327373 0.35355339059327373 0 0 -0.35355339059327373 -0.35355339059327373
-0.35355339059327373 -0.35355339059327373 0 0 0.35355339059327373 0.35355339059327373 0 0 0 0 0.35355339059327373 -0.35355339059327373 0 0 0.35355339059327373 -0.35355339059327373
-0.35355339059327373 -0.35355339059327373 0 0 0.35355339059327373 0.35355339059327373 0 0 0 0 0.35355339059327373 -0.35355339059327373 0 0 -0.35355339059327373 0.35355339059327373
-0.35355339059327373 -0.35355339059327373 0 0 0.35355339059327373 0.35355339059327373 0 0 0 0 -0.35355339059327373 0.35355339059327373 0 0 0.35355339059327373 -0.35355339059327373
-0.35355339059327373 -0.35355339059327373 0 0 0.35355339059327373 0.35355339059327373 0 0 0 0 -0.35355339059327373 0.35355339059327373 0 0 -0.35355339059327373 0.35355339059327373
-0.35355339059327373 -0.35355339059327373 0 0 0.35355339059327373 0.35355339059327373 0 0 0 0 -0.35355339059327373 -0.35355339059327373 0 0 0.35355339059327373 0.35355339059327373
-0.35355339059327373 -0.35355339059327373 0 0 0.35355339059327373 0.35355339059327373 0 0 0 0 -0.35355339059327373 -0.35355339059327373 0 0 -0.35355339059327373 -0.35355339059327373
-0.35355339059327373 -0.35355339059327373 0 0 0.35355339059327373 -0.35355339059327373 0 0 0 0 0.35355339059327373 0.35355339059327373 0 0 0.35355339059327373 -0.35355339059327373
-0.35355339059327373 -0.35355339059327373 0 0 0.35355339059327373 -0.35355339059327373 0 0 0 0 0.35355339059327373 0.35355339059327373 0 0 -0.35355339059327373 0.35355339059327373
-0.35355339059327373 -0.35355339059327373 0 0 0.35355339059327373 -0.35355339059327373 0 0 0 0 0.35355339059327373 -0.35355339059327373 0 0 0.35355339059327373 0.35355339059327373
-0.35355339059327373 -0.35355339059327373 0 0 0.35355339059327373 -0.35355339059327373 0 0 0 0 0.35355339059327373 -0.35355339059327373 0 0 -0.35355339059327373 -0.35355339059327373
-0.35355339059327373 -0.35355339059327373 0 0 0.35355339059327373 -0.35355339059327373 0 0 0 0 -0.35355339059327373 0.35355339059327373 0 0 0.35355339059327373 0.35355339059327373
-0.35355339059327373 -0.35355339059327373 0 0 0.35355339059327373 -0.35355339059327373 0 0 0 0 -0.35355339059327373 0.35355339059327373 0 0 -0.35355339059327373 -0.35355339059327373
-0.35355339059327373 -0.35355339059327373 0 0 0.35355339059327373 -0.35355339059327373 0 0 0 0 -0.35355339059327373 -0.35355339059327373 0 0 0.35355339059327373 -0.35355339059327373
-0.35355339059327373 -0.35355339059327373 0 0 0.35355339059327373 -0.35355339059327373 0 0 0 0 -0.35355339059327373 -0.35355339059327373 0 0 -0.35355339059327373 0.35355339059327373
-0.35355339059327373 -0.35355339059327373 0 0 -0.35355339059327373 0.35355339059327373 0 0 0 0 0.35355339059327373 0.35355339059327373 0 0 0.35355339059327373 -0.35355339059327373
-0.35355339059327373 -0.35355339059327373 0 0 -0.35355339059327373 0.35355339059327373 0 0 0 0 0.35355339059327373 0.35355339059327373 0 0 -0.35355339059327373 0.35355339059327373
-0.35355339059327373 -0.35355339059327373 0 0 -0.35355339059327373 0.35355339059327373 0 0 0 0 0.35355339059327373 -0.35355339059327373 0 0 0.35355339059327373 0.35355339059327373
-0.35355339059327373 -0.35355339059327373 0 0 -0.35355339059327373 0.35355339059327373 0 0 0 0 0.35355339059327373 -0.35355339059327373 0 0 -0.35355339059327373 -0.35355339059327373
-0.35355339059327373 -0.35355339059327373 0 0 -0.35355339059327373 0.35355339059327373 0 0 0 0 -0.35355339059327373 0.35355339059327373 0 0 0.35355339059327373 0.35355339059327373
-0.35355339059327373 -0.35355339059327373 0 0 -0.35355339059327373 0.35355339059327373 0 0 0 0 -0.35355339059327373 0.35355339059327373 0 0 -0.35355339059327373 -0.35355339059327373
-0.35355339059327373 -0.35355339059327373 0 0 -0.35355339059327373 0.35355339059327373 0 0 0 0 -0.35355339059327373 -0.35355339059327373 0 0 0.35355339059327373 -0.35355339059327373
-0.35355339059327373 -0.35355339059327373 0 0 -0.35355339059327373 0.35355339059327373 0 0 0 0 -0.35355339059327373 -0.35355339059327373 0 0 -0.35355339059327373 0.35355339059327373
-0.35355339059327373 -0.35355339059327373 0 0 -0.35355339059327373 -0.35355339059327373 0 0 0 0 0.35355339059327373 0.35355339059327373 0 0 0.35355339059327373 0.35355339059327373
-0.35355339059327373 -0.35355339059327373 0 0 -0.35355339059327373 -0.35355339059327373 0 0 0 0 0.35355339059327373 0.35355339059327373 0 0 -0.35355339059327373 -0.35355339059327373
-0.35355339059327373 -0.35355339059327373 0 0 -0.35355339059327373 -0.35355339059327373 0 0 0 0 0.35355339059327373 -0.35355339059327373 0 0 0.35355339059327373 -0.35355339059327373
-0.35355339059327373 -0.35355339059327373 0 0 -0.35355339059327373 -0.35355339059327373 0 0 0 0 0.35355339059327373 -0.35355339059327373 0 0 -0.35355339059327373 0.35355339059327373
-0.35355339059327373 -0.35355339059327373 0 0 -0.35355339059327373 -0.35355339059327373 0 0 0 0 -0.35355339059327373 0.35355339059327373 0 0 0.35355339059327373 -0.35355339059327373
-0.35355339059327373 -0.35355339059327373 0 0 -0.35355339059327373 -0.35355339059327373 0 0 0 0 -0.35355339059327373 0.35355339059327373 0 0 -0.35355339059327373 0.35355339059327373
-0.35355339059327373 -0.35355339059327373 0 0 -0.35355339059327373 -0.35355339059327373 0 0 0 0 -0.35355339059327373 -0.35355339059327373 0 0 0.35355339059327373 0.35355339059327373
-0.35355339059327373 -0.35355339059327373 0 0 -0.35355339059327373 -0.35355339059327373 0 0 0 0 -0.35355339059327373 -0.35355339059327373 0 0 -0.35355339059327373 -0.35355339059327373
0 0.35355339059327373 0.35355339059327373 0 0 0.35355339059327373 0.35355339059327373 0 0.35355339059327373 0 0 0.35355339059327373 0.35355339059327373 0 0 0.35355339059327373
0 0.35355339059327373 0.35355339059327373 0 0 0.35355339059327373 0.35355339059327373 0 0.35355339059327373 0 0 0.35355339059327373 -0.35355339059327373 0 0 -0.35355339059327373
0 0.35355339059327373 0.35355339059327373 0 0 0.35355339059327373 0.35355339059327373 0 0.35355339059327373 0 0 -0.35355339059327373 0.35355339059327373 0 0 -0.35355339059327373
0 0.35355339059327373 0.35355339059327373 0 0 0.35355339059327373 0.35355339059327373 0 0.35355339059327373 0 0 -0.35355339059327373 -0.35355339059327373 0 0 0.35355339059327373
0 0.35355339059327373 0.35355339059327373 0 0 0.35355339059327373 0.35355339059327373 0 -0.35355339059327373 0 0 0.35355339059327373 0.35355339059327373 0 0 -0.35355339059327373
0 0.35355339059327373 0.35355339059327373 0 0 0.35355339059327373 0.35355339059327373 0 -0.35355339059327373 0 0 0.35355339059327373 -0.35355339059327373 0 0 0.35355339059327373
0 0.35355339059327373 0.35355339059327373 0 0 0.35355339059327373 0.35355339059327373 0 -0.35355339059327373 0 0 -0.35355339059327373 0.35355339059327373 0 0 0.35355339059327373
0 0.35355339059327373 0.35355339059327373 0 0 0.35355339059327373 0.35355339059327373 0 -0.35355339059327373 0 0 -0.35355339059327373 -0.35355339059327373 0 0 -0.35355339059327373
0 0.35355339059327373 0.35355339059327373 0 0 0.35355339059327373 -0.35355339059327373 0 0.35355339059327373 0 0 0.35355339059327373 0.35355339059327373 0 0 -0.35355339059327373
0 0.35355339059327373 0.35355339059327373 0 0 0.35355339059327373 -0.35355339059327373 0 0.35355339059327373 0 0 0.35355339059327373 -0.35355339059327373 0 0 0.35355339059327373
0 0.35355339059327373 0.35355339059327373 0 0 0.35355339059327373 -0.35355339059327373 0 0.35355339059327373 0 0 -0.35355339059327373 0.35355339059327373 0 0 0.35355339059327373
0 0.35355339059327373 0.35355339059327373 0 0 0.35355339059327373 -0.35355339059327373 0 0.35355339059327373 0 0 -0.35355339059327373 -0.35355339059327373 0 0 -0.35355339059327373
0 0.35355339059327373 0.35355339059327373 0 0 0.35355339059327373 -0.35355339059327373 0 -0.35355339059327373 0 0 0.35355339059327373 0.35355339059327373 0 0 0.35355339059327373
0 0.35355339059327373 0.35355339059327373 0 0 0.35355339059327373 -0.35355339059327373 0 -0.35355339059327373 0 0 0.35355339059327373 -0.35355339059327373 0 0 -0.35355339059327373
0 0.35355339059327373 0.35355339059327373 0 0 0.35355339059327373 -0.35355339059327373 0 -0.35355339059327373 0 0 -0.35355339059327373 0.35355339059327373 0 0 -0.35355339059327373
0 0.35355339059327373 0.35355339059327373 0 0 0.35355339059327373 -0.35355339059327373 0 -0.35355339059327373 0 0 -0.35355339059327373 -0.35355339059327373 0 0 0.35355339059327373
0 0.35355339059327373 0.35355339059327373 0 0 -0.35355339059327373 0.35355339059327373 0 0.35355339059327373 0 0 0.35355339059327373 0.35355339059327373 0 0 -0.35355339059327373
0 0.35355339059327373 0.35355339059327373 0 0 -0.35355339059327373 0.35355339059327373 0 0.35355339059327373 0 0 0.35355339059327373 -0.35355339059327373 0 0 0.35355339059327373
0 0.35355339059327373 0.35355339059327373 0 0 -0.35355339059327373 0.35355339059327373 0 0.35355339059327373 0 0 -0.35355339059327373 0.35355339059327373 0 0 0.35355339059327373
0 0.35355339059327373 0.35355339059327373 0 0 -0.35355339059327373 0.35355339059327373 0 0.35355339059327373 0 0 -0.35355339059327373 -0.35355339059327373 0 0 -0.35355339059327373
0 0.35355339059327373 0.35355339059327373 0 0 -0.35355339059327373 0.35355339059327373 0 -0.35355339059327373 0 0 0.35355339059327373 0.35355339059327373 0 0 0.35355339059327373
0 0.35355339059327373 0.35355339059327373 0 0 -0.35355339059327373 0.35355339059327373 0 -0.35355339059327373 0 0 0.35355339059327373 -0.35355339059327373 0 0 -0.35355339059327373
0 0.35355339059327373 0.35355339059327373 0 0 -0.35355339059327373 0.35355339059327373 0 -0.35355339059327373 0 0 -0.35355339059327373 0.35355339059327373 0 0 -0.35355339059327373
0 0.35355339059327373 0.35355339059327373 0 0 -0.35355339059327373 0.35355339059327373 0 -0.35355339059327373 0 0 -0.35355339059327373 -0.35355339059327373 0 0 0.35355339059327373
0 0.35355339059327373 0.35355339059327373 0 0 -0.35355339059327373 -0.35355339059327373 0 0.35355339059327373 0 0 0.35355339059327373 0.35355339059327373 0 0 0.35355339059327373
0 0.35355339059327373 0.35355339059327373 0 0 -0.35355339059327373 -0.35355339059327373 0 0.35355339059327373 0 0 0.35355339059327373 -0.35355339059327373 0 0 -0.35355339059327373
0 0.35355339059327373 0.35355339059327373 0 0 -0.35355339059327373 -0.35355339059327373 0 0.35355339059327373 0 0 -0.35355339059327373 0.35355339059327373 0 0 -0.35355339059327373
0 0.35355339059327373 0.35355339059327373 0 0 -0.35355339059327373 -0.35355339059327373 0 0.35355339059327373 0 0 -0.35355339059327373 -0.35355339059327373 0 0 0.35355339059327373
0 0.35355339059327373 0.35355339059327373 0 0 -0.35355339059327373 -0.35355339059327373 0 -0.35355339059327373 0 0 0.35355339059327373 0.35355339059327373 0 0 -0.35355339059327373
0 0.35355339059327373 0.35355339059327373 0 0 -0.35355339059327373 -0.35355339059327373 0 -0.35355339059327373 0 0 0.35355339059327373 -0.35355339059327373 0 0 0.35355339059327373
0 0.35355339059327373 0.35355339059327373 0 0 -0.35355339059327373 -0.35355339059327373 0 -0.35355339059327373 0 0 -0.35355339059327373 0.35355339059327373 0 0 0.35355339059327373
0 0.35355339059327373 0.35355339059327373 0 0 -0.35355339059327373 -0.35355339059327373 0 -0.35355339059327373 0 0 -0.35355339059327373 -0.35355339059327373 0 0 -0.35355339059327373
0 0.35355339059327373 -0.35355339059327373 0 0 0.35355339059327373 0.35355339059327373 0 0.35355339059327373 0 0 0.35355339059327373 0.35355339059327373 0 0 -0.35355339059327373
0 0.35355339059327373 -0.35355339059327373 0 0 0.35355339059327373 0.35355339059327373 0 0.35355339059327373 0 0 0.35355339059327373 -0.35355339059327373 0 0 0.35355339059327373
0 0.35355339059327373 -0.35355339059327373 0 0 0.35355339059327373 0.35355339059327373 0 0.35355339059327373 0 0 -0.35355339059327373 0.35355339059327373 0 0 0.35355339059327373
0 0.35355339059327373 -0.35355339059327373 0 0 0.35355339059327373 0.35355339059327373 0 0.35355339059327373 0 0 -0.35355339059327373 -0.35355339059327373 0 0 -0.35355339059327373
0 0.35355339059327373 -0.35355339059327373 0 0 0.35355339059327373 0.35355339059327373 0 -0.35355339059327373 0 0 0.35355339059327373 0.35355339059327373 0 0 0.35355339059327373
0 0.35355339059327373 -0.35355339059327373 0 0 0.35355339059327373 0.35355339059327373 0 -0.35355339059327373 0 0 0.35355339059327373 -0.35355339059327373 0 0 -0.35355339059327373
0 0.35355339059327373 -0.35355339059327373 0 0 0.35355339059327373 0.35355339059327373 0 -0.35355339059327373 0 0 -0.35355339059327373 0.35355339059327373 0 0 -0.35355339059327373
0 0.35355339059327373 -0.35355339059327373 0 0 0.35355339059327373 0.35355339059327373 0 -0.35355339059327373 0 0 -0.35355339059327373 -0.35355339059327373 0 0 0.35355339059327373
0 0.35355339059327373 -0.35355339059327373 0 0 0.35355339059327373 -0.35355339059327373 0 0.35355339059327373 0 0 0.35355339059327373 0.35355339059327373 0 0 0.35355339059327373
0 0.35355339059327373 -0.35355339059327373 0 0 0.35355339059327373 -0.35355339059327373 0 0.35355339059327373 0 0 0.35355339059327373 -0.35355339059327373 0 0 -0.35355339059327373
0 0.35355339059327373 -0.35355339059327373 0 0 0.35355339059327373 -0.35355339059327373 0 0.35355339059327373 0 0 -0.35355339059327373 0.35355339059327373 0 0 -0.35355339059327373
0 0.35355339059327373 -0.35355339059327373 0 0 0.35355339059327373 -0.35355339059327373 0 0.35355339059327373 0 0 -0.35355339059327373 -0.35355339059327373 0 0 0.35355339059327373
0 0.35355339059327373 -0.35355339059327373 0 0 0.35355339059327373 -0.35355339059327373 0 -0.35355339059327373 0 0 0.35355339059327373 0.35355339059327373 0 0 -0.35355339059327373
0 0.35355339059327373 -0.35355339059327373 0 0 0.35355339059327373 -0.35355339059327373 0 -0.35355339059327373 0 0 0.35355339059327373 -0.35355339059327373 0 0 0.35355339059327373
0 0.35355339059327373 -0.35355339059327373 0 0 0.35355339059327373 -0.35355339059327373 0 -0.35355339059327373 0 0 -0.35355339059327373 0.35355339059327373 0 0 0.35355339059327373
0 0.35355339059327373 -0.35355339059327373 0 0 0.35355339059327373 -0.35355339059327373 0 -0.35355339059327373 0 0 -0.35355339059327373 -0.35355339059327373 0 0 -0.35355339059327373
0 0.35355339059327373 -0.35355339059327373 0 0 -0.35355339059327373 0.35355339059327373 0 0.35355339059327373 0 0 0.35355339059327373 0.35355339059327373 0 0 0.35355339059327373
0 0.35355339059327373 -0.35355339059327373 0 0 -0.35355339059327373 0.35355339059327373 0 0.35355339059327373 0 0 0.35355339059327373 -0.35355339059327373 0 0 -0.35355339059327373
0 0.35355339059327373 -0.35355339059327373 0 0 -0.35355339059327373 0.35355339059327373 0 0.35355339059327373 0 0 -0.35355339059327373 0.35355339059327373 0 0 -0.35355339059327373
0 0.35355339059327373 -0.35355339059327373 0 0 -0.35355339059327373 0.35355339059327373 0 0.35355339059327373 0 0 -0.35355339059327373 -0.35355339059327373 0 0 0.35355339059327373
0 0.35355339059327373 -0.35355339059327373 0 0 -0.35355339059327373 0.35355339059327373 0 -0.35355339059327373 0 0 0.35355339059327373 0.35355339059327373 0 0 -0.35355339059327373
0 0.35355339059327373 -0.35355339059327373 0 0 -0.35355339059327373 0.35355339059327373 0 -0.35355339059327373 0 0 0.35355339059327373 -0.35355339059327373 0 0 0.35355339059327373
0 0.35355339059327373 -0.35355339059327373 0 0 -0.35355339059327373 0.35355339059327373 0 -0.35355339059327373 0 0 -0.35355339059327373 0.35355339059327373 0 0 0.35355339059327373
0 0.35355339059327373 -0.35355339059327373 0 0 -0.35355339059327373 0.35355339059327373 0 -0.35355339059327373 0 0 -0.35355339059327373 -0.35355339059327373 0 0 -0.35355339059327373
0 0.35355339059327373 -0.35355339059327373 0 0 -0.35355339059327373 -0.35355339059327373 0 0.35355339059327373 0 0 0.35355339059327373 0.35355339059327373 0 0 -0.35355339059327373
0 0.35355339059327373 -0.35355339059327373 0 0 -0.35355339059327373 -0.35355339059327373 0 0.35355339059327373 0 0 0.35355339059327373 -0.35355339059327373 0 0 0.35355339059327373
0 0.35355339059327373 -0.35355339059327373 0 0 -0.35355339059327373 -0.35355339059327373 0 0.35355339059327373 0 0 -0.35355339059327373 0.35355339059327373 0 0 0.35355339059327373
0 0.35355339059327373 -0.35355339059327373 0 0 -0.35355339059327373 -0.35355339059327373 0 0.35355339059327373 0 0 -0.35355339059327373 -0.35355339059327373 0 0 -0.35355339059327373
0 0.35355339059327373 -0.35355339059327373 0 0 -0.35355339059327373 -0.35355339059327373 0 -0.35355339059327373 0 0 0.35355339059327373 0.35355339059327373 0 0 0.35355339059327373
0 0.35355339059327373 -0.35355339059327373 0 0 -0.35355339059327373 -0.35355339059327373 0 -0.35355339059327373 0 0 0.35355339059327373 -0.35355339059327373 0 0 -0.35355339059327373
0 0.35355339059327373 -0.35355339059327373 0 0 -0.35355339059327373 -0.35355339059327373 0 -0.35355339059327373 0 0 -0.35355339059327373 0.35355339059327373 0 0 -0.35355339059327373
0 0.35355339059327373 -0.35355339059327373 0 0 -0.35355339059327373 -0.35355339059327373 0 -0.35355339059327373 0 0 -0.35355339059327373 -0.35355339059327373 0 0 0.35355339059327373
0 -0.35355339059327373 0.35355339059327373 0 0 0.35355339059327373 0.35355339059327373 0 0.35355339059327373 0 0 0.35355339059327373 0.35355339059327373 0 0 -0.35355339059327373
0 -0.35355339059327373 0.35355339059327373 0 0 0.35355339059327373 0.35355339059327373 0 0.35355339059327373 0 0 0.35355339059327373 -0.35355339059327373 0 0 0.35355339059327373
0 -0.35355339059327373 0.35355339059327373 0 0 0.35355339059327373 0.35355339059327373 0 0.35355339059327373 0 0 -0.35355339059327373 0.35355339059327373 0 0 0.35355339059327373
0 -0.35355339059327373 0.35355339059327373 0 0 0.35355339059327373 0.35355339059327373 0 0.35355339059327373 0 0 -0.35355339059327373 -0.35355339059327373 0 0 -0.35355339059327373
0 -0.35355339059327373 0.35355339059327373 0 0 0.35355339059327373 0.35355339059327373 0 -0.35355339059327373 0 0 0.35355339059327373 0.35355339059327373 0 0 0.35355339059327373
0 -0.35355339059327373 0.35355339059327373 0 0 0.35355339059327373 0.35355339059327373 0 -0.35355339059327373 0 0 0.35355339059327373 -0.35355339059327373 0 0 -0.35355339059327373
0 -0.35355339059327373 0.35355339059327373 0 0 0.35355339059327373 0.35355339059327373 0 -0.35355339059327373 0 0 -0.35355339059327373 0.35355339059327373 0 0 -0.35355339059327373
0 -0.35355339059327373 0.35355339059327373 0 0 0.35355339059327373 0.35355339059327373 0 -0.35355339059327373 0 0 -0.35355339059327373 -0.35355339059327373 0 0 0.35355339059327373
0 -0.35355339059327373 0.35355339059327373 0 0 0.35355339059327373 -0.35355339059327373 0 0.35355339059327373 0 0 0.35355339059327373 0.35355339059327373 0 0 0.35355339059327373
0 -0.35355339059327373 0.35355339059327373 0 0 0.35355339059327373 -0.35355339059327373 0 0.35355339059327373 0 0 0.35355339059327373 -0.35355339059327373 0 0 -0.35355339059327373
0 -0.35355339059327373 0.35355339059327373 0 0 0.35355339059327373 -0.35355339059327373 0 0.35355339059327373 0 0 -0.35355339059327373 0.35355339059327373 0 0 -0.35355339059327373
0 -0.35355339059327373 0.35355339059327373 0 0 0.35355339059327373 -0.35355339059327373 0 0.35355339059327373 0 0 -0.35355339059327373 -0.35355339059327373 0 0 0.35355339059327373
0 -0.35355339059327373 0.35355339059327373 0 0 0.35355339059327373 -0.35355339059327373 0 -0.35355339059327373 0 0 0.35355339059327373 0.35355339059327373 0 0 -0.35355339059327373
0 -0.35355339059327373 0.35355339059327373 0 0 0.35355339059327373 -0.35355339059327373 0 -0.35355339059327373 0 0 0.35355339059327373 -0.35355339059327373 0 0 0.35355339059327373
0 -0.35355339059327373 0.35355339059327373 0 0 0.35355339059327373 -0.35355339059327373 0 -0.35355339059327373 0 0 -0.35355339059327373 0.35355339059327373 0 0 0.35355339059327373
0 -0.35355339059327373 0.35355339059327373 0 0 0.35355339059327373 -0.35355339059327373 0 -0.35355339059327373 0 0 -0.35355339059327373 -0.35355339059327373 0 0 -0.35355339059327373
0 -0.35355339059327373 0.35355339059327373 0 0 -0.35355339059327373 0.35355339059327373 0 0.35355339059327373 0 0 0.35355339059327373 0.35355339059327373 0 0 0.35355339059327373
0 -0.35355339059327373 0.35355339059327373 0 0 -0.35355339059327373 0.35355339059327373 0 0.35355339059327373 0 0 0.35355339059327373 -0.35355339059327373 0 0 -0.35355339059327373
0 -0.35355339059327373 0.35355339059327373 0 0 -0.35355339059327373 0.35355339059327373 0 0.35355339059327373 0 0 -0.35355339059327373 0.35355339059327373 0 0 -0.35355339059327373
0 -0.35355339059327373 0.35355339059327373 0 0 -0.35355339059327373 0.35355339059327373 0 0.35355339059327373 0 0 -0.35355339059327373 -0.35355339059327373 0 0 0.35355339059327373
0 -0.35355339059327373 0.35355339059327373 0 0 -0.35355339059327373 0.35355339059327373 0 -0.35355339059327373 0 0 0.35355339059327373 0.35355339059327373 0 0 -0.35355339059327373
0 -0.35355339059327373 0.35355339059327373 0 0 -0.35355339059327373 0.35355339059327373 0 -0.35355339059327373 0 0 0.35355339059327373 -0.35355339059327373 0 0 0.35355339059327373
0 -0.35355339059327373 0.35355339059327373 0 0 -0.35355339059327373 0.35355339059327373 0 -0.35355339059327373 0 0 -0.35355339059327373 0.35355339059327373 0 0 0.35355339059327373
0 -0.35355339059327373 0.35355339059327373 0 0 -0.35355339059327373 0.35355339059327373 0 -0.35355339059327373 0 0 -0.35355339059327373 -0.35355339059327373 0 0 -0.35355339059327373
0 -0.35355339059327373 0.35355339059327373 0 0 -0.35355339059327373 -0.35355339059327373 0 0.35355339059327373 0 0 0.35355339059327373 0.35355339059327373 0 0 -0.35355339059327373
0 -0.35355339059327373 0.35355339059327373 0 0 -0.35355339059327373 -0.35355339059327373 0 0.35355339059327373 0 0 0.35355339059327373 -0.35355339059327373 0 0 0.35355339059327373
0 -0.35355339059327373 0.35355339059327373 0 0 -0.35355339059327373 -0.35355339059327373 0 0.35355339059327373 0 0 -0.35355339059327373 0.35355339059327373 0 0 0.35355339059327373
0 -0.35355339059327373 0.35355339059327373 0 0 -0.35355339059327373 -0.35355339059327373 0 0.35355339059327373 0 0 -0.35355339059327373 -0.35355339059327373 0 0 -0.35355339059327373
0 -0.35355339059327373 0.35355339059327373 0 0 -0.35355339059327373 -0.35355339059327373 0 -0.35355339059327373 0 0 0.35355339059327373 0.35355339059327373 0 0 0.35355339059327373
0 -0.35355339059327373 0.35355339059327373 0 0 -0.35355339059327373 -0.35355339059327373 0 -0.35355339059327373 0 0 0.35355339059327373 -0.35355339059327373 0 0 -0.35355339059327373
0 -0.35355339059327373 0.35355339059327373 0 0 -0.35355339059327373 -0.35355339059327373 0 -0.35355339059327373 0 0 -0.35355339059327373 0.35355339059327373 0 0 -0.35355339059327373
0 -0.35355339059327373 0.35355339059327373 0 0 -0.35355339059327373 -0.35355339059327373 0 -0.35355339059327373 0 0 -0.35355339059327373 -0.35355339059327373 0 0 0.35355339059327373
0 -0.35355339059327373 -0.35355339059327373 0 0 0.35355339059327373 0.35355339059327373 0 0.35355339059327373 0 0 0.35355339059327373 0.35355339059327373 0 0 0.35355339059327373
0 -0.35355339059327373 -0.35355339059327373 0 0 0.35355339059327373 0.35355339059327373 0 0.35355339059327373 0 0 0.35355339059327373 -0.35355339059327373 0 0 -0.35355339059327373
0 -0.35355339059327373 -0.35355339059327373 0 0 0.35355339059327373 0.35355339059327373 0 0.35355339059327373 0 0 -0.35355339059327373 0.35355339059327373 0 0 -0.35355339059327373
0 -0.35355339059327373 -0.35355339059327373 0 0 0.35355339059327373 0.35355339059327373 0 0.35355339059327373 0 0 -0.35355339059327373 -0.35355339059327373 0 0 0.35355339059327373
0 -0.35355339059327373 -0.35355339059327373 0 0 0.35355339059327373 0.35355339059327373 0 -0.35355339059327373 0 0 0.35355339059327373 0.35355339059327373 0 0 -0.35355339059327373
0 -0.35355339059327373 -0.35355339059327373 0 0 0.35355339059327373 0.35355339059327373 0 -0.35355339059327373 0 0 0.35355339059327373 -0.35355339059327373 0 0 0.35355339059327373
0 -0.35355339059327373 -0.35355339059327373 0 0 0.35355339059327373 0.35355339059327373 0 -0.35355339059327373 0 0 -0.35355339059327373 0.35355339059327373 0 0 0.35355339059327373
0 -0.35355339059327373 -0.35355339059327373 0 0 0.35355339059327373 0.35355339059327373 0 -0.35355339059327373 0 0 -0.35355339059327373 -0.35355339059327373 0 0 -0.35355339059327373
0 -0.35355339059327373 -0.35355339059327373 0 0 0.35355339059327373 -0.35355339059327373 0 0.35355339059327373 0 0 0.35355339059327373 0.35355339059327373 0 0 -0.35355339059327373
0 -0.35355339059327373 -0.35355339059327373 0 0 0.35355339059327373 -0.35355339059327373 0 0.35355339059327373 0 0 0.35355339059327373 -0.35355339059327373 0 0 0.35355339059327373
0 -0.35355339059327373 -0.35355339059327373 0 0 0.35355339059327373 -0.35355339059327373 0 0.35355339059327373 0 0 -0.35355339059327373 0.35355339059327373 0 0 0.35355339059327373
0 -0.35355339059327373 -0.35355339059327373 0 0 0.35355339059327373 -0.35355339059327373 0 0.35355339059327373 0 0 -0.35355339059327373 -0.35355339059327373 0 0 -0.35355339059327373
0 -0.35355339059327373 -0.35355339059327373 0 0 0.35355339059327373 -0.35355339059327373 0 -0.35355339059327373 0 0 0.35355339059327373 0.35355339059327373 0 0 0.35355339059327373
0 -0.35355339059327373 -0.35355339059327373 0 0 0.35355339059327373 -0.35355339059327373 0 -0.35355339059327373 0 0 0.35355339059327373 -0.35355339059327373 0 0 -0.35355339059327373
0 -0.35355339059327373 -0.35355339059327373 0 0 0.35355339059327373 -0.35355339059327373 0 -0.35355339059327373 0 0 -0.35355339059327373 0.35355339059327373 0 0 -0.35355339059327373
0 -0.35355339059327373 -0.35355339059327373 0 0 0.35355339059327373 -0.35355339059327373 0 -0.35355339059327373 0 0 -0.35355339059327373 -0.35355339059327373 0 0 0.35355339059327373
0 -0.35355339059327373 -0.35355339059327373 0 0 -0.35355339059327373 0.35355339059327373 0 0.35355339059327373 0 0 0.35355339059327373 0.35355339059327373 0 0 -0.35355339059327373
0 -0.35355339059327373 -0.35355339059327373 0 0 -0.35355339059327373 0.35355339059327373 0 0.35355339059327373 0 0 0.35355339059327373 -0.35355339059327373 0 0 0.35355339059327373
0 -0.35355339059327373 -0.35355339059327373 0 0 -0.35355339059327373 0.35355339059327373 0 0.35355339059327373 0 0 -0.35355339059327373 0.35355339059327373 0 0 0.35355339059327373
0 -0.35355339059327373 -0.35355339059327373 0 0 -0.35355339059327373 0.35355339059327373 0 0.35355339059327373 0 0 -0.35355339059327373 -0.35355339059327373 0 0 -0.35355339059327373
0 -0.35355339059327373 -0.35355339059327373 0 0 -0.35355339059327373 0.35355339059327373 0 -0.35355339059327373 0 0 0.35355339059327373 0.35355339059327373 0 0 0.35355339059327373
0 -0.35355339059327373 -0.35355339059327373 0 0 -0.35355339059327373 0.35355339059327373 0 -0.35355339059327373 0 0 0.35355339059327373 -0.35355339059327373 0 0 -0.35355339059327373
0 -0.35355339059327373 -0.35355339059327373 0 0 -0.35355339059327373 0.35355339059327373 0 -0.35355339059327373 0 0 -0.35355339059327373 0.35355339059327373 0 0 -0.35355339059327373
0 -0.35355339059327373 -0.35355339059327373 0 0 -0.35355339059327373 0.35355339059327373 0 -0.35355339059327373 0 0 -0.35355339059327373 -0.35355339059327373 0 0 0.35355339059327373
0 -0.35355339059327373 -0.35355339059327373 0 0 -0.35355339059327373 -0.35355339059327373 0 0.35355339059327373 0 0 0.35355339059327373 0.35355339059327373 0 0 0.35355339059327373
0 -0.35355339059327373 -0.35355339059327373 0 0 -0.35355339059327373 -0.35355339059327373 0 0.35355339059327373 0 0 0.35355339059327373 -0.35355339059327373 0 0 -0.35355339059327373
0 -0.35355339059327373 -0.35355339059327373 0 0 -0.35355339059327373 -0.35355339059327373 0 0.35355339059327373 0 0 -0.35355339059327373 0.35355339059327373 0 0 -0.35355339059327373
0 -0.35355339059327373 -0.35355339059327373 0 0 -0.35355339059327373 -0.35355339059327373 0 0.35355339059327373 0 0 -0.35355339059327373 -0.35355339059327373 0 0 0.35355339059327373
0 -0.35355339059327373 -0.35355339059327373 0 0 -0.35355339059327373 -0.35355339059327373 0 -0.35355339059327373 0 0 0.35355339059327373 0.35355339059327373 0 0 -0.35355339059327373
0 -0.35355339059327373 -0.35355339059327373 0 0 -0.35355339059327373 -0.35355339059327373 0 -0.35355339059327373 0 0 0.35355339059327373 -0.35355339059327373 0 0 0.35355339059327373
0 -0.35355339059327373 -0.35355339059327373 0 0 -0.35355339059327373 -0.35355339059327373 0 -0.35355339059327373 0 0 -0.35355339059327373 0.35355339059327373 0 0 0.35355339059327373
0 -0.35355339059327373 -0.35355339059327373 0 0 -0.35355339059327373 -0.35355339059327373 0 -0.35355339059327373 0 0 -0.35355339059327373 -0.35355339059327373 0 0 -0.35355339059327373
0.35355339059327373 0 0 0.35355339059327373 0.35355339059327373 0 0 0.35355339059327373 0 0.35355339059327373 0.35355339059327373 0 0 0.35355339059327373 0.35355339059327373 0
0.35355339059327373 0 0 0.35355339059327373 0.35355339059327373 0 0 0.35355339059327373 0 0.35355339059327373 0.35355339059327373 0 0 -0.35355339059327373 -0.35355339059327373 0
0.35355339059327373 0 0 0.35355339059327373 0.35355339059327373 0 0 0.35355339059327373 0 0.35355339059327373 -0.35355339059327373 0 0 0.35355339059327373 -0.35355339059327373 0
0.35355339059327373 0 0 0.35355339059327373 0.35355339059327373 0 0 0.35355339059327373 0 0.35355339059327373 -0.35355339059327373 0 0 -0.35355339059327373 0.35355339059327373 0
0.35355339059327373 0 0 0.35355339059327373 0.35355339059327373 0 0 0.35355339059327373 0 -0.35355339059327373 0.35355339059327373 0 0 0.35355339059327373 -0.35355339059327373 0
0.35355339059327373 0 0 0.35355339059327373 0.35355339059327373 0 0 0.35355339059327373 0 -0.35355339059327373 0.35355339059327373 0 0 -0.35355339059327373 0.35355339059327373 0
0.35355339059327373 0 0 0.35355339059327373 0.35355339059327373 0 0 0.35355339059327373 0 -0.35355339059327373 -0.35355339059327373 0 0 0.35355339059327373 0.35355339059327373 0
0.35355339059327373 0 0 0.35355339059327373 0.35355339059327373 0 0 0.35355339059327373 0 -0.35355339059327373 -0.35355339059327373 0 0 -0.35355339059327373 -0.35355339059327373 0
0.35355339059327373 0 0 0.35355339059327373 0.35355339059327373 0 0 -0.35355339059327373 0 0.35355339059327373 0.35355339059327373 0 0 0.35355339059327373 -0.35355339059327373 0
0.35355339059327373 0 0 0.35355339059327373 0.35355339059327373 0 0 -0.35355339059327373 0 0.35355339059327373 0.35355339059327373 0 0 -0.35355339059327373 0.35355339059327373 0
0.35355339059327373 0 0 0.35355339059327373 0.35355339059327373 0 0 -0.35355339059327373 0 0.35355339059327373 -0.35355339059327373 0 0 0.35355339059327373 0.35355339059327373 0
0.35355339059327373 0 0 0.35355339059327373 0.35355339059327373 0 0 -0.35355339059327373 0 0.35355339059327373 -0.35355339059327373 0 0 -0.35355339059327373 -0.35355339059327373 0
0.35355339059327373 0 0 0.35355339059327373 0.35355339059327373 0 0 -0.35355339059327373 0 -0.35355339059327373 0.35355339059327373 0 0 0.35355339059327373 0.35355339059327373 0
0.35355339059327373 0 0 0.35355339059327373 0.35355339059327373 0 0 -0.35355339059327373 0 -0.35355339059327373 0.35355339059327373 0 0 -0.35355339059327373 -0.35355339059327373 0
0.35355339059327373 0 0 0.35355339059327373 0.35355339059327373 0 0 -0.35355339059327373 0 -0.35355339059327373 -0.35355339059327373 0 0 0.35355339059327373 -0.35355339059327373 0
0.35355339059327373 0 0 0.35355339059327373 0.35355339059327373 0 0 -0.35355339059327373 0 -0.35355339059327373 -0.35355339059327373 0 0 -0.35355339059327373 0.35355339059327373 0
0.35355339059327373 0 0 0.35355339059327373 -0.35355339059327373 0 0 0.35355339059327373 0 0.35355339059327373 0.35355339059327373 0 0 0.35355339059327373 -0.35355339059327373 0
0.35355339059327373 0 0 0.35355339059327373 -0.35355339059327373 0 0 0.35355339059327373 0 0.35355339059327373 0.35355339059327373 0 0 -0.35355339059327373 0.35355339059327373 0
0.35355339059327373 0 0 0.35355339059327373 -0.35355339059327373 0 0 0.35355339059327373 0 0.35355339059327373 -0.35355339059327373 0 0 0.35355339059327373 0.35355339059327373 0
0.35355339059327373 0 0 0.35355339059327373 -0.35355339059327373 0 0 0.35355339059327373 0 0.35355339059327373 -0.35355339059327373 0 0 -0.35355339059327373 -0.35355339059327373 0
0.35355339059327373 0 0 0.35355339059327373 -0.35355339059327373 0 0 0.35355339059327373 0 -0.35355339059327373 0.35355339059327373 0 0 0.35355339059327373 0.35355339059327373 0
0.35355339059327373 0 0 0.35355339059327373 -0.35355339059327373 0 0 0.35355339059327373 0 -0.35355339059327373 0.35355339059327373 0 0 -0.35355339059327373 -0.35355339059327373 0
0.35355339059327373 0 0 0.35355339059327373 -0.35355339059327373 0 0 0.35355339059327373 0 -0.35355339059327373 -0.35355339059327373 0 0 0.35355339059327373 -0.35355339059327373 0
0.35355339059327373 0 0 0.35355339059327373 -0.35355339059327373 0 0 0.35355339059327373 0 -0.35355339059327373 -0.35355339059327373 0 0 -0.35355339059327373 0.35355339059327373 0
0.35355339059327373 0 0 0.35355339059327373 -0.35355339059327373 0 0 -0.35355339059327373 0 0.35355339059327373 0.35355339059327373 0 0 0.35355339059327373 0.35355339059327373 0
0.35355339059327373 0 0 0.35355339059327373 -0.35355339059327373 0 0 -0.35355339059327373 0 0.35355339059327373 0.35355339059327373 0 0 -0.35355339059327373 -0.35355339059327373 0
0.35355339059327373 0 0 0.35355339059327373 -0.35355339059327373 0 0 -0.35355339059327373 0 0.35355339059327373 -0.35355339059327373 0 0 0.35355339059327373 -0.35355339059327373 0
0.35355339059327373 0 0 0.35355339059327373 -0.35355339059327373 0 0 -0.35355339059327373 0 0.35355339059327373 -0.35355339059327373 0 0 -0.35355339059327373 0.35355339059327373 0
0.35355339059327373 0 0 0.35355339059327373 -0.35355339059327373 0 0 -0.35355339059327373 0 -0.35355339059327373 0.35355339059327373 0 0 0.35355339059327373 -0.35355339059327373 0
0.35355339059327373 0 0 0.35355339059327373 -0.35355339059327373 0 0 -0.35355339059327373 0 -0.35355339059327373 0.35355339059327373 0 0 -0.35355339059327373 0.35355339059327373 0
0.35355339059327373 0 0 0.35355339059327373 -0.35355339059327373 0 0 -0.35355339059327373 0 -0.35355339059327373 -0.35355339059327373 0 0 0.35355339059327373 0.35355339059327373 0
0.35355339059327373 0 0 0.35355339059327373 -0.35355339059327373 0 0 -0.35355339059327373 0 -0.35355339059327373 -0.35355339059327373 0 0 -0.35355339059327373 -0.35355339059327373 0
0.35355339059327373 0 0 -0.35355339059327373 0.35355339059327373 0 0 0.35355339059327373 0 0.35355339059327373 0.35355339059327373 0 0 0.35355339059327373 -0.35355339059327373 0
0.35355339059327373 0 0 -0.35355339059327373 0.35355339059327373 0 0 0.35355339059327373 0 0.35355339059327373 0.35355339059327373 0 0 -0.35355339059327373 0.35355339059327373 0
0.35355339059327373 0 0 -0.35355339059327373 0.35355339059327373 0 0 0.35355339059327373 0 0.35355339059327373 -0.35355339059327373 0 0 0.35355339059327373 0.35355339059327373 0
0.35355339059327373 0 0 -0.35355339059327373 0.35355339059327373 0 0 0.35355339059327373 0 0.35355339059327373 -0.35355339059327373 0 0 -0.35355339059327373 -0.35355339059327373 0
0.35355339059327373 0 0 -0.35355339059327373 0.35355339059327373 0 0 0.35355339059327373 0 -0.35355339059327373 0.35355339059327373 0 0 0.35355339059327373 0.35355339059327373 0
0.35355339059327373 0 0 -0.35355339059327373 0.35355339059327373 0 0 0.35355339059327373 0 -0.35355339059327373 0.35355339059327373 0 0 -0.35355339059327373 -0.35355339059327373 0
0.35355339059327373 0 0 -0.35355339059327373 0.35355339059327373 0 0 0.35355339059327373 0 -0.35355339059327373 -0.35355339059327373 0 0 0.35355339059327373 -0.35355339059327373 0
0.35355339059327373 0 0 -0.35355339059327373 0.35355339059327373 0 0 0.35355339059327373 0 -0.35355339059327373 -0.35355339059327373 0 0 -0.35355339059327373 0.35355339059327373 0
0.35355339059327373 0 0 -0.35355339059327373 0.35355339059327373 0 0 -0.35355339059327373 0 0.35355339059327373 0.35355339059327373 0 0 0.35355339059327373 0.35355339059327373 0
0.35355339059327373 0 0 -0.35355339059327373 0.35355339059327373 0 0 -0.35355339059327373 0 0.35355339059327373 0.35355339059327373 0 0 -0.35355339059327373 -0.35355339059327373 0
0.35355339059327373 0 0 -0.35355339059327373 0.35355339059327373 0 0 -0.35355339059327373 0 0.35355339059327373 -0.35355339059327373 0 0 0.35355339059327373 -0.35355339059327373 0
0.35355339059327373 0 0 -0.35355339059327373 0.35355339059327373 0 0 -0.35355339059327373 0 0.35355339059327373 -0.35355339059327373 0 0 -0.35355339059327373 0.35355339059327373 0
0.35355339059327373 0 0 -0.35355339059327373 0.35355339059327373 0 0 -0.35355339059327373 0 -0.35355339059327373 0.35355339059327373 0 0 0.35355339059327373 -0.35355339059327373 0
0.35355339059327373 0 0 -0.35355339059327373 0.35355339059327373 0 0 -0.35355339059327373 0 -0.35355339059327373 0.35355339059327373 0 0 -0.35355339059327373 0.35355339059327373 0
0.35355339059327373 0 0 -0.35355339059327373 0.35355339059327373 0 0 -0.35355339059327373 0 -0.35355339059327373 -0.35355339059327373 0 0 0.35355339059327373 0.35355339059327373 0
0.35355339059327373 0 0 -0.35355339059327373 0.35355339059327373 0 0 -0.35355339059327373 0 -0.35355339059327373 -0.35355339059327373 0 0 -0.35355339059327373 -0.35355339059327373 0
0.35355339059327373 0 0 -0.35355339059327373 -0.35355339059327373 0 0 0.35355339059327373 0 0.35355339059327373 0.35355339059327373 0 0 0.35355339059327373 0.35355339059327373 0
0.35355339059327373 0 0 -0.35355339059327373 -0.35355339059327373 0 0 0.35355339059327373 0 0.35355339059327373 0.35355339059327373 0 0 -0.35355339059327373 -0.35355339059327373 0
0.35355339059327373 0 0 -0.35355339059327373 -0.35355339059327373 0 0 0.35355339059327373 0 0.35355339059327373 -0.35355339059327373 0 0 0.35355339059327373 -0.35355339059327373 0
0.35355339059327373 0 0 -0.35355339059327373 -0.35355339059327373 0 0 0.35355339059327373 0 0.35355339059327373 -0.35355339059327373 0 0 -0.35355339059327373 0.35355339059327373 0
0.35355339059327373 0 0 -0.35355339059327373 -0.35355339059327373 0 0 0.35355339059327373 0 -0.35355339059327373 0.35355339059327373 0 0 0.35355339059327373 -0.35355339059327373 0
0.35355339059327373 0 0 -0.35355339059327373 -0.35355339059327373 0 0 0.35355339059327373 0 -0.35355339059327373 0.35355339059327373 0 0 -0.35355339059327373 0.35355339059327373 0
0.35355339059327373 0 0 -0.35355339059327373 -0.35355339059327373 0 0 0.35355339059327373 0 -0.35355339059327373 -0.35355339059327373 0 0 0.35355339059327373 0.35355339059327373 0
0.35355339059327373 0 0 -0.35355339059327373 -0.35355339059327373 0 0 0.35355339059327373 0 -0.35355339059327373 -0.35355339059327373 0 0 -0.35355339059327373 -0.35355339059327373 0
0.35355339059327373 0 0 -0.35355339059327373 -0.35355339059327373 0 0 -0.35355339059327373 0 0.35355339059327373 0.35355339059327373 0 0 0.35355339059327373 -0.35355339059327373 0
0.35355339059327373 0 0 -0.35355339059327373 -0.35355339059327373 0 0 -0.35355339059327373 0 0.35355339059327373 0.35355339059327373 0 0 -0.35355339059327373 0.35355339059327373 0
0.35355339059327373 0 0 -0.35355339059327373 -0.35355339059327373 0 0 -0.35355339059327373 0 0.35355339059327373 -0.35355339059327373 0 0 0.35355339059327373 0.35355339059327373 0
0.35355339059327373 0 0 -0.35355339059327373 -0.35355339059327373 0 0 -0.35355339059327373 0 0.35355339059327373 -0.35355339059327373 0 0 -0.35355339059327373 -0.35355339059327373 0
0.35355339059327373 0 0 -0.35355339059327373 -0.35355339059327373 0 0 -0.35355339059327373 0 -0.35355339059327373 0.35355339059327373 0 0 0.35355339059327373 0.35355339059327373 0
0.35355339059327373 0 0 -0.35355339059327373 -0.35355339059327373 0 0 -0.35355339059327373 0 -0.35355339059327373 0.35355339059327373 0 0 -0.35355339059327373 -0.35355339059327373 0
0.35355339059327373 0 0 -0.35355339059327373 -0.35355339059327373 0 0 -0.35355339059327373 0 -0.35355339059327373 -0.35355339059327373 0 0 0.35355339059327373 -0.35355339059327373 0
0.35355339059327373 0 0 -0.35355339059327373 -0.35355339059327373 0 0 -0.35355339059327373 0 -0.35355339059327373 -0.35355339059327373 0 0 -0.35355339059327373 0.35355339059327373 0
-0.35355339059327373 0 0 0.35355339059327373 0.35355339059327373 0 0 0.35355339059327373 0 0.35355339059327373 0.35355339059327373 0 0 0.35355339059327373 -0.35355339059327373 0
-0.35355339059327373 0 0 0.35355339059327373 0.35355339059327373 0 0 0.35355339059327373 0 0.35355339059327373 0.35355339059327373 0 0 -0.35355339059327373 0.35355339059327373 0
-0.35355339059327373 0 0 0.35355339059327373 0.35355339059327373 0 0 0.35355339059327373 0 0.35355339059327373 -0.35355339059327373 0 0 0.35355339059327373 0.35355339059327373 0
-0.35355339059327373 0 0 0.35355339059327373 0.35355339059327373 0 0 0.35355339059327373 0 0.35355339059327373 -0.35355339059327373 0 0 -0.35355339059327373 -0.35355339059327373 0
-0.35355339059327373 0 0 0.35355339059327373 0.35355339059327373 0 0 0.35355339059327373 0 -0.35355339059327373 0.35355339059327373 0 0 0.35355339059327373 0.35355339059327373 0
-0.35355339059327373 0 0 0.35355339059327373 0.35355339059327373 0 0 0.35355339059327373 0 -0.35355339059327373 0.35355339059327373 0 0 -0.35355339059327373 -0.35355339059327373 0
-0.35355339059327373 0 0 0.35355339059327373 0.35355339059327373 0 0 0.35355339059327373 0 -0.35355339059327373 -0.35355339059327373 0 0 0.35355339059327373 -0.35355339059327373 0
-0.35355339059327373 0 0 0.35355339059327373 0.35355339059327373 0 0 0.35355339059327373 0 -0.35355339059327373 -0.35355339059327373 0 0 -0.35355339059327373 0.35355339059327373 0
-0.35355339059327373 0 0 0.35355339059327373 0.35355339059327373 0 0 -0.35355339059327373 0 0.35355339059327373 0.35355339059327373 0 0 0.35355339059327373 0.35355339059327373 0
-0.35355339059327373 0 0 0.35355339059327373 0.35355339059327373 0 0 -0.35355339059327373 0 0.35355339059327373 0.35355339059327373 0 0 -0.35355339059327373 -0.35355339059327373 0
-0.35355339059327373 0 0 0.35355339059327373 0.35355339059327373 0 0 -0.35355339059327373 0 0.35355339059327373 -0.35355339059327373 0 0 0.35355339059327373 -0.35355339059327373 0
-0.35355339059327373 0 0 0.35355339059327373 0.35355339059327373 0 0 -0.35355339059327373 0 0.35355339059327373 -0.35355339059327373 0 0 -0.35355339059327373 0.35355339059327373 0
-0.35355339059327373 0 0 0.35355339059327373 0.35355339059327373 0 0 -0.35355339059327373 0 -0.35355339059327373 0.35355339059327373 0 0 0.35355339059327373 -0.35355339059327373 0
-0.35355339059327373 0 0 0.35355339059327373 0.35355339059327373 0 0 -0.35355339059327373 0 -0.35355339059327373 0.35355339059327373 0 0 -0.35355339059327373 0.35355339059327373 0
-0.35355339059327373 0 0 0.35355339059327373 0.35355339059327373 0 0 -0.35355339059327373 0 -0.35355339059327373 -0.35355339059327373 0 0 0.35355339059327373 0.35355339059327373 0
-0.35355339059327373 0 0 0.35355339059327373 0.35355339059327373 0 0 -0.35355339059327373 0 -0.35355339059327373 -0.35355339059327373 0 0 -0.35355339059327373 -0.35355339059327373 0
-0.35355339059327373 0 0 0.35355339059327373 -0.35355339059327373 0 0 0.35355339059327373 0 0.35355339059327373 0.35355339059327373 0 0 0.35355339059327373 0.35355339059327373 0
-0.35355339059327373 0 0 0.35355339059327373 -0.35355339059327373 0 0 0.35355339059327373 0 0.35355339059327373 0.35355339059327373 0 0 -0.35355339059327373 -0.35355339059327373 0
-0.35355339059327373 0 0 0.35355339059327373 -0.35355339059327373 0 0 0.35355339059327373 0 0.35355339059327373 -0.35355339059327373 0 0 0.35355339059327373 -0.35355339059327373 0
-0.35355339059327373 0 0 0.35355339059327373 -0.35355339059327373 0 0 0.35355339059327373 0 0.35355339059327373 -0.35355339059327373 0 0 -0.35355339059327373 0.35355339059327373 0
-0.35355339059327373 0 0 0.35355339059327373 -0.35355339059327373 0 0 0.35355339059327373 0 -0.35355339059327373 0.35355339059327373 0 0 0.35355339059327373 -0.35355339059327373 0
-0.35355339059327373 0 0 0.35355339059327373 -0.35355339059327373 0 0 0.35355339059327373 0 -0.35355339059327373 0.35355339059327373 0 0 -0.35355339059327373 0.35355339059327373 0
-0.35355339059327373 0 0 0.35355339059327373 -0.35355339059327373 0 0 0.35355339059327373 0 -0.35355339059327373 -0.35355339059327373 0 0 0.35355339059327373 0.35355339059327373 0
-0.35355339059327373 0 0 0.35355339059327373 -0.35355339059327373 0 0 0.35355339059327373 0 -0.35355339059327373 -0.35355339059327373 0 0 -0.35355339059327373 -0.35355339059327373 0
-0.35355339059327373 0 0 0.35355339059327373 -0.35355339059327373 0 0 -0.35355339059327373 0 0.35355339059327373 0.35355339059327373 0 0 0.35355339059327373 -0.35355339059327373 0
-0.35355339059327373 0 0 0.35355339059327373 -0.35355339059327373 0 0 -0.35355339059327373 0 0.35355339059327373 0.35355339059327373 0 0 -0.35355339059327373 0.35355339059327373 0
-0.35355339059327373 0 0 0.35355339059327373 -0.35355339059327373 0 0 -0.35355339059327373 0 0.35355339059327373 -0.35355339059327373 0 0 0.35355339059327373 0.35355339059327373 0
-0.35355339059327373 0 0 0.35355339059327373 -0.35355339059327373 0 0 -0.35355339059327373 0 0.35355339059327373 -0.35355339059327373 0 0 -0.35355339059327373 -0.35355339059327373 0
-0.35355339059327373 0 0 0.35355339059327373 -0.35355339059327373 0 0 -0.35355339059327373 0 -0.35355339059327373 0.35355339059327373 0 0 0.35355339059327373 0.35355339059327373 0
-0.35355339059327373 0 0 0.35355339059327373 -0.35355339059327373 0 0 -0.35355339059327373 0 -0.35355339059327373 0.35355339059327373 0 0 -0.35355339059327373 -0.35355339059327373 0
-0.35355339059327373 0 0 0.35355339059327373 -0.35355339059327373 0 0 -0.35355339059327373 0 -0.35355339059327373 -0.35355339059327373 0 0 0.35355339059327373 -0.35355339059327373 0
-0.35355339059327373 0 0 0.35355339059327373 -0.35355339059327373 0 0 -0.35355339059327373 0 -0.35355339059327373 -0.35355339059327373 0 0 -0.35355339059327373 0.35355339059327373 0
-0.35355339059327373 0 0 -0.35355339059327373 0.35355339059327373 0 0 0.35355339059327373 0 0.35355339059327373 0.35355339059327373 0 0 0.35355339059327373 0.35355339059327373 0
-0.35355339059327373 0 0 -0.35355339059327373 0.35355339059327373 0 0 0.35355339059327373 0 0.35355339059327373 0.35355339059327373 0 0 -0.35355339059327373 -0.35355339059327373 0
-0.35355339059327373 0 0 -0.35355339059327373 0.35355339059327373 0 0 0.35355339059327373 0 0.35355339059327373 -0.35355339059327373 0 0 0.35355339059327373 -0.35355339059327373 0
-0.35355339059327373 0 0 -0.35355339059327373 0.35355339059327373 0 0 0.35355339059327373 0 0.35355339059327373 -0.35355339059327373 0 0 -0.35355339059327373 0.35355339059327373 0
-0.35355339059327373 0 0 -0.35355339059327373 0.35355339059327373 0 0 0.35355339059327373 0 -0.35355339059327373 0.35355339059327373 0 0 0.35355339059327373 -0.35355339059327373 0
-0.35355339059327373 0 0 -0.35355339059327373 0.35355339059327373 0 0 0.35355339059327373 0 -0.35355339059327373 0.35355339059327373 0 0 -0.35355339059327373 0.35355339059327373 0
-0.35355339059327373 0 0 -0.35355339059327373 0.35355339059327373 0 0 0.35355339059327373 0 -0.35355339059327373 -0.35355339059327373 0 0 0.35355339059327373 0.35355339059327373 0
-0.35355339059327373 0 0 -0.35355339059327373 0.35355339059327373 0 0 0.35355339059327373 0 -0.35355339059327373 -0.35355339059327373 0 0 -0.35355339059327373 -0.35355339059327373 0
-0.35355339059327373 0 0 -0.35355339059327373 0.35355339059327373 0 0 -0.35355339059327373 0 0.35355339059327373 0.35355339059327373 0 0 0.35355339059327373 -0.35355339059327373 0
-0.35355339059327373 0 0 -0.35355339059327373 0.35355339059327373 0 0 -0.35355339059327373 0 0.35355339059327373 0.35355339059327373 0 0 -0.35355339059327373 0.35355339059327373 0
-0.35355339059327373 0 0 -0.35355339059327373 0.35355339059327373 0 0 -0.35355339059327373 0 0.35355339059327373 -0.35355339059327373 0 0 0.35355339059327373 0.35355339059327373 0
-0.35355339059327373 0 0 -0.35355339059327373 0.35355339059327373 0 0 -0.35355339059327373 0 0.35355339059327373 -0.35355339059327373 0 0 -0.35355339059327373 -0.35355339059327373 0
-0.35355339059327373 0 0 -0.35355339059327373 0.35355339059327373 0 0 -0.35355339059327373 0 -0.35355339059327373 0.35355339059327373 0 0 0.35355339059327373 0.35355339059327373 0
-0.35355339059327373 0 0 -0.35355339059327373 0.35355339059327373 0 0 -0.35355339059327373 0 -0.35355339059327373 0.35355339059327373 0 0 -0.35355339059327373 -0.35355339059327373 0
-0.35355339059327373 0 0 -0.35355339059327373 0.35355339059327373 0 0 -0.35355339059327373 0 -0.35355339059327373 -0.35355339059327373 0 0 0.35355339059327373 -0.35355339059327373 0
-0.35355339059327373 0 0 -0.35355339059327373 0.35355339059327373 0 0 -0.35355339059327373 0 -0.35355339059327373 -0.35355339059327373 0 0 -0.35355339059327373 0.35355339059327373 0
-0.35355339059327373 0 0 -0.35355339059327373 -0.35355339059327373 0 0 0.35355339059327373 0 0.35355339059327373 0.35355339059327373 0 0 0.35355339059327373 -0.35355339059327373 0
-0.35355339059327373 0 0 -0.35355339059327373 -0.35355339059327373 0 0 0.35355339059327373 0 0.35355339059327373 0.35355339059327373 0 0 -0.35355339059327373 0.35355339059327373 0
-0.35355339059327373 0 0 -0.35355339059327373 -0.35355339059327373 0 0 0.35355339059327373 0 0.35355339059327373 -0.35355339059327373 0 0 0.35355339059327373 0.35355339059327373 0
-0.35355339059327373 0 0 -0.35355339059327373 -0.35355339059327373 0 0 0.35355339059327373 0 0.35355339059327373 -0.35355339059327373 0 0 -0.35355339059327373 -0.35355339059327373 0
-0.35355339059327373 0 0 -0.35355339059327373 -0.35355339059327373 0 0 0.35355339059327373 0 -0.35355339059327373 0.35355339059327373 0 0 0.35355339059327373 0.35355339059327373 0
-0.35355339059327373 0 0 -0.35355339059327373 -0.35355339059327373 0 0 0.35355339059327373 0 -0.35355339059327373 0.35355339059327373 0 0 -0.35355339059327373 -0.35355339059327373 0
-0.35355339059327373 0 0 -0.35355339059327373 -0.35355339059327373 0 0 0.35355339059327373 0 -0.35355339059327373 -0.35355339059327373 0 0 0.35355339059327373 -0.35355339059327373 0
-0.35355339059327373 0 0 -0.35355339059327373 -0.35355339059327373 0 0 0.35355339059327373 0 -0.35355339059327373 -0.35355339059327373 0 0 -0.35355339059327373 0.35355339059327373 0
-0.35355339059327373 0 0 -0.35355339059327373 -0.35355339059327373 0 0 -0.35355339059327373 0 0.35355339059327373 0.35355339059327373 0 0 0.35355339059327373 0.35355339059327373 0
-0.35355339059327373 0 0 -0.35355339059327373 -0.35355339059327373 0 0 -0.35355339059327373 0 0.35355339059327373 0.35355339059327373 0 0 -0.35355339059327373 -0.35355339059327373 0
-0.35355339059327373 0 0 -0.35355339059327373 -0.35355339059327373 0 0 -0.35355339059327373 0 0.35355339059327373 -0.35355339059327373 0 0 0.35355339059327373 -0.35355339059327373 0
-0.35355339059327373 0 0 -0.35355339059327373 -0.35355339059327373 0 0 -0.35355339059327373 0 0.35355339059327373 -0.35355339059327373 0 0 -0.35355339059327373 0.35355339059327373 0
-0.35355339059327373 0 0 -0.35355339059327373 -0.35355339059327373 0 0 -0.35355339059327373 0 -0.35355339059327373 0.35355339059327373 0 0 0.35355339059327373 -0.35355339059327373 0
-0.35355339059327373 0 0 -0.35355339059327373 -0.35355339059327373 0 0 -0.35355339059327373 0 -0.35355339059327373 0.35355339059327373 0 0 -0.35355339059327373 0.35355339059327373 0
-0.35355339059327373 0 0 -0.35355339059327373 -0.35355339059327373 0 0 -0.35355339059327373 0 -0.35355339059327373 -0.35355339059327373 0 0 0.35355339059327373 0.35355339059327373 0
-0.35355339059327373 0 0 -0.35355339059327373 -0.35355339059327373 0 0 -0.35355339059327373 0 -0.35355339059327373 -0.35355339059327373 0 0 -0.35355339059327373 -0.35355339059327373 0
0 0 0 0 0.35355339059327373 0.35355339059327373 0.35355339059327373 0.35355339059327373 0.35355339059327373 0.35355339059327373 0.35355339059327373 0.35355339059327373 0 0 0 0
0 0 0 0 0.35355339059327373 0.35355339059327373 0.35355339059327373 0.35355339059327373 0.35355339059327373 0.35355339059327373 -0.35355339059327373 -0.35355339059327373 0 0 0 0
0 0 0 0 0.35355339059327373 0.35355339059327373 0.35355339059327373 0.35355339059327373 0.35355339059327373 -0.35355339059327373 0.35355339059327373 -0.35355339059327373 0 0 0 0
0 0 0 0 0.35355339059327373 0.35355339059327373 0.35355339059327373 0.35355339059327373 0.35355339059327373 -0.35355339059327373 -0.35355339059327373 0.35355339059327373 0 0 0 0
0 0 0 0 0.35355339059327373 0.35355339059327373 0.35355339059327373 0.35355339059327373 -0.35355339059327373 0.35355339059327373 0.35355339059327373 -0.35355339059327373 0 0 0 0
0 0 0 0 0.35355339059327373 0.35355339059327373 0.35355339059327373 0.35355339059327373 -0.35355339059327373 0.35355339059327373 -0.35355339059327373 0.35355339059327373 0 0 0 0
0 0 0 0 0.35355339059327373 0.35355339059327373 0.35355339059327373 0.35355339059327373 -0.35355339059327373 -0.35355339059327373 0.35355339059327373 0.35355339059327373 0 0 0 0
0 0 0 0 0.35355339059327373 0.35355339059327373 0.35355339059327373 0.35355339059327373 -0.35355339059327373 -0.35355339059327373 -0.35355339059327373 -0.35355339059327373 0 0 0 0
0 0 0 0 0.35355339059327373 0.35355339059327373 0.35355339059327373 -0.35355339059327373 0.35355339059327373 0.35355339059327373 0.35355339059327373 -0.35355339059327373 0 0 0 0
0 0 0 0 0.35355339059327373 0.35355339059327373 0.35355339059327373 -0.35355339059327373 0.35355339059327373 0.35355339059327373 -0.35355339059327373 0.35355339059327373 0 0 0 0
0 0 0 0 0.35355339059327373 0.35355339059327373 0.35355339059327373 -0.35355339059327373 0.35355339059327373 -0.35355339059327373 0.35355339059327373 0.35355339059327373 0 0 0 0
0 0 0 0 0.35355339059327373 0.35355339059327373 0.35355339059327373 -0.35355339059327373 0.35355339059327373 -0.35355339059327373 -0.35355339059327373 -0.35355339059327373 0 0 0 0
0 0 0 0 0.35355339059327373 0.35355339059327373 0.35355339059327373 -0.35355339059327373 -0.35355339059327373 0.35355339059327373 0.35355339059327373 0.35355339059327373 0 0 0 0
0 0 0 0 0.35355339059327373 0.35355339059327373 0.35355339059327373 -0.35355339059327373 -0.35355339059327373 0.35355339059327373 -0.35355339059327373 -0.35355339059327373 0 0 0 0
0 0 0 0 0.35355339059327373 0.35355339059327373 0.35355339059327373 -0.35355339059327373 -0.35355339059327373 -0.35355339059327373 0.35355339059327373 -0.35355339059327373 0 0 0 0
0 0 0 0 0.35355339059327373 0.35355339059327373 0.35355339059327373 -0.35355339059327373 -0.35355339059327373 -0.35355339059327373 -0.35355339059327373 0.35355339059327373 0 0 0 0
0 0 0 0 0.35355339059327373 0.35355339059327373 -0.35355339059327373 0.35355339059327373 0.35355339059327373 0.35355339059327373 0.35355339059327373 -0.35355339059327373 0 0 0 0
0 0 0 0 0.35355339059327373 0.35355339059327373 -0.35355339059327373 0.35355339059327373 0.35355339059327373 0.35355339059327373 -0.35355339059327373 0.35355339059327373 0 0 0 0
0 0 0 0 0.35355339059327373 0.35355339059327373 -0.35355339059327373 0.35355339059327373 0.35355339059327373 -0.35355339059327373 0.35355339059327373 0.35355339059327373 0 0 0 0
0 0 0 0 0.35355339059327373 0.35355339059327373 -0.35355339059327373 0.35355339059327373 0.35355339059327373 -0.35355339059327373 -0.35355339059327373 -0.35355339059327373 0 0 0 0
0 0 0 0 0.35355339059327373 0.35355339059327373 -0.35355339059327373 0.35355339059327373 -0.35355339059327373 0.35355339059327373 0.35355339059327373 0.35355339059327373 0 0 0 0
0 0 0 0 0.35355339059327373 0.35355339059327373 -0.35355339059327373 0.35355339059327373 -0.35355339059327373 0.35355339059327373 -0.35355339059327373 -0.35355339059327373 0 0 0 0
0 0 0 0 0.35355339059327373 0.35355339059327373 -0.35355339059327373 0.35355339059327373 -0.35355339059327373 -0.35355339059327373 0.35355339059327373 -0.35355339059327373 0 0 0 0
0 0 0 0 0.35355339059327373 0.35355339059327373 -0.35355339059327373 0.35355339059327373 -0.35355339059327373 -0.35355339059327373 -0.35355339059327373 0.35355339059327373 0 0 0 0
0 0 0 0 0.35355339059327373 0.35355339059327373 -0.35355339059327373 -0.35355339059327373 0.35355339059327373 0.35355339059327373 0.35355339059327373 0.35355339059327373 0 0 0 0
0 0 0 0 0.35355339059327373 0.35355339059327373 -0.35355339059327373 -0.35355339059327373 0.35355339059327373 0.35355339059327373 -0.35355339059327373 -0.35355339059327373 0 0 0 0
0 0 0 0 0.35355339059327373 0.35355339059327373 -0.35355339059327373 -0.35355339059327373 0.35355339059327373 -0.35355339059327373 0.35355339059327373 -0.35355339059327373 0 0 0 0
0 0 0 0 0.35355339059327373 0.35355339059327373 -0.35355339059327373 -0.35355339059327373 0.35355339059327373 -0.35355339059327373 -0.35355339059327373 0.35355339059327373 0 0 0 0
0 0 0 0 0.35355339059327373 0.35355339059327373 -0.35355339059327373 -0.35355339059327373 -0.35355339059327373 0.35355339059327373 0.35355339059327373 -0.35355339059327373 0 0 0 0
0 0 0 0 0.35355339059327373 0.35355339059327373 -0.35355339059327373 -0.35355339059327373 -0.35355339059327373 0.35355339059327373 -0.35355339059327373 0.35355339059327373 0 0 0 0
0 0 0 0 0.35355339059327373 0.35355339059327373 -0.35355339059327373 -0.35355339059327373 -0.35355339059327373 -0.35355339059327373 0.35355339059327373 0.35355339059327373 0 0 0 0
0 0 0 0 0.35355339059327373 0.35355339059327373 -0.35355339059327373 -0.35355339059327373 -0.35355339059327373 -0.35355339059327373 -0.35355339059327373 -0.35355339059327373 0 0 0 0
0 0 0 0 0.35355339059327373 -0.35355339059327373 0.35355339059327373 0.35355339059327373 0.35355339059327373 0.35355339059327373 0.35355339059327373 -0.35355339059327373 0 0 0 0
0 0 0 0 0.35355339059327373 -0.35355339059327373 0.35355339059327373 0.35355339059327373 0.35355339059327373 0.35355339059327373 -0.35355339059327373 0.35355339059327373 0 0 0 0
0 0 0 0 0.35355339059327373 -0.35355339059327373 0.35355339059327373 0.35355339059327373 0.35355339059327373 -0.35355339059327373 0.35355339059327373 0.35355339059327373 0 0 0 0
0 0 0 0 0.35355339059327373 -0.35355339059327373 0.35355339059327373 0.35355339059327373 0.35355339059327373 -0.35355339059327373 -0.35355339059327373 -0.35355339059327373 0 0 0 0
0 0 0 0 0.35355339059327373 -0.35355339059327373 0.35355339059327373 0.35355339059327373 -0.35355339059327373 0.35355339059327373 0.35355339059327373 0.35355339059327373 0 0 0 0
0 0 0 0 0.35355339059327373 -0.35355339059327373 0.35355339059327373 0.35355339059327373 -0.35355339059327373 0.35355339059327373 -0.35355339059327373 -0.35355339059327373 0 0 0 0
0 0 0 0 0.35355339059327373 -0.35355339059327373 0.35355339059327373 0.35355339059327373 -0.35355339059327373 -0.35355339059327373 0.35355339059327373 -0.35355339059327373 0 0 0 0
0 0 0 0 0.35355339059327373 -0.35355339059327373 0.35355339059327373 0.35355339059327373 -0.35355339059327373 -0.35355339059327373 -0.35355339059327373 0.35355339059327373 0 0 0 0
0 0 0 0 0.35355339059327373 -0.35355339059327373 0.35355339059327373 -0.35355339059327373 0.35355339059327373 0.35355339059327373 0.35355339059327373 0.35355339059327373 0 0 0 0
0 0 0 0 0.35355339059327373 -0.35355339059327373 0.35355339059327373 -0.35355339059327373 0.35355339059327373 0.35355339059327373 -0.35355339059327373 -0.35355339059327373 0 0 0 0
0 0 0 0 0.35355339059327373 -0.35355339059327373 0.35355339059327373 -0.35355339059327373 0.35355339059327373 -0.35355339059327373 0.35355339059327373 -0.35355339059327373 0 0 0 0
0 0 0 0 0.35355339059327373 -0.35355339059327373 0.35355339059327373 -0.35355339059327373 0.35355339059327373 -0.35355339059327373 -0.35355339059327373 0.35355339059327373 0 0 0 0
0 0 0 0 0.35355339059327373 -0.35355339059327373 0.35355339059327373 -0.35355339059327373 -0.35355339059327373 0.35355339059327373 0.35355339059327373 -0.35355339059327373 0 0 0 0
0 0 0 0 0.35355339059327373 -0.35355339059327373 0.35355339059327373 -0.35355339059327373 -0.35355339059327373 0.35355339059327373 -0.35355339059327373 0.35355339059327373 0 0 0 0
0 0 0 0 0.35355339059327373 -0.35355339059327373 0.35355339059327373 -0.35355339059327373 -0.35355339059327373 -0.35355339059327373 0.35355339059327373 0.35355339059327373 0 0 0 0
0 0 0 0 0.35355339059327373 -0.35355339059327373 0.35355339059327373 -0.35355339059327373 -0.35355339059327373 -0.35355339059327373 -0.35355339059327373 -0.35355339059327373 0 0 0 0
0 0 0 0 0.35355339059327373 -0.35355339059327373 -0.35355339059327373 0.35355339059327373 0.35355339059327373 0.35355339059327373 0.35355339059327373 0.35355339059327373 0 0 0 0
0 0 0 0 0.35355339059327373 -0.35355339059327373 -0.35355339059327373 0.35355339059327373 0.35355339059327373 0.35355339059327373 -0.35355339059327373 -0.35355339059327373 0 0 0 0
0 0 0 0 0.35355339059327373 -0.35355339059327373 -0.35355339059327373 0.35355339059327373 0.35355339059327373 -0.35355339059327373 0.35355339059327373 -0.35355339059327373 0 0 0 0
0 0 0 0 0.35355339059327373 -0.35355339059327373 -0.35355339059327373 0.35355339059327373 0.35355339059327373 -0.35355339059327373 -0.35355339059327373 0.35355339059327373 0 0 0 0
0 0 0 0 0.35355339059327373 -0.35355339059327373 -0.35355339059327373 0.35355339059327373 -0.35355339059327373 0.35355339059327373 0.35355339059327373 -0.35355339059327373 0 0 0 0
0 0 0 0 0.35355339059327373 -0.35355339059327373 -0.35355339059327373 0.35355339059327373 -0.35355339059327373 0.35355339059327373 -0.35355339059327373 0.35355339059327373 0 0 0 0
0 0 0 0 0.35355339059327373 -0.35355339059327373 -0.35355339059327373 0.35355339059327373 -0.35355339059327373 -0.35355339059327373 0.35355339059327373 0.35355339059327373 0 0 0 0
0 0 0 0 0.35355339059327373 -0.35355339059327373 -0.35355339059327373 0.35355339059327373 -0.35355339059327373 -0.35355339059327373 -0.35355339059327373 -0.35355339059327373 0 0 0 0
0 0 0 0 0.35355339059327373 -0.35355339059327373 -0.35355339059327373 -0.35355339059327373 0.35355339059327373 0.35355339059327373 0.35355339059327373 -0.35355339059327373 0 0 0 0
0 0 0 0 0.35355339059327373 -0.35355339059327373 -0.35355339059327373 -0.35355339059327373 0.35355339059327373 0.35355339059327373 -0.35355339059327373 0.35355339059327373 0 0 0 0
0 0 0 0 0.35355339059327373 -0.35355339059327373 -0.35355339059327373 -0.35355339059327373 0.35355339059327373 -0.35355339059327373 0.35355339059327373 0.35355339059327373 0 0 0 0
0 0 0 0 0.35355339059327373 -0.35355339059327373 -0.35355339059327373 -0.35355339059327373 0.35355339059327373 -0.35355339059327373 -0.35355339059327373 -0.35355339059327373 0 0 0 0
0 0 0 0 0.35355339059327373 -0.35355339059327373 -0.35355339059327373 -0.35355339059327373 -0.35355339059327373 0.35355339059327373 0.35355339059327373 0.35355339059327373 0 0 0 0
0 0 0 0 0.35355339059327373 -0.35355339059327373 -0.35355339059327373 -0.35355339059327373 -0.35355339059327373 0.35355339059327373 -0.35355339059327373 -0.35355339059327373 0 0 0 0
0 0 0 0 0.35355339059327373 -0.35355339059327373 -0.35355339059327373 -0.35355339059327373 -0.35355339059327373 -0.35355339059327373 0.35355339059327373 -0.35355339059327373 0 0 0 0
0 0 0 0 0.35355339059327373 -0.35355339059327373 -0.35355339059327373 -0.35355339059327373 -0.35355339059327373 -0.35355339059327373 -0.35355339059327373 0.35355339059327373 0 0 0 0
0 0 0 0 -0.35355339059327373 0.35355339059327373 0.35355339059327373 0.35355339059327373 0.35355339059327373 0.35355339059327373 0.35355339059327373 -0.35355339059327373 0 0 0 0
0 0 0 0 -0.35355339059327373 0.35355339059327373 0.35355339059327373 0.35355339059327373 0.35355339059327373 0.35355339059327373 -0.35355339059327373 0.35355339059327373 0 0 0 0
0 0 0 0 -0.35355339059327373 0.35355339059327373 0.35355339059327373 0.35355339059327373 0.35355339059327373 -0.35355339059327373 0.35355339059327373 0.35355339059327373 0 0 0 0
0 0 0 0 -0.35355339059327373 0.35355339059327373 0.35355339059327373 0.35355339059327373 0.35355339059327373 -0.35355339059327373 -0.35355339059327373 -0.35355339059327373 0 0 0 0
0 0 0 0 -0.35355339059327373 0.35355339059327373 0.35355339059327373 0.35355339059327373 -0.35355339059327373 0.35355339059327373 0.35355339059327373 0.35355339059327373 0 0 0 0
0 0 0 0 -0.35355339059327373 0.35355339059327373 0.35355339059327373 0.35355339059327373 -0.35355339059327373 0.35355339059327373 -0.35355339059327373 -0.35355339059327373 0 0 0 0
0 0 0 0 -0.35355339059327373 0.35355339059327373 0.35355339059327373 0.35355339059327373 -0.35355339059327373 -0.35355339059327373 0.35355339059327373 -0.35355339059327373 0 0 0 0
0 0 0 0 -0.35355339059327373 0.35355339059327373 0.35355339059327373 0.35355339059327373 -0.35355339059327373 -0.35355339059327373 -0.35355339059327373 0.35355339059327373 0 0 0 0
0 0 0 0 -0.35355339059327373 0.35355339059327373 0.35355339059327373 -0.35355339059327373 0.35355339059327373 0.35355339059327373 0.35355339059327373 0.35355339059327373 0 0 0 0
0 0 0 0 -0.35355339059327373 0.35355339059327373 0.35355339059327373 -0.35355339059327373 0.35355339059327373 0.35355339059327373 -0.35355339059327373 -0.35355339059327373 0 0 0 0
0 0 0 0 -0.35355339059327373 0.35355339059327373 0.35355339059327373 -0.35355339059327373 0.35355339059327373 -0.35355339059327373 0.35355339059327373 -0.35355339059327373 0 0 0 0
0 0 0 0 -0.35355339059327373 0.35355339059327373 0.35355339059327373 -0.35355339059327373 0.35355339059327373 -0.35355339059327373 -0.35355339059327373 0.35355339059327373 0 0 0 0
0 0 0 0 -0.35355339059327373 0.35355339059327373 0.35355339059327373 -0.35355339059327373 -0.35355339059327373 0.35355339059327373 0.35355339059327373 -0.35355339059327373 0 0 0 0
0 0 0 0 -0.35355339059327373 0.35355339059327373 0.35355339059327373 -0.35355339059327373 -0.35355339059327373 0.35355339059327373 -0.35355339059327373 0.35355339059327373 0 0 0 0
0 0 0 0 -0.35355339059327373 0.35355339059327373 0.35355339059327373 -0.35355339059327373 -0.35355339059327373 -0.35355339059327373 0.35355339059327373 0.35355339059327373 0 0 0 0
0 0 0 0 -0.35355339059327373 0.35355339059327373 0.35355339059327373 -0.35355339059327373 -0.35355339059327373 -0.35355339059327373 -0.35355339059327373 -0.35355339059327373 0 0 0 0
0 0 0 0 -0.35355339059327373 0.35355339059327373 -0.35355339059327373 0.35355339059327373 0.35355339059327373 0.35355339059327373 0.35355339059327373 0.35355339059327373 0 0 0 0
0 0 0 0 -0.35355339059327373 0.35355339059327373 -0.35355339059327373 0.35355339059327373 0.35355339059327373 0.35355339059327373 -0.35355339059327373 -0.35355339059327373 0 0 0 0
0 0 0 0 -0.35355339059327373 0.35355339059327373 -0.35355339059327373 0.35355339059327373 0.35355339059327373 -0.35355339059327373 0.35355339059327373 -0.35355339059327373 0 0 0 0
0 0 0 0 -0.35355339059327373 0.35355339059327373 -0.35355339059327373 0.35355339059327373 0.35355339059327373 -0.35355339059327373 -0.35355339059327373 0.35355339059327373 0 0 0 0
0 0 0 0 -0.35355339059327373 0.35355339059327373 -0.35355339059327373 0.35355339059327373 -0.35355339059327373 0.35355339059327373 0.35355339059327373 -0.35355339059327373 0 0 0 0
0 0 0 0 -0.35355339059327373 0.35355339059327373 -0.35355339059327373 0.35355339059327373 -0.35355339059327373 0.35355339059327373 -0.35355339059327373 0.35355339059327373 0 0 0 0
0 0 0 0 -0.35355339059327373 0.35355339059327373 -0.35355339059327373 0.35355339059327373 -0.35355339059327373 -0.35355339059327373 0.35355339059327373 0.35355339059327373 0 0 0 0
0 0 0 0 -0.35355339059327373 0.35355339059327373 -0.35355339059327373 0.35355339059327373 -0.35355339059327373 -0.35355339059327373 -0.35355339059327373 -0.35355339059327373 0 0 0 0
0 0 0 0 -0.35355339059327373 0.35355339059327373 -0.35355339059327373 -0.35355339059327373 0.35355339059327373 0.35355339059327373 0.35355339059327373 -0.35355339059327373 0 0 0 0
0 0 0 0 -0.35355339059327373 0.35355339059327373 -0.35355339059327373 -0.35355339059327373 0.35355339059327373 0.35355339059327373 -0.35355339059327373 0.35355339059327373 0 0 0 0
0 0 0 0 -0.35355339059327373 0.35355339059327373 -0.35355339059327373 -0.35355339059327373 0.35355339059327373 -0.35355339059327373 0.35355339059327373 0.35355339059327373 0 0 0 0
0 0 0 0 -0.35355339059327373 0.35355339059327373 -0.35355339059327373 -0.35355339059327373 0.35355339059327373 -0.35355339059327373 -0.35355339059327373 -0.35355339059327373 0 0 0 0
0 0 0 0 -0.35355339059327373 0.35355339059327373 -0.35355339059327373 -0.35355339059327373 -0.35355339059327373 0.35355339059327373 0.35355339059327373 0.35355339059327373 0 0 0 0
0 0 0 0 -0.35355339059327373 0.35355339059327373 -0.35355339059327373 -0.35355339059327373 -0.35355339059327373 0.35355339059327373 -0.35355339059327373 -0.35355339059327373 0 0 0 0
0 0 0 0 -0.35355339059327373 0.35355339059327373 -0.35355339059327373 -0.35355339059327373 -0.35355339059327373 -0.35355339059327373 0.35355339059327373 -0.35355339059327373 0 0 0 0
0 0 0 0 -0.35355339059327373 0.35355339059327373 -0.35355339059327373 -0.35355339059327373 -0.35355339059327373 -0.35355339059327373 -0.35355339059327373 0.35355339059327373 0 0 0 0
0 0 0 0 -0.35355339059327373 -0.35355339059327373 0.35355339059327373 0.35355339059327373 0.35355339059327373 0.35355339059327373 0.35355339059327373 0.35355339059327373 0 0 0 0
0 0 0 0 -0.35355339059327373 -0.35355339059327373 0.35355339059327373 0.35355339059327373 0.35355339059327373 0.35355339059327373 -0.35355339059327373 -0.35355339059327373 0 0 0 0
0 0 0 0 -0.35355339059327373 -0.35355339059327373 0.35355339059327373 0.35355339059327373 0.35355339059327373 -0.35355339059327373 0.35355339059327373 -0.35355339059327373 0 0 0 0
0 0 0 0 -0.35355339059327373 -0.35355339059327373 0.35355339059327373 0.35355339059327373 0.35355339059327373 -0.35355339059327373 -0.35355339059327373 0.35355339059327373 0 0 0 0
0 0 0 0 -0.35355339059327373 -0.35355339059327373 0.35355339059327373 0.35355339059327373 -0.35355339059327373 0.35355339059327373 0.35355339059327373 -0.35355339059327373 0 0 0 0
0 0 0 0 -0.35355339059327373 -0.35355339059327373 0.35355339059327373 0.35355339059327373 -0.35355339059327373 0.35355339059327373 -0.35355339059327373 0.35355339059327373 0 0 0 0
0 0 0 0 -0.35355339059327373 -0.35355339059327373 0.35355339059327373 0.35355339059327373 -0.35355339059327373 -0.35355339059327373 0.35355339059327373 0.35355339059327373 0 0 0 0
0 0 0 0 -0.35355339059327373 -0.35355339059327373 0.35355339059327373 0.35355339059327373 -0.35355339059327373 -0.35355339059327373 -0.35355339059327373 -0.35355339059327373 0 0 0 0
0 0 0 0 -0.35355339059327373 -0.35355339059327373 0.35355339059327373 -0.35355339059327373 0.35355339059327373 0.35355339059327373 0.35355339059327373 -0.35355339059327373 0 0 0 0
0 0 0 0 -0.35355339059327373 -0.35355339059327373 0.35355339059327373 -0.35355339059327373 0.35355339059327373 0.35355339059327373 -0.35355339059327373 0.35355339059327373 0 0 0 0
0 0 0 0 -0.35355339059327373 -0.35355339059327373 0.35355339059327373 -0.35355339059327373 0.35355339059327373 -0.35355339059327373 0.35355339059327373 0.35355339059327373 0 0 0 0
0 0 0 0 -0.35355339059327373 -0.35355339059327373 0.35355339059327373 -0.35355339059327373 0.35355339059327373 -0.35355339059327373 -0.35355339059327373 -0.35355339059327373 0 0 0 0
0 0 0 0 -0.35355339059327373 -0.35355339059327373 0.35355339059327373 -0.35355339059327373 -0.35355339059327373 0.35355339059327373 0.35355339059327373 0.35355339059327373 0 0 0 0
0 0 0 0 -0.35355339059327373 -0.35355339059327373 0.35355339059327373 -0.35355339059327373 -0.35355339059327373 0.35355339059327373 -0.35355339059327373 -0.35355339059327373 0 0 0 0
0 0 0 0 -0.35355339059327373 -0.35355339059327373 0.35355339059327373 -0.35355339059327373 -0.35355339059327373 -0.35355339059327373 0.35355339059327373 -0.35355339059327373 0 0 0 0
0 0 0 0 -0.35355339059327373 -0.35355339059327373 0.35355339059327373 -0.35355339059327373 -0.35355339059327373 -0.35355339059327373 -0.35355339059327373 0.35355339059327373 0 0 0 0
0 0 0 0 -0.35355339059327373 -0.35355339059327373 -0.35355339059327373 0.35355339059327373 0.35355339059327373 0.35355339059327373 0.35355339059327373 -0.35355339059327373 0 0 0 0
0 0 0 0 -0.35355339059327373 -0.35355339059327373 -0.35355339059327373 0.35355339059327373 0.35355339059327373 0.35355339059327373 -0.35355339059327373 0.35355339059327373 0 0 0 0
0 0 0 0 -0.35355339059327373 -0.35355339059327373 -0.35355339059327373 0.35355339059327373 0.35355339059327373 -0.35355339059327373 0.35355339059327373 0.35355339059327373 0 0 0 0
0 0 0 0 -0.35355339059327373 -0.35355339059327373 -0.35355339059327373 0.35355339059327373 0.35355339059327373 -0.35355339059327373 -0.35355339059327373 -0.35355339059327373 0 0 0 0
0 0 0 0 -0.35355339059327373 -0.35355339059327373 -0.35355339059327373 0.35355339059327373 -0.35355339059327373 0.35355339059327373 0.35355339059327373 0.35355339059327373 0 0 0 0
0 0 0 0 -0.35355339059327373 -0.35355339059327373 -0.35355339059327373 0.35355339059327373 -0.35355339059327373 0.35355339059327373 -0.35355339059327373 -0.35355339059327373 0 0 0 0
0 0 0 0 -0.35355339059327373 -0.35355339059327373 -0.35355339059327373 0.35355339059327373 -0.35355339059327373 -0.35355339059327373 0.35355339059327373 -0.35355339059327373 0 0 0 0
0 0 0 0 -0.35355339059327373 -0.35355339059327373 -0.35355339059327373 0.35355339059327373 -0.35355339059327373 -0.35355339059327373 -0.35355339059327373 0.35355339059327373 0 0 0 0
0 0 0 0 -0.35355339059327373 -0.35355339059327373 -0.35355339059327373 -0.35355339059327373 0.35355339059327373 0.35355339059327373 0.35355339059327373 0.35355339059327373 0 0 0 0
0 0 0 0 -0.35355339059327373 -0.35355339059327373 -0.35355339059327373 -0.35355339059327373 0.35355339059327373 0.35355339059327373 -0.35355339059327373 -0.35355339059327373 0 0 0 0
0 0 0 0 -0.35355339059327373 -0.35355339059327373 -0.35355339059327373 -0.35355339059327373 0.35355339059327373 -0.35355339059327373 0.35355339059327373 -0.35355339059327373 0 0 0 0
0 0 0 0 -0.35355339059327373 -0.35355339059327373 -0.35355339059327373 -0.35355339059327373 0.35355339059327373 -0.35355339059327373 -0.35355339059327373 0.35355339059327373 0 0 0 0
0 0 0 0 -0.35355339059327373 -0.35355339059327373 -0.35355339059327373 -0.35355339059327373 -0.35355339059327373 0.35355339059327373 0.35355339059327373 -0.35355339059327373 0 0 0 0
0 0 0 0 -0.35355339059327373 -0.35355339059327373 -0.35355339059327373 -0.35355339059327373 -0.35355339059327373 0.35355339059327373 -0.35355339059327373 0.35355339059327373 0 0 0 0
0 0 0 0 -0.35355339059327373 -0.35355339059327373 -0.35355339059327373 -0.35355339059327373 -0.35355339059327373 -0.35355339059327373 0.35355339059327373 0.35355339059327373 0 0 0 0
0 0 0 0 -0.35355339059327373 -0.35355339059327373 -0.35355339059327373 -0.35355339059327373 -0.35355339059327373 -0.35355339059327373 -0.35355339059327373 -0.35355339059327373 0 0 0 0
0.35355339059327373 0.35355339059327373 0.35355339059327373 0.35355339059327373 0 0 0 0 0 0 0 0 0.35355339059327373 0.35355339059327373 0.35355339059327373 0.35355339059327373
0.35355339059327373 0.35355339059327373 0.35355339059327373 0.35355339059327373 0 0 0 0 0 0 0 0 0.35355339059327373 0.35355339059327373 -0.35355339059327373 -0.35355339059327373
0.35355339059327373 0.35355339059327373 0.35355339059327373 0.35355339059327373 0 0 0 0 0 0 0 0 0.35355339059327373 -0.35355339059327373 0.35355339059327373 -0.35355339059327373
0.35355339059327373 0.35355339059327373 0.35355339059327373 0.35355339059327373 0 0 0 0 0 0 0 0 0.35355339059327373 -0.35355339059327373 -0.35355339059327373 0.35355339059327373
0.35355339059327373 0.35355339059327373 0.35355339059327373 0.35355339059327373 0 0 0 0 0 0 0 0 -0.35355339059327373 0.35355339059327373 0.35355339059327373 -0.35355339059327373
0.35355339059327373 0.35355339059327373 0.35355339059327373 0.35355339059327373 0 0 0 0 0 0 0 0 -0.35355339059327373 0.35355339059327373 -0.35355339059327373 0.35355339059327373
0.35355339059327373 0.35355339059327373 0.35355339059327373 0.35355339059327373 0 0 0 0 0 0 0 0 -0.35355339059327373 -0.35355339059327373 0.35355339059327373 0.35355339059327373
0.35355339059327373 0.35355339059327373 0.35355339059327373 0.35355339059327373 0 0 0 0 0 0 0 0 -0.35355339059327373 -0.35355339059327373 -0.35355339059327373 -0.35355339059327373
0.35355339059327373 0.35355339059327373 0.35355339059327373 -0.35355339059327373 0 0 0 0 0 0 0 0 0.35355339059327373 0.35355339059327373 0.35355339059327373 -0.35355339059327373
0.35355339059327373 0.35355339059327373 0.35355339059327373 -0.35355339059327373 0 0 0 0 0 0 0 0 0.35355339059327373 0.35355339059327373 -0.35355339059327373 0.35355339059327373
0.35355339059327373 0.35355339059327373 0.35355339059327373 -0.35355339059327373 0 0 0 0 0 0 0 0 0.35355339059327373 -0.35355339059327373 0.35355339059327373 0.35355339059327373
0.35355339059327373 0.35355339059327373 0.35355339059327373 -0.35355339059327373 0 0 0 0 0 0 0 0 0.35355339059327373 -0.35355339059327373 -0.35355339059327373 -0.35355339059327373
0.35355339059327373 0.35355339059327373 0.35355339059327373 -0.35355339059327373 0 0 0 0 0 0 0 0 -0.35355339059327373 0.35355339059327373 0.35355339059327373 0.35355339059327373
0.35355339059327373 0.35355339059327373 0.35355339059327373 -0.35355339059327373 0 0 0 0 0 0 0 0 -0.35355339059327373 0.35355339059327373 -0.35355339059327373 -0.35355339059327373
0.35355339059327373 0.35355339059327373 0.35355339059327373 -0.35355339059327373 0 0 0 0 0 0 0 0 -0.35355339059327373 -0.35355339059327373 0.35355339059327373 -0.35355339059327373
0.35355339059327373 0.35355339059327373 0.35355339059327373 -0.35355339059327373 0 0 0 0 0 0 0 0 -0.35355339059327373 -0.35355339059327373 -0.35355339059327373 0.35355339059327373
0.35355339059327373 0.35355339059327373 -0.35355339059327373 0.35355339059327373 0 0 0 0 0 0 0 0 0.35355339059327373 0.35355339059327373 0.35355339059327373 -0.35355339059327373
0.35355339059327373 0.35355339059327373 -0.35355339059327373 0.35355339059327373 0 0 0 0 0 0 0 0 0.35355339059327373 0.35355339059327373 -0.35355339059327373 0.35355339059327373
0.35355339059327373 0.35355339059327373 -0.35355339059327373 0.35355339059327373 0 0 0 0 0 0 0 0 0.35355339059327373 -0.35355339059327373 0.35355339059327373 0.35355339059327373
0.35355339059327373 0.35355339059327373 -0.35355339059327373 0.35355339059327373 0 0 0 0 0 0 0 0 0.35355339059327373 -0.35355339059327373 -0.35355339059327373 -0.35355339059327373
0.35355339059327373 0.35355339059327373 -0.35355339059327373 0.35355339059327373 0 0 0 0 0 0 0 0 -0.35355339059327373 0.35355339059327373 0.35355339059327373 0.35355339059327373
0.35355339059327373 0.35355339059327373 -0.35355339059327373 0.35355339059327373 0 0 0 0 0 0 0 0 -0.35355339059327373 0.35355339059327373 -0.35355339059327373 -0.35355339059327373
0.35355339059327373 0.35355339059327373 -0.35355339059327373 0.35355339059327373 0 0 0 0 0 0 0 0 -0.35355339059327373 -0.35355339059327373 0.35355339059327373 -0.35355339059327373
0.35355339059327373 0.35355339059327373 -0.35355339059327373 0.35355339059327373 0 0 0 0 0 0 0 0 -0.35355339059327373 -0.35355339059327373 -0.35355339059327373 0.35355339059327373
0.35355339059327373 0.35355339059327373 -0.35355339059327373 -0.35355339059327373 0 0 0 0 0 0 0 0 0.35355339059327373 0.35355339059327373 0.35355339059327373 0.35355339059327373
0.35355339059327373 0.35355339059327373 -0.35355339059327373 -0.35355339059327373 0 0 0 0 0 0 0 0 0.35355339059327373 0.35355339059327373 -0.35355339059327373 -0.35355339059327373
0.35355339059327373 0.35355339059327373 -0.35355339059327373 -0.35355339059327373 0 0 0 0 0 0 0 0 0.35355339059327373 -0.35355339059327373 0.35355339059327373 -0.35355339059327373
0.35355339059327373 0.35355339059327373 -0.35355339059327373 -0.35355339059327373 0 0 0 0 0 0 0 0 0.35355339059327373 -0.35355339059327373 -0.35355339059327373 0.35355339059327373
0.35355339059327373 0.35355339059327373 -0.35355339059327373 -0.35355339059327373 0 0 0 0 0 0 0 0 -0.35355339059327373 0.35355339059327373 0.35355339059327373 -0.35355339059327373
0.35355339059327373 0.35355339059327373 -0.35355339059327373 -0.35355339059327373 0 0 0 0 0 0 0 0 -0.35355339059327373 0.35355339059327373 -0.35355339059327373 0.35355339059327373
0.35355339059327373 0.35355339059327373 -0.35355339059327373 -0.35355339059327373 0 0 0 0 0 0 0 0 -0.35355339059327373 -0.35355339059327373 0.35355339059327373 0.35355339059327373
0.35355339059327373 0.35355339059327373 -0.35355339059327373 -0.35355339059327373 0 0 0 0 0 0 0 0 -0.35355339059327373 -0.35355339059327373 -0.35355339059327373 -0.35355339059327373
0.35355339059327373 -0.35355339059327373 0.35355339059327373 0.35355339059327373 0 0 0 0 0 0 0 0 0.35355339059327373 0.35355339059327373 0.35355339059327373 -0.35355339059327373
0.35355339059327373 -0.35355339059327373 0.35355339059327373 0.35355339059327373 0 0 0 0 0 0 0 0 0.35355339059327373 0.35355339059327373 -0.35355339059327373 0.35355339059327373
0.35355339059327373 -0.35355339059327373 0.35355339059327373 0.35355339059327373 0 0 0 0 0 0 0 0 0.35355339059327373 -0.35355339059327373 0.35355339059327373 0.35355339059327373
0.35355339059327373 -0.35355339059327373 0.35355339059327373 0.35355339059327373 0 0 0 0 0 0 0 0 0.35355339059327373 -0.35355339059327373 -0.35355339059327373 -0.35355339059327373
0.35355339059327373 -0.35355339059327373 0.35355339059327373 0.35355339059327373 0 0 0 0 0 0 0 0 -0.35355339059327373 0.35355339059327373 0.35355339059327373 0.35355339059327373
0.35355339059327373 -0.35355339059327373 0.35355339059327373 0.35355339059327373 0 0 0 0 0 0 0 0 -0.35355339059327373 0.35355339059327373 -0.35355339059327373 -0.35355339059327373
0.35355339059327373 -0.35355339059327373 0.35355339059327373 0.35355339059327373 0 0 0 0 0 0 0 0 -0.35355339059327373 -0.35355339059327373 0.35355339059327373 -0.35355339059327373
0.35355339059327373 -0.35355339059327373 0.35355339059327373 0.35355339059327373 0 0 0 0 0 0 0 0 -0.35355339059327373 -0.35355339059327373 -0.35355339059327373 0.35355339059327373
0.35355339059327373 -0.35355339059327373 0.35355339059327373 -0.35355339059327373 0 0 0 0 0 0 0 0 0.35355339059327373 0.35355339059327373 0.35355339059327373 0.35355339059327373
0.35355339059327373 -0.35355339059327373 0.35355339059327373 -0.35355339059327373 0 0 0 0 0 0 0 0 0.35355339059327373 0.35355339059327373 -0.35355339059327373 -0.35355339059327373
0.35355339059327373 -0.35355339059327373 0.35355339059327373 -0.35355339059327373 0 0 0 0 0 0 0 0 0.35355339059327373 -0.35355339059327373 0.35355339059327373 -0.35355339059327373
0.35355339059327373 -0.35355339059327373 0.35355339059327373 -0.35355339059327373 0 0 0 0 0 0 0 0 0.35355339059327373 -0.35355339059327373 -0.35355339059327373 0.35355339059327373
0.35355339059327373 -0.35355339059327373 0.35355339059327373 -0.35355339059327373 0 0 0 0 0 0 0 0 -0.35355339059327373 0.35355339059327373 0.35355339059327373 -0.35355339059327373
0.35355339059327373 -0.35355339059327373 0.35355339059327373 -0.35355339059327373 0 0 0 0 0 0 0 0 -0.35355339059327373 0.35355339059327373 -0.35355339059327373 0.35355339059327373
0.35355339059327373 -0.35355339059327373 0.35355339059327373 -0.35355339059327373 0 0 0 0 0 0 0 0 -0.35355339059327373 -0.35355339059327373 0.35355339059327373 0.35355339059327373
0.35355339059327373 -0.35355339059327373 0.35355339059327373 -0.35355339059327373 0 0 0 0 0 0 0 0 -0.35355339059327373 -0.35355339059327373 -0.35355339059327373 -0.35355339059327373
0.35355339059327373 -0.35355339059327373 -0.35355339059327373 0.35355339059327373 0 0 0 0 0 0 0 0 0.35355339059327373 0.35355339059327373 0.35355339059327373 0.35355339059327373
0.35355339059327373 -0.35355339059327373 -0.35355339059327373 0.35355339059327373 0 0 0 0 0 0 0 0 0.35355339059327373 0.35355339059327373 -0.35355339059327373 -0.35355339059327373
0.35355339059327373 -0.35355339059327373 -0.35355339059327373 0.35355339059327373 0 0 0 0 0 0 0 0 0.35355339059327373 -0.35355339059327373 0.35355339059327373 -0.35355339059327373
0.35355339059327373 -0.35355339059327373 -0.35355339059327373 0.35355339059327373 0 0 0 0 0 0 0 0 0.35355339059327373 -0.35355339059327373 -0.35355339059327373 0.35355339059327373
0.35355339059327373 -0.35355339059327373 -0.35355339059327373 0.35355339059327373 0 0 0 0 0 0 0 0 -0.35355339059327373 0.35355339059327373 0.35355339059327373 -0.35355339059327373
0.35355339059327373 -0.35355339059327373 -0.35355339059327373 0.35355339059327373 0 0 0 0 0 0 0 0 -0.35355339059327373 0.35355339059327373 -0.35355339059327373 0.35355339059327373
0.35355339059327373 -0.35355339059327373 -0.35355339059327373 0.35355339059327373 0 0 0 0 0 0 0 0 -0.35355339059327373 -0.35355339059327373 0.35355339059327373 0.35355339059327373
0.35355339059327373 -0.35355339059327373 -0.35355339059327373 0.35355339059327373 0 0 0 0 0 0 0 0 -0.35355339059327373 -0.35355339059327373 -0.35355339059327373 -0.35355339059327373
0.35355339059327373 -0.35355339059327373 -0.35355339059327373 -0.35355339059327373 0 0 0 0 0 0 0 0 0.35355339059327373 0.35355339059327373 0.35355339059327373 -0.35355339059327373
0.35355339059327373 -0.35355339059327373 -0.35355339059327373 -0.35355339059327373 0 0 0 0 0 0 0 0 0.35355339059327373 0.35355339059327373 -0.35355339059327373 0.35355339059327373
0.35355339059327373 -0.35355339059327373 -0.35355339059327373 -0.35355339059327373 0 0 0 0 0 0 0 0 0.35355339059327373 -0.35355339059327373 0.35355339059327373 0.35355339059327373
0.35355339059327373 -0.35355339059327373 -0.35355339059327373 -0.35355339059327373 0 0 0 0 0 0 0 0 0.35355339059327373 -0.35355339059327373 -0.35355339059327373 -0.35355339059327373
0.35355339059327373 -0.35355339059327373 -0.35355339059327373 -0.35355339059327373 0 0 0 0 0 0 0 0 -0.35355339059327373 0.35355339059327373 0.35355339059327373 0.35355339059327373
0.35355339059327373 -0.35355339059327373 -0.35355339059327373 -0.35355339059327373 0 0 0 0 0 0 0 0 -0.35355339059327373 0.35355339059327373 -0.35355339059327373 -0.35355339059327373
0.35355339059327373 -0.35355339059327373 -0.35355339059327373 -0.35355339059327373 0 0 0 0 0 0 0 0 -0.35355339059327373 -0.35355339059327373 0.35355339059327373 -0.35355339059327373
0.35355339059327373 -0.35355339059327373 -0.35355339059327373 -0.35355339059327373 0 0 0 0 0 0 0 0 -0.35355339059327373 -0.35355339059327373 -0.35355339059327373 0.35355339059327373
-0.35355339059327373 0.35355339059327373 0.35355339059327373 0.35355339059327373 0 0 0 0 0 0 0 0 0.35355339059327373 0.35355339059327373 0.35355339059327373 -0.35355339059327373
-0.35355339059327373 0.35355339059327373 0.35355339059327373 0.35355339059327373 0 0 0 0 0 0 0 0 0.35355339059327373 0.35355339059327373 -0.35355339059327373 0.35355339059327373
-0.35355339059327373 0.35355339059327373 0.35355339059327373 0.35355339059327373 0 0 0 0 0 0 0 0 0.35355339059327373 -0.35355339059327373 0.35355339059327373 0.35355339059327373
-0.35355339059327373 0.35355339059327373 0.35355339059327373 0.35355339059327373 0 0 0 0 0 0 0 0 0.35355339059327373 -0.35355339059327373 -0.35355339059327373 -0.35355339059327373
-0.35355339059327373 0.35355339059327373 0.35355339059327373 0.35355339059327373 0 0 0 0 0 0 0 0 -0.35355339059327373 0.35355339059327373 0.35355339059327373 0.35355339059327373
-0.35355339059327373 0.35355339059327373 0.35355339059327373 0.35355339059327373 0 0 0 0 0 0 0 0 -0.35355339059327373 0.35355339059327373 -0.35355339059327373 -0.35355339059327373
-0.35355339059327373 0.35355339059327373 0.35355339059327373 0.35355339059327373 0 0 0 0 0 0 0 0 -0.35355339059327373 -0.35355339059327373 0.35355339059327373 -0.35355339059327373
-0.35355339059327373 0.35355339059327373 0.35355339059327373 0.35355339059327373 0 0 0 0 0 0 0 0 -0.35355339059327373 -0.35355339059327373 -0.35355339059327373 0.35355339059327373
-0.35355339059327373 0.35355339059327373 0.35355339059327373 -0.35355339059327373 0 0 0 0 0 0 0 0 0.35355339059327373 0.35355339059327373 0.35355339059327373 0.35355339059327373
-0.35355339059327373 0.35355339059327373 0.35355339059327373 -0.35355339059327373 0 0 0 0 0 0 0 0 0.35355339059327373 0.35355339059327373 -0.35355339059327373 -0.35355339059327373
-0.35355339059327373 0.35355339059327373 0.35355339059327373 -0.35355339059327373 0 0 0 0 0 0 0 0 0.35355339059327373 -0.35355339059327373 0.35355339059327373 -0.35355339059327373
-0.35355339059327373 0.35355339059327373 0.35355339059327373 -0.35355339059327373 0 0 0 0 0 0 0 0 0.35355339059327373 -0.35355339059327373 -0.35355339059327373 0.35355339059327373
-0.35355339059327373 0.35355339059327373 0.35355339059327373 -0.35355339059327373 0 0 0 0 0 0 0 0 -0.35355339059327373 0.35355339059327373 0.35355339059327373 -0.35355339059327373
-0.35355339059327373 0.35355339059327373 0.35355339059327373 -0.35355339059327373 0 0 0 0 0 0 0 0 -0.35355339059327373 0.35355339059327373 -0.35355339059327373 0.35355339059327373
-0.35355339059327373 0.35355339059327373 0.35355339059327373 -0.35355339059327373 0 0 0 0 0 0 0 0 -0.35355339059327373 -0.35355339059327373 0.35355339059327373 0.35355339059327373
-0.35355339059327373 0.35355339059327373 0.35355339059327373 -0.35355339059327373 0 0 0 0 0 0 0 0 -0.35355339059327373 -0.35355339059327373 -0.35355339059327373 -0.35355339059327373
-0.35355339059327373 0.35355339059327373 -0.35355339059327373 0.35355339059327373 0 0 0 0 0 0 0 0 0.35355339059327373 0.35355339059327373 0.35355339059327373 0.35355339059327373
-0.35355339059327373 0.35355339059327373 -0.35355339059327373 0.35355339059327373 0 0 0 0 0 0 0 0 0.35355339059327373 0.35355339059327373 -0.35355339059327373 -0.35355339059327373
-0.35355339059327373 0.35355339059327373 -0.35355339059327373 0.35355339059327373 0 0 0 0 0 0 0 0 0.35355339059327373 -0.35355339059327373 0.35355339059327373 -0.35355339059327373
-0.35355339059327373 0.35355339059327373 -0.35355339059327373 0.35355339059327373 0 0 0 0 0 0 0 0 0.35355339059327373 -0.35355339059327373 -0.35355339059327373 0.35355339059327373
-0.35355339059327373 0.35355339059327373 -0.35355339059327373 0.35355339059327373 0 0 0 0 0 0 0 0 -0.35355339059327373 0.35355339059327373 0.35355339059327373 -0.35355339059327373
-0.35355339059327373 0.35355339059327373 -0.35355339059327373 0.35355339059327373 0 0 0 0 0 0 0 0 -0.35355339059327373 0.35355339059327373 -0.35355339059327373 0.35355339059327373
-0.35355339059327373 0.35355339059327373 -0.35355339059327373 0.35355339059327373 0 0 0 0 0 0 0 0 -0.35355339059327373 -0.35355339059327373 0.35355339059327373 0.35355339059327373
-0.35355339059327373 0.35355339059327373 -0.35355339059327373 0.35355339059327373 0 0 0 0 0 0 0 0 -0.35355339059327373 -0.35355339059327373 -0.35355339059327373 -0.35355339059327373
-0.35355339059327373 0.35355339059327373 -0.35355339059327373 -0.35355339059327373 0 0 0 0 0 0 0 0 0.35355339059327373 0.35355339059327373 0.35355339059327373 -0.35355339059327373
-0.35355339059327373 0.35355339059327373 -0.35355339059327373 -0.35355339059327373 0 0 0 0 0 0 0 0 0.35355339059327373 0.35355339059327373 -0.35355339059327373 0.35355339059327373
-0.35355339059327373 0.35355339059327373 -0.35355339059327373 -0.35355339059327373 0 0 0 0 0 0 0 0 0.35355339059327373 -0.35355339059327373 0.35355339059327373 0.35355339059327373
-0.35355339059327373 0.35355339059327373 -0.35355339059327373 -0.35355339059327373 0 0 0 0 0 0 0 0 0.35355339059327373 -0.35355339059327373 -0.35355339059327373 -0.35355339059327373
-0.35355339059327373 0.35355339059327373 -0.35355339059327373 -0.35355339059327373 0 0 0 0 0 0 0 0 -0.35355339059327373 0.35355339059327373 0.35355339059327373 0.35355339059327373
-0.35355339059327373 0.35355339059327373 -0.35355339059327373 -0.35355339059327373 0 0 0 0 0 0 0 0 -0.35355339059327373 0.35355339059327373 -0.35355339059327373 -0.35355339059327373
-0.35355339059327373 0.35355339059327373 -0.35355339059327373 -0.35355339059327373 0 0 0 0 0 0 0 0 -0.35355339059327373 -0.35355339059327373 0.35355339059327373 -0.35355339059327373
-0.35355339059327373 0.35355339059327373 -0.35355339059327373 -0.35355339059327373 0 0 0 0 0 0 0 0 -0.35355339059327373 -0.35355339059327373 -0.35355339059327373 0.35355339059327373
-0.35355339059327373 -0.35355339059327373 0.35355339059327373 0.35355339059327373 0 0 0 0 0 0 0 0 0.35355339059327373 0.35355339059327373 0.35355339059327373 0.35355339059327373
-0.35355339059327373 -0.35355339059327373 0.35355339059327373 0.35355339059327373 0 0 0 0 0 0 0 0 0.35355339059327373 0.35355339059327373 -0.35355339059327373 -0.35355339059327373
-0.35355339059327373 -0.35355339059327373 0.35355339059327373 0.35355339059327373 0 0 0 0 0 0 0 0 0.35355339059327373 -0.35355339059327373 0.35355339059327373 -0.35355339059327373
-0.35355339059327373 -0.35355339059327373 0.35355339059327373 0.35355339059327373 0 0 0 0 0 0 0 0 0.35355339059327373 -0.35355339059327373 -0.35355339059327373 0.35355339059327373
-0.35355339059327373 -0.35355339059327373 0.35355339059327373 0.35355339059327373 0 0 0 0 0 0 0 0 -0.35355339059327373 0.35355339059327373 0.35355339059327373 -0.35355339059327373
-0.35355339059327373 -0.35355339059327373 0.35355339059327373 0.35355339059327373 0 0 0 0 0 0 0 0 -0.35355339059327373 0.35355339059327373 -0.35355339059327373 0.35355339059327373
-0.35355339059327373 -0.35355339059327373 0.35355339059327373 0.35355339059327373 0 0 0 0 0 0 0 0 -0.35355339059327373 -0.35355339059327373 0.35355339059327373 0.35355339059327373
-0.35355339059327373 -0.35355339059327373 0.35355339059327373 0.35355339059327373 0 0 0 0 0 0 0 0 -0.35355339059327373 -0.35355339059327373 -0.35355339059327373 -0.35355339059327373
-0.35355339059327373 -0.35355339059327373 0.35355339059327373 -0.35355339059327373 0 0 0 0 0 0 0 0 0.35355339059327373 0.35355339059327373 0.35355339059327373 -0.35355339059327373
-0.35355339059327373 -0.35355339059327373 0.35355339059327373 -0.35355339059327373 0 0 0 0 0 0 0 0 0.35355339059327373 0.35355339059327373 -0.35355339059327373 0.35355339059327373
-0.35355339059327373 -0.35355339059327373 0.35355339059327373 -0.35355339059327373 0 0 0 0 0 0 0 0 0.35355339059327373 -0.35355339059327373 0.35355339059327373 0.35355339059327373
-0.35355339059327373 -0.35355339059327373 0.35355339059327373 -0.35355339059327373 0 0 0 0 0 0 0 0 0.35355339059327373 -0.35355339059327373 -0.35355339059327373 -0.35355339059327373
-0.35355339059327373 -0.35355339059327373 0.35355339059327373 -0.35355339059327373 0 0 0 0 0 0 0 0 -0.35355339059327373 0.35355339059327373 0.35355339059327373 0.35355339059327373
-0.35355339059327373 -0.35355339059327373 0.35355339059327373 -0.35355339059327373 0 0 0 0 0 0 0 0 -0.35355339059327373 0.35355339059327373 -0.35355339059327373 -0.35355339059327373
-0.35355339059327373 -0.35355339059327373 0.35355339059327373 -0.35355339059327373 0 0 0 0 0 0 0 0 -0.35355339059327373 -0.35355339059327373 0.35355339059327373 -0.35355339059327373
-0.35355339059327373 -0.35355339059327373 0.35355339059327373 -0.35355339059327373 0 0 0 0 0 0 0 0 -0.35355339059327373 -0.35355339059327373 -0.35355339059327373 0.35355339059327373
-0.35355339059327373 -0.35355339059327373 -0.35355339059327373 0.35355339059327373 0 0 0 0 0 0 0 0 0.35355339059327373 0.35355339059327373 0.35355339059327373 -0.35355339059327373
-0.35355339059327373 -0.35355339059327373 -0.35355339059327373 0.35355339059327373 0 0 0 0 0 0 0 0 0.35355339059327373 0.35355339059327373 -0.35355339059327373 0.35355339059327373
-0.35355339059327373 -0.35355339059327373 -0.35355339059327373 0.35355339059327373 0 0 0 0 0 0 0 0 0.35355339059327373 -0.35355339059327373 0.35355339059327373 0.35355339059327373
-0.35355339059327373 -0.35355339059327373 -0.35355339059327373 0.35355339059327373 0 0 0 0 0 0 0 0 0.35355339059327373 -0.35355339059327373 -0.35355339059327373 -0.35355339059327373
-0.35355339059327373 -0.35355339059327373 -0.35355339059327373 0.35355339059327373 0 0 0 0 0 0 0 0 -0.35355339059327373 0.35355339059327373 0.35355339059327373 0.35355339059327373
-0.35355339059327373 -0.35355339059327373 -0.35355339059327373 0.35355339059327373 0 0 0 0 0 0 0 0 -0.35355339059327373 0.35355339059327373 -0.35355339059327373 -0.35355339059327373
-0.35355339059327373 -0.35355339059327373 -0.35355339059327373 0.35355339059327373 0 0 0 0 0 0 0 0 -0.35355339059327373 -0.35355339059327373 0.35355339059327373 -0.35355339059327373
-0.35355339059327373 -0.35355339059327373 -0.35355339059327373 0.35355339059327373 0 0 0 0 0 0 0 0 -0.35355339059327373 -0.35355339059327373 -0.35355339059327373 0.35355339059327373
-0.35355339059327373 -0.35355339059327373 -0.35355339059327373 -0.35355339059327373 0 0 0 0 0 0 0 0 0.35355339059327373 0.35355339059327373 0.35355339059327373 0.35355339059327373
-0.35355339059327373 -0.35355339059327373 -0.35355339059327373 -0.35355339059327373 0 0 0 0 0 0 0 0 0.35355339059327373 0.35355339059327373 -0.35355339059327373 -0.35355339059327373
-0.35355339059327373 -0.35355339059327373 -0.35355339059327373 -0.35355339059327373 0 0 0 0 0 0 0 0 0.35355339059327373 -0.35355339059327373 0.35355339059327373 -0.35355339059327373
-0.35355339059327373 -0.35355339059327373 -0.35355339059327373 -0.35355339059327373 0 0 0 0 0 0 0 0 0.35355339059327373 -0.35355339059327373 -0.35355339059327373 0.35355339059327373
-0.35355339059327373 -0.35355339059327373 -0.35355339059327373 -0.35355339059327373 0 0 0 0 0 0 0 0 -0.35355339059327373 0.35355339059327373 0.35355339059327373 -0.35355339059327373
-0.35355339059327373 -0.35355339059327373 -0.35355339059327373 -0.35355339059327373 0 0 0 0 0 0 0 0 -0.35355339059327373 0.35355339059327373 -0.35355339059327373 0.35355339059327373
-0.35355339059327373 -0.35355339059327373 -0.35355339059327373 -0.35355339059327373 0 0 0 0 0 0 0 0 -0.35355339059327373 -0.35355339059327373 0.35355339059327373 0.35355339059327373
-0.35355339059327373 -0.35355339059327373 -0.35355339059327373 -0.35355339059327373 0 0 0 0 0 0 0 0 -0.35355339059327373 -0.35355339059327373 -0.35355339059327373 -0.35355339059327373
0 0.35355339059327373 0 0.35355339059327373 0.35355339059327373 0 0.35355339059327373 0 0.35355339059327373 0 0.35355339059327373 0 0 0.35355339059327373 0 0.35355339059327373
0 0.35355339059327373 0 0.35355339059327373 0.35355339059327373 0 0.35355339059327373 0 0.35355339059327373 0 0.35355339059327373 0 0 -0.35355339059327373 0 -0.35355339059327373
0 0.35355339059327373 0 0.35355339059327373 0.35355339059327373 0 0.35355339059327373 0 0.35355339059327373 0 -0.35355339059327373 0 0 0.35355339059327373 0 -0.35355339059327373
0 0.35355339059327373 0 0.35355339059327373 0.35355339059327373 0 0.35355339059327373 0 0.35355339059327373 0 -0.35355339059327373 0 0 -0.35355339059327373 0 0.35355339059327373
0 0.35355339059327373 0 0.35355339059327373 0.35355339059327373 0 0.35355339059327373 0 -0.35355339059327373 0 0.35355339059327373 0 0 0.35355339059327373 0 -0.35355339059327373
0 0.35355339059327373 0 0.35355339059327373 0.35355339059327373 0 0.35355339059327373 0 -0.35355339059327373 0 0.35355339059327373 0 0 -0.35355339059327373 0 0.35355339059327373
0 0.35355339059327373 0 0.35355339059327373 0.35355339059327373 0 0.35355339059327373 0 -0.35355339059327373 0 -0.35355339059327373 0 0 0.35355339059327373 0 0.35355339059327373
0 0.35355339059327373 0 0.35355339059327373 0.35355339059327373 0 0.35355339059327373 0 -0.35355339059327373 0 -0.35355339059327373 0 0 -0.35355339059327373 0 -0.35355339059327373
0 0.35355339059327373 0 0.35355339059327373 0.35355339059327373 0 -0.35355339059327373 0 0.35355339059327373 0 0.35355339059327373 0 0 0.35355339059327373 0 -0.35355339059327373
0 0.35355339059327373 0 0.35355339059327373 0.35355339059327373 0 -0.35355339059327373 0 0.35355339059327373 0 0.35355339059327373 0 0 -0.35355339059327373 0 0.35355339059327373
0 0.35355339059327373 0 0.35355339059327373 0.35355339059327373 0 -0.35355339059327373 0 0.35355339059327373 0 -0.35355339059327373 0 0 0.35355339059327373 0 0.35355339059327373
0 0.35355339059327373 0 0.35355339059327373 0.35355339059327373 0 -0.35355339059327373 0 0.35355339059327373 0 -0.35355339059327373 0 0 -0.35355339059327373 0 -0.35355339059327373
0 0.35355339059327373 0 0.35355339059327373 0.35355339059327373 0 -0.35355339059327373 0 -0.35355339059327373 0 0.35355339059327373 0 0 0.35355339059327373 0 0.35355339059327373
0 0.35355339059327373 0 0.35355339059327373 0.35355339059327373 0 -0.35355339059327373 0 -0.35355339059327373 0 0.35355339059327373 0 0 -0.35355339059327373 0 -0.35355339059327373
0 0.35355339059327373 0 0.35355339059327373 0.35355339059327373 0 -0.35355339059327373 0 -0.35355339059327373 0 -0.35355339059327373 0 0 0.35355339059327373 0 -0.35355339059327373
0 0.35355339059327373 0 0.35355339059327373 0.35355339059327373 0 -0.35355339059327373 0 -0.35355339059327373 0 -0.35355339059327373 0 0 -0.35355339059327373 0 0.35355339059327373
0 0.35355339059327373 0 0.35355339059327373 -0.35355339059327373 0 0.35355339059327373 0 0.35355339059327373 0 0.35355339059327373 0 0 0.35355339059327373 0 -0.35355339059327373
0 0.35355339059327373 0 0.35355339059327373 -0.35355339059327373 0 0.35355339059327373 0 0.35355339059327373 0 0.35355339059327373 0 0 -0.35355339059327373 0 0.35355339059327373
0 0.35355339059327373 0 0.35355339059327373 -0.35355339059327373 0 0.35355339059327373 0 0.35355339059327373 0 -0.35355339059327373 0 0 0.35355339059327373 0 0.35355339059327373
0 0.35355339059327373 0 0.35355339059327373 -0.35355339059327373 0 0.35355339059327373 0 0.35355339059327373 0 -0.35355339059327373 0 0 -0.35355339059327373 0 -0.35355339059327373
0 0.35355339059327373 0 0.35355339059327373 -0.35355339059327373 0 0.35355339059327373 0 -0.35355339059327373 0 0.35355339059327373 0 0 0.35355339059327373 0 0.35355339059327373
0 0.35355339059327373 0 0.35355339059327373 -0.35355339059327373 0 0.35355339059327373 0 -0.35355339059327373 0 0.35355339059327373 0 0 -0.35355339059327373 0 -0.35355339059327373
0 0.35355339059327373 0 0.35355339059327373 -0.35355339059327373 0 0.35355339059327373 0 -0.35355339059327373 0 -0.35355339059327373 0 0 0.35355339059327373 0 -0.35355339059327373
0 0.35355339059327373 0 0.35355339059327373 -0.35355339059327373 0 0.35355339059327373 0 -0.35355339059327373 0 -0.35355339059327373 0 0 -0.35355339059327373 0 0.35355339059327373
0 0.35355339059327373 0 0.35355339059327373 -0.35355339059327373 0 -0.35355339059327373 0 0.35355339059327373 0 0.35355339059327373 0 0 0.35355339059327373 0 0.35355339059327373
0 0.35355339059327373 0 0.35355339059327373 -0.35355339059327373 0 -0.35355339059327373 0 0.35355339059327373 0 0.35355339059327373 0 0 -0.35355339059327373 0 -0.35355339059327373
0 0.35355339059327373 0 0.35355339059327373 -0.35355339059327373 0 -0.35355339059327373 0 0.35355339059327373 0 -0.35355339059327373 0 0 0.35355339059327373 0 -0.35355339059327373
0 0.35355339059327373 0 0.35355339059327373 -0.35355339059327373 0 -0.35355339059327373 0 0.35355339059327373 0 -0.35355339059327373 0 0 -0.35355339059327373 0 0.35355339059327373
0 0.35355339059327373 0 0.35355339059327373 -0.35355339059327373 0 -0.35355339059327373 0 -0.35355339059327373 0 0.35355339059327373 0 0 0.35355339059327373 0 -0.35355339059327373
0 0.35355339059327373 0 0.35355339059327373 -0.35355339059327373 0 -0.35355339059327373 0 -0.35355339059327373 0 0.35355339059327373 0 0 -0.35355339059327373 0 0.35355339059327373
0 0.35355339059327373 0 0.35355339059327373 -0.35355339059327373 0 -0.35355339059327373 0 -0.35355339059327373 0 -0.35355339059327373 0 0 0.35355339059327373 0 0.35355339059327373
0 0.35355339059327373 0 0.35355339059327373 -0.35355339059327373 0 -0.35355339059327373 0 -0.35355339059327373 0 -0.35355339059327373 0 0 -0.35355339059327373 0 -0.35355339059327373
0 0.35355339059327373 0 -0.35355339059327373 0.35355339059327373 0 0.35355339059327373 0 0.35355339059327373 0 0.35355339059327373 0 0 0.35355339059327373 0 -0.35355339059327373
0 0.35355339059327373 0 -0.35355339059327373 0.35355339059327373 0 0.35355339059327373 0 0.35355339059327373 0 0.35355339059327373 0 0 -0.35355339059327373 0 0.35355339059327373
0 0.35355339059327373 0 -0.35355339059327373 0.35355339059327373 0 0.35355339059327373 0 0.35355339059327373 0 -0.35355339059327373 0 0 0.35355339059327373 0 0.35355339059327373
0 0.35355339059327373 0 -0.35355339059327373 0.35355339059327373 0 0.35355339059327373 0 0.35355339059327373 0 -0.35355339059327373 0 0 -0.35355339059327373 0 -0.35355339059327373
0 0.35355339059327373 0 -0.35355339059327373 0.35355339059327373 0 0.35355339059327373 0 -0.35355339059327373 0 0.35355339059327373 0 0 0.35355339059327373 0 0.35355339059327373
0 0.35355339059327373 0 -0.35355339059327373 0.35355339059327373 0 0.35355339059327373 0 -0.35355339059327373 0 0.35355339059327373 0 0 -0.35355339059327373 0 -0.35355339059327373
0 0.35355339059327373 0 -0.35355339059327373 0.35355339059327373 0 0.35355339059327373 0 -0.35355339059327373 0 -0.35355339059327373 0 0 0.35355339059327373 0 -0.35355339059327373
0 0.35355339059327373 0 -0.35355339059327373 0.35355339059327373 0 0.35355339059327373 0 -0.35355339059327373 0 -0.35355339059327373 0 0 -0.35355339059327373 0 0.35355339059327373
0 0.35355339059327373 0 -0.35355339059327373 0.35355339059327373 0 -0.35355339059327373 0 0.35355339059327373 0 0.35355339059327373 0 0 0.35355339059327373 0 0.35355339059327373
0 0.35355339059327373 0 -0.35355339059327373 0.35355339059327373 0 -0.35355339059327373 0 0.35355339059327373 0 0.35355339059327373 0 0 -0.35355339059327373 0 -0.35355339059327373
0 0.35355339059327373 0 -0.35355339059327373 0.35355339059327373 0 -0.35355339059327373 0 0.35355339059327373 0 -0.35355339059327373 0 0 0.35355339059327373 0 -0.35355339059327373
0 0.35355339059327373 0 -0.35355339059327373 0.35355339059327373 0 -0.35355339059327373 0 0.35355339059327373 0 -0.35355339059327373 0 0 -0.35355339059327373 0 0.35355339059327373
0 0.35355339059327373 0 -0.35355339059327373 0.35355339059327373 0 -0.35355339059327373 0 -0.35355339059327373 0 0.35355339059327373 0 0 0.35355339059327373 0 -0.35355339059327373
0 0.35355339059327373 0 -0.35355339059327373 0.35355339059327373 0 -0.35355339059327373 0 -0.35355339059327373 0 0.35355339059327373 0 0 -0.35355339059327373 0 0.35355339059327373
0 0.35355339059327373 0 -0.35355339059327373 0.35355339059327373 0 -0.35355339059327373 0 -0.35355339059327373 0 -0.35355339059327373 0 0 0.35355339059327373 0 0.35355339059327373
0 0.35355339059327373 0 -0.35355339059327373 0.35355339059327373 0 -0.35355339059327373 0 -0.35355339059327373 0 -0.35355339059327373 0 0 -0.35355339059327373 0 -0.35355339059327373
0 0.35355339059327373 0 -0.35355339059327373 -0.35355339059327373 0 0.35355339059327373 0 0.35355339059327373 0 0.35355339059327373 0 0 0.35355339059327373 0 0.35355339059327373
0 0.35355339059327373 0 -0.35355339059327373 -0.35355339059327373 0 0.35355339059327373 0 0.35355339059327373 0 0.35355339059327373 0 0 -0.35355339059327373 0 -0.35355339059327373
0 0.35355339059327373 0 -0.35355339059327373 -0.35355339059327373 0 0.35355339059327373 0 0.35355339059327373 0 -0.35355339059327373 0 0 0.35355339059327373 0 -0.35355339059327373
0 0.35355339059327373 0 -0.35355339059327373 -0.35355339059327373 0 0.35355339059327373 0 0.35355339059327373 0 -0.35355339059327373 0 0 -0.35355339059327373 0 0.35355339059327373
0 0.35355339059327373 0 -0.35355339059327373 -0.35355339059327373 0 0.35355339059327373 0 -0.35355339059327373 0 0.35355339059327373 0 0 0.35355339059327373 0 -0.35355339059327373
0 0.35355339059327373 0 -0.35355339059327373 -0.35355339059327373 0 0.35355339059327373 0 -0.35355339059327373 0 0.35355339059327373 0 0 -0.35355339059327373 0 0.35355339059327373
0 0.35355339059327373 0 -0.35355339059327373 -0.35355339059327373 0 0.35355339059327373 0 -0.35355339059327373 0 -0.35355339059327373 0 0 0.35355339059327373 0 0.35355339059327373
0 0.35355339059327373 0 -0.35355339059327373 -0.35355339059327373 0 0.35355339059327373 0 -0.35355339059327373 0 -0.35355339059327373 0 0 -0.35355339059327373 0 -0.35355339059327373
0 0.35355339059327373 0 -0.35355339059327373 -0.35355339059327373 0 -0.35355339059327373 0 0.35355339059327373 0 0.35355339059327373 0 0 0.35355339059327373 0 -0.35355339059327373
0 0.35355339059327373 0 -0.35355339059327373 -0.35355339059327373 0 -0.35355339059327373 0 0.35355339059327373 0 0.35355339059327373 0 0 -0.35355339059327373 0 0.35355339059327373
0 0.35355339059327373 0 -0.35355339059327373 -0.35355339059327373 0 -0.35355339059327373 0 0.35355339059327373 0 -0.35355339059327373 0 0 0.35355339059327373 0 0.35355339059327373
0 0.35355339059327373 0 -0.35355339059327373 -0.35355339059327373 0 -0.35355339059327373 0 0.35355339059327373 0 -0.35355339059327373 0 0 -0.35355339059327373 0 -0.35355339059327373
0 0.35355339059327373 0 -0.35355339059327373 -0.35355339059327373 0 -0.35355339059327373 0 -0.35355339059327373 0 0.35355339059327373 0 0 0.35355339059327373 0 0.35355339059327373
0 0.35355339059327373 0 -0.35355339059327373 -0.35355339059327373 0 -0.35355339059327373 0 -0.35355339059327373 0 0.35355339059327373 0 0 -0.35355339059327373 0 -0.35355339059327373
0 0.35355339059327373 0 -0.35355339059327373 -0.35355339059327373 0 -0.35355339059327373 0 -0.35355339059327373 0 -0.35355339059327373 0 0 0.35355339059327373 0 -0.35355339059327373
0 0.35355339059327373 0 -0.35355339059327373 -0.35355339059327373 0 -0.35355339059327373 0 -0.35355339059327373 0 -0.35355339059327373 0 0 -0.35355339059327373 0 0.35355339059327373
0 -0.35355339059327373 0 0.35355339059327373 0.35355339059327373 0 0.35355339059327373 0 0.35355339059327373 0 0.35355339059327373 0 0 0.35355339059327373 0 -0.35355339059327373
0 -0.35355339059327373 0 0.35355339059327373 0.35355339059327373 0 0.35355339059327373 0 0.35355339059327373 0 0.35355339059327373 0 0 -0.35355339059327373 0 0.35355339059327373
0 -0.35355339059327373 0 0.35355339059327373 0.35355339059327373 0 0.35355339059327373 0 0.35355339059327373 0 -0.35355339059327373 0 0 0.35355339059327373 0 0.35355339059327373
0 -0.35355339059327373 0 0.35355339059327373 0.35355339059327373 0 0.35355339059327373 0 0.35355339059327373 0 -0.35355339059327373 0 0 -0.35355339059327373 0 -0.35355339059327373
0 -0.35355339059327373 0 0.35355339059327373 0.35355339059327373 0 0.35355339059327373 0 -0.35355339059327373 0 0.35355339059327373 0 0 0.35355339059327373 0 0.35355339059327373
0 -0.35355339059327373 0 0.35355339059327373 0.35355339059327373 0 0.35355339059327373 0 -0.35355339059327373 0 0.35355339059327373 0 0 -0.35355339059327373 0 -0.35355339059327373
0 -0.35355339059327373 0 0.35355339059327373 0.35355339059327373 0 0.35355339059327373 0 -0.35355339059327373 0 -0.35355339059327373 0 0 0.35355339059327373 0 -0.35355339059327373
0 -0.35355339059327373 0 0.35355339059327373 0.35355339059327373 0 0.35355339059327373 0 -0.35355339059327373 0 -0.35355339059327373 0 0 -0.35355339059327373 0 0.35355339059327373
0 -0.35355339059327373 0 0.35355339059327373 0.35355339059327373 0 -0.35355339059327373 0 0.35355339059327373 0 0.35355339059327373 0 0 0.35355339059327373 0 0.35355339059327373
0 -0.35355339059327373 0 0.35355339059327373 0.35355339059327373 0 -0.35355339059327373 0 0.35355339059327373 0 0.35355339059327373 0 0 -0.35355339059327373 0 -0.35355339059327373
0 -0.35355339059327373 0 0.35355339059327373 0.35355339059327373 0 -0.35355339059327373 0 0.35355339059327373 0 -0.35355339059327373 0 0 0.35355339059327373 0 -0.35355339059327373
0 -0.35355339059327373 0 0.35355339059327373 0.35355339059327373 0 -0.35355339059327373 0 0.35355339059327373 0 -0.35355339059327373 0 0 -0.35355339059327373 0 0.35355339059327373
0 -0.35355339059327373 0 0.35355339059327373 0.35355339059327373 0 -0.35355339059327373 0 -0.35355339059327373 0 0.35355339059327373 0 0 0.35355339059327373 0 -0.35355339059327373
0 -0.35355339059327373 0 0.35355339059327373 0.35355339059327373 0 -0.35355339059327373 0 -0.35355339059327373 0 0.35355339059327373 0 0 -0.35355339059327373 0 0.35355339059327373
0 -0.35355339059327373 0 0.35355339059327373 0.35355339059327373 0 -0.35355339059327373 0 -0.35355339059327373 0 -0.35355339059327373 0 0 0.35355339059327373 0 0.35355339059327373
0 -0.35355339059327373 0 0.35355339059327373 0.35355339059327373 0 -0.35355339059327373 0 -0.35355339059327373 0 -0.35355339059327373 0 0 -0.35355339059327373 0 -0.35355339059327373
0 -0.35355339059327373 0 0.35355339059327373 -0.35355339059327373 0 0.35355339059327373 0 0.35355339059327373 0 0.35355339059327373 0 0 0.35355339059327373 0 0.35355339059327373
0 -0.35355339059327373 0 0.35355339059327373 -0.35355339059327373 0 0.35355339059327373 0 0.35355339059327373 0 0.35355339059327373 0 0 -0.35355339059327373 0 -0.35355339059327373
0 -0.35355339059327373 0 0.35355339059327373 -0.35355339059327373 0 0.35355339059327373 0 0.35355339059327373 0 -0.35355339059327373 0 0 0.35355339059327373 0 -0.35355339059327373
0 -0.35355339059327373 0 0.35355339059327373 -0.35355339059327373 0 0.35355339059327373 0 0.35355339059327373 0 -0.35355339059327373 0 0 -0.35355339059327373 0 0.35355339059327373
0 -0.35355339059327373 0 0.35355339059327373 -0.35355339059327373 0 0.35355339059327373 0 -0.35355339059327373 0 0.35355339059327373 0 0 0.35355339059327373 0 -0.35355339059327373
0 -0.35355339059327373 0 0.35355339059327373 -0.35355339059327373 0 0.35355339059327373 0 -0.35355339059327373 0 0.35355339059327373 0 0 -0.35355339059327373 0 0.35355339059327373
0 -0.35355339059327373 0 0.35355339059327373 -0.35355339059327373 0 0.35355339059327373 0 -0.35355339059327373 0 -0.35355339059327373 0 0 0.35355339059327373 0 0.35355339059327373
0 -0.35355339059327373 0 0.35355339059327373 -0.35355339059327373 0 0.35355339059327373 0 -0.35355339059327373 0 -0.35355339059327373 0 0 -0.35355339059327373 0 -0.35355339059327373
0 -0.35355339059327373 0 0.35355339059327373 -0.35355339059327373 0 -0.35355339059327373 0 0.35355339059327373 0 0.35355339059327373 0 0 0.35355339059327373 0 -0.35355339059327373
0 -0.35355339059327373 0 0.35355339059327373 -0.35355339059327373 0 -0.35355339059327373 0 0.35355339059327373 0 0.35355339059327373 0 0 -0.35355339059327373 0 0.35355339059327373
0 -0.35355339059327373 0 0.35355339059327373 -0.35355339059327373 0 -0.35355339059327373 0 0.35355339059327373 0 -0.35355339059327373 0 0 0.35355339059327373 0 0.35355339059327373
0 -0.35355339059327373 0 0.35355339059327373 -0.35355339059327373 0 -0.35355339059327373 0 0.35355339059327373 0 -0.35355339059327373 0 0 -0.35355339059327373 0 -0.35355339059327373
0 -0.35355339059327373 0 0.35355339059327373 -0.35355339059327373 0 -0.35355339059327373 0 -0.35355339059327373 0 0.35355339059327373 0 0 0.35355339059327373 0 0.35355339059327373
0 -0.35355339059327373 0 0.35355339059327373 -0.35355339059327373 0 -0.35355339059327373 0 -0.35355339059327373 0 0.35355339059327373 0 0 -0.35355339059327373 0 -0.35355339059327373
0 -0.35355339059327373 0 0.35355339059327373 -0.35355339059327373 0 -0.35355339059327373 0 -0.35355339059327373 0 -0.35355339059327373 0 0 0.35355339059327373 0 -0.35355339059327373
0 -0.35355339059327373 0 0.35355339059327373 -0.35355339059327373 0 -0.35355339059327373 0 -0.35355339059327373 0 -0.35355339059327373 0 0 -0.35355339059327373 0 0.35355339059327373
0 -0.35355339059327373 0 -0.35355339059327373 0.35355339059327373 0 0.35355339059327373 0 0.35355339059327373 0 0.35355339059327373 0 0 0.35355339059327373 0 0.35355339059327373
0 -0.35355339059327373 0 -0.35355339059327373 0.35355339059327373 0 0.35355339059327373 0 0.35355339059327373 0 0.35355339059327373 0 0 -0.35355339059327373 0 -0.35355339059327373
0 -0.35355339059327373 0 -0.35355339059327373 0.35355339059327373 0 0.35355339059327373 0 0.35355339059327373 0 -0.35355339059327373 0 0 0.35355339059327373 0 -0.35355339059327373
0 -0.35355339059327373 0 -0.35355339059327373 0.35355339059327373 0 0.35355339059327373 0 0.35355339059327373 0 -0.35355339059327373 0 0 -0.35355339059327373 0 0.35355339059327373
0 -0.35355339059327373 0 -0.35355339059327373 0.35355339059327373 0 0.35355339059327373 0 -0.35355339059327373 0 0.35355339059327373 0 0 0.35355339059327373 0 -0.35355339059327373
0 -0.35355339059327373 0 -0.35355339059327373 0.35355339059327373 0 0.35355339059327373 0 -0.35355339059327373 0 0.35355339059327373 0 0 -0.35355339059327373 0 0.35355339059327373
0 -0.35355339059327373 0 -0.35355339059327373 0.35355339059327373 0 0.35355339059327373 0 -0.35355339059327373 0 -0.35355339059327373 0 0 0.35355339059327373 0 0.35355339059327373
0 -0.35355339059327373 0 -0.35355339059327373 0.35355339059327373 0 0.35355339059327373 0 -0.35355339059327373 0 -0.35355339059327373 0 0 -0.35355339059327373 0 -0.35355339059327373
0 -0.35355339059327373 0 -0.35355339059327373 0.35355339059327373 0 -0.35355339059327373 0 0.35355339059327373 0 0.35355339059327373 0 0 0.35355339059327373 0 -0.35355339059327373
0 -0.35355339059327373 0 -0.35355339059327373 0.35355339059327373 0 -0.35355339059327373 0 0.35355339059327373 0 0.35355339059327373 0 0 -0.35355339059327373 0 0.35355339059327373
0 -0.35355339059327373 0 -0.35355339059327373 0.35355339059327373 0 -0.35355339059327373 0 0.35355339059327373 0 -0.35355339059327373 0 0 0.35355339059327373 0 0.35355339059327373
0 -0.35355339059327373 0 -0.35355339059327373 0.35355339059327373 0 -0.35355339059327373 0 0.35355339059327373 0 -0.35355339059327373 0 0 -0.35355339059327373 0 -0.35355339059327373
0 -0.35355339059327373 0 -0.35355339059327373 0.35355339059327373 0 -0.35355339059327373 0 -0.35355339059327373 0 0.35355339059327373 0 0 0.35355339059327373 0 0.35355339059327373
0 -0.35355339059327373 0 -0.35355339059327373 0.35355339059327373 0 -0.35355339059327373 0 -0.35355339059327373 0 0.35355339059327373 0 0 -0.35355339059327373 0 -0.35355339059327373
0 -0.35355339059327373 0 -0.35355339059327373 0.35355339059327373 0 -0.35355339059327373 0 -0.35355339059327373 0 -0.35355339059327373 0 0 0.35355339059327373 0 -0.35355339059327373
0 -0.35355339059327373 0 -0.35355339059327373 0.35355339059327373 0 -0.35355339059327373 0 -0.35355339059327373 0 -0.35355339059327373 0 0 -0.35355339059327373 0 0.35355339059327373
0 -0.35355339059327373 0 -0.35355339059327373 -0.35355339059327373 0 0.35355339059327373 0 0.35355339059327373 0 0.35355339059327373 0 0 0.35355339059327373 0 -0.35355339059327373
0 -0.35355339059327373 0 -0.35355339059327373 -0.35355339059327373 0 0.35355339059327373 0 0.35355339059327373 0 0.35355339059327373 0 0 -0.35355339059327373 0 0.35355339059327373
0 -0.35355339059327373 0 -0.35355339059327373 -0.35355339059327373 0 0.35355339059327373 0 0.35355339059327373 0 -0.35355339059327373 0 0 0.35355339059327373 0 0.35355339059327373
0 -0.35355339059327373 0 -0.35355339059327373 -0.35355339059327373 0 0.35355339059327373 0 0.35355339059327373 0 -0.35355339059327373 0 0 -0.35355339059327373 0 -0.35355339059327373
0 -0.35355339059327373 0 -0.35355339059327373 -0.35355339059327373 0 0.35355339059327373 0 -0.35355339059327373 0 0.35355339059327373 0 0 0.35355339059327373 0 0.35355339059327373
0 -0.35355339059327373 0 -0.35355339059327373 -0.35355339059327373 0 0.35355339059327373 0 -0.35355339059327373 0 0.35355339059327373 0 0 -0.35355339059327373 0 -0.35355339059327373
0 -0.35355339059327373 0 -0.35355339059327373 -0.35355339059327373 0 0.35355339059327373 0 -0.35355339059327373 0 -0.35355339059327373 0 0 0.35355339059327373 0 -0.35355339059327373
0 -0.35355339059327373 0 -0.35355339059327373 -0.35355339059327373 0 0.35355339059327373 0 -0.35355339059327373 0 -0.35355339059327373 0 0 -0.35355339059327373 0 0.35355339059327373
0 -0.35355339059327373 0 -0.35355339059327373 -0.35355339059327373 0 -0.35355339059327373 0 0.35355339059327373 0 0.35355339059327373 0 0 0.35355339059327373 0 0.35355339059327373
0 -0.35355339059327373 0 -0.35355339059327373 -0.35355339059327373 0 -0.35355339059327373 0 0.35355339059327373 0 0.35355339059327373 0 0 -0.35355339059327373 0 -0.35355339059327373
0 -0.35355339059327373 0 -0.35355339059327373 -0.35355339059327373 0 -0.35355339059327373 0 0.35355339059327373 0 -0.35355339059327373 0 0 0.35355339059327373 0 -0.35355339059327373
0 -0.35355339059327373 0 -0.35355339059327373 -0.35355339059327373 0 -0.35355339059327373 0 0.35355339059327373 0 -0.35355339059327373 0 0 -0.35355339059327373 0 0.35355339059327373
0 -0.35355339059327373 0 -0.35355339059327373 -0.35355339059327373 0 -0.35355339059327373 0 -0.35355339059327373 0 0.35355339059327373 0 0 0.35355339059327373 0 -0.35355339059327373
0 -0.35355339059327373 0 -0.35355339059327373 -0.35355339059327373 0 -0.35355339059327373 0 -0.35355339059327373 0 0.35355339059327373 0 0 -0.35355339059327373 0 0.35355339059327373
0 -0.35355339059327373 0 -0.35355339059327373 -0.35355339059327373 0 -0.35355339059327373 0 -0.35355339059327373 0 -0.35355339059327373 0 0 0.35355339059327373 0 0.35355339059327373
0 -0.35355339059327373 0 -0.35355339059327373 -0.35355339059327373 0 -0.35355339059327373 0 -0.35355339059327373 0 -0.35355339059327373 0 0 -0.35355339059327373 0 -0.35355339059327373
0.35355339059327373 0 0.35355339059327373 0 0 0.35355339059327373 0 0.35355339059327373 0 0.35355339059327373 0 0.35355339059327373 0.35355339059327373 0 0.35355339059327373 0
0.35355339059327373 0 0.35355339059327373 0 0 0.35355339059327373 0 0.35355339059327373 0 0.35355339059327373 0 0.35355339059327373 -0.35355339059327373 0 -0.35355339059327373 0
0.35355339059327373 0 0.35355339059327373 0 0 0.35355339059327373 0 0.35355339059327373 0 0.35355339059327373 0 -0.35355339059327373 0.35355339059327373 0 -0.35355339059327373 0
0.35355339059327373 0 0.35355339059327373 0 0 0.35355339059327373 0 0.35355339059327373 0 0.35355339059327373 0 -0.35355339059327373 -0.35355339059327373 0 0.35355339059327373 0
0.35355339059327373 0 0.35355339059327373 0 0 0.35355339059327373 0 0.35355339059327373 0 -0.35355339059327373 0 0.35355339059327373 0.35355339059327373 0 -0.35355339059327373 0
0.35355339059327373 0 0.35355339059327373 0 0 0.35355339059327373 0 0.35355339059327373 0 -0.35355339059327373 0 0.35355339059327373 -0.35355339059327373 0 0.35355339059327373 0
0.35355339059327373 0 0.35355339059327373 0 0 0.35355339059327373 0 0.35355339059327373 0 -0.35355339059327373 0 -0.35355339059327373 0.35355339059327373 0 0.35355339059327373 0
0.35355339059327373 0 0.35355339059327373 0 0 0.35355339059327373 0 0.35355339059327373 0 -0.35355339059327373 0 -0.35355339059327373 -0.35355339059327373 0 -0.35355339059327373 0
0.35355339059327373 0 0.35355339059327373 0 0 0.35355339059327373 0 -0.35355339059327373 0 0.35355339059327373 0 0.35355339059327373 0.35355339059327373 0 -0.35355339059327373 0
0.35355339059327373 0 0.35355339059327373 0 0 0.35355339059327373 0 -0.35355339059327373 0 0.35355339059327373 0 0.35355339059327373 -0.35355339059327373 0 0.35355339059327373 0
0.35355339059327373 0 0.35355339059327373 0 0 0.35355339059327373 0 -0.35355339059327373 0 0.35355339059327373 0 -0.35355339059327373 0.35355339059327373 0 0.35355339059327373 0
0.35355339059327373 0 0.35355339059327373 0 0 0.35355339059327373 0 -0.35355339059327373 0 0.35355339059327373 0 -0.35355339059327373 -0.35355339059327373 0 -0.35355339059327373 0
0.35355339059327373 0 0.35355339059327373 0 0 0.35355339059327373 0 -0.35355339059327373 0 -0.35355339059327373 0 0.35355339059327373 0.35355339059327373 0 0.35355339059327373 0
0.35355339059327373 0 0.35355339059327373 0 0 0.35355339059327373 0 -0.35355339059327373 0 -0.35355339059327373 0 0.35355339059327373 -0.35355339059327373 0 -0.35355339059327373 0
0.35355339059327373 0 0.35355339059327373 0 0 0.35355339059327373 0 -0.35355339059327373 0 -0.35355339059327373 0 -0.35355339059327373 0.35355339059327373 0 -0.35355339059327373 0
0.35355339059327373 0 0.35355339059327373 0 0 0.35355339059327373 0 -0.35355339059327373 0 -0.35355339059327373 0 -0.35355339059327373 -0.35355339059327373 0 0.35355339059327373 0
0.35355339059327373 0 0.35355339059327373 0 0 -0.35355339059327373 0 0.35355339059327373 0 0.35355339059327373 0 0.35355339059327373 0.35355339059327373 0 -0.35355339059327373 0
0.35355339059327373 0 0.35355339059327373 0 0 -0.35355339059327373 0 0.35355339059327373 0 0.35355339059327373 0 0.35355339059327373 -0.35355339059327373 0 0.35355339059327373 0
0.35355339059327373 0 0.35355339059327373 0 0 -0.35355339059327373 0 0.35355339059327373 0 0.35355339059327373 0 -0.35355339059327373 0.35355339059327373 0 0.35355339059327373 0
0.35355339059327373 0 0.35355339059327373 0 0 -0.35355339059327373 0 0.35355339059327373 0 0.35355339059327373 0 -0.35355339059327373 -0.35355339059327373 0 -0.35355339059327373 0
0.35355339059327373 0 0.35355339059327373 0 0 -0.35355339059327373 0 0.35355339059327373 0 -0.35355339059327373 0 0.35355339059327373 0.35355339059327373 0 0.35355339059327373 0
0.35355339059327373 0 0.35355339059327373 0 0 -0.35355339059327373 0 0.35355339059327373 0 -0.35355339059327373 0 0.35355339059327373 -0.35355339059327373 0 -0.35355339059327373 0
0.35355339059327373 0 0.35355339059327373 0 0 -0.35355339059327373 0 0.35355339059327373 0 -0.35355339059327373 0 -0.35355339059327373 0.35355339059327373 0 -0.35355339059327373 0
0.35355339059327373 0 0.35355339059327373 0 0 -0.35355339059327373 0 0.35355339059327373 0 -0.35355339059327373 0 -0.35355339059327373 -0.35355339059327373 0 0.35355339059327373 0
0.35355339059327373 0 0.35355339059327373 0 0 -0.35355339059327373 0 -0.35355339059327373 0 0.35355339059327373 0 0.35355339059327373 0.35355339059327373 0 0.35355339059327373 0
0.35355339059327373 0 0.35355339059327373 0 0 -0.35355339059327373 0 -0.35355339059327373 0 0.35355339059327373 0 0.35355339059327373 -0.35355339059327373 0 -0.35355339059327373 0
0.35355339059327373 0 0.35355339059327373 0 0 -0.35355339059327373 0 -0.35355339059327373 0 0.35355339059327373 0 -0.35355339059327373 0.35355339059327373 0 -0.35355339059327373 0
0.35355339059327373 0 0.35355339059327373 0 0 -0.35355339059327373 0 -0.35355339059327373 0 0.35355339059327373 0 -0.35355339059327373 -0.35355339059327373 0 0.35355339059327373 0
0.35355339059327373 0 0.35355339059327373 0 0 -0.35355339059327373 0 -0.35355339059327373 0 -0.35355339059327373 0 0.35355339059327373 0.35355339059327373 0 -0.35355339059327373 0
0.35355339059327373 0 0.35355339059327373 0 0 -0.35355339059327373 0 -0.35355339059327373 0 -0.35355339059327373 0 0.35355339059327373 -0.35355339059327373 0 0.35355339059327373 0
0.35355339059327373 0 0.35355339059327373 0 0 -0.35355339059327373 0 -0.35355339059327373 0 -0.35355339059327373 0 -0.35355339059327373 0.35355339059327373 0 0.35355339059327373 0
0.35355339059327373 0 0.35355339059327373 0 0 -0.35355339059327373 0 -0.35355339059327373 0 -0.35355339059327373 0 -0.35355339059327373 -0.35355339059327373 0 -0.35355339059327373 0
0.35355339059327373 0 -0.35355339059327373 0 0 0.35355339059327373 0 0.35355339059327373 0 0.35355339059327373 0 0.35355339059327373 0.35355339059327373 0 -0.35355339059327373 0
0.35355339059327373 0 -0.35355339059327373 0 0 0.35355339059327373 0 0.35355339059327373 0 0.35355339059327373 0 0.35355339059327373 -0.35355339059327373 0 0.35355339059327373 0
0.35355339059327373 0 -0.35355339059327373 0 0 0.35355339059327373 0 0.35355339059327373 0 0.35355339059327373 0 -0.35355339059327373 0.35355339059327373 0 0.35355339059327373 0
0.35355339059327373 0 -0.35355339059327373 0 0 0.35355339059327373 0 0.35355339059327373 0 0.35355339059327373 0 -0.35355339059327373 -0.35355339059327373 0 -0.35355339059327373 0
0.35355339059327373 0 -0.35355339059327373 0 0 0.35355339059327373 0 0.35355339059327373 0 -0.35355339059327373 0 0.35355339059327373 0.35355339059327373 0 0.35355339059327373 0
0.35355339059327373 0 -0.35355339059327373 0 0 0.35355339059327373 0 0.35355339059327373 0 -0.35355339059327373 0 0.35355339059327373 -0.35355339059327373 0 -0.35355339059327373 0
0.35355339059327373 0 -0.35355339059327373 0 0 0.35355339059327373 0 0.35355339059327373 0 -0.35355339059327373 0 -0.35355339059327373 0.35355339059327373 0 -0.35355339059327373 0
0.35355339059327373 0 -0.35355339059327373 0 0 0.35355339059327373 0 0.35355339059327373 0 -0.35355339059327373 0 -0.35355339059327373 -0.35355339059327373 0 0.35355339059327373 0
0.35355339059327373 0 -0.35355339059327373 0 0 0.35355339059327373 0 -0.35355339059327373 0 0.35355339059327373 0 0.35355339059327373 0.35355339059327373 0 0.35355339059327373 0
0.35355339059327373 0 -0.35355339059327373 0 0 0.35355339059327373 0 -0.35355339059327373 0 0.35355339059327373 0 0.35355339059327373 -0.35355339059327373 0 -0.35355339059327373 0
0.35355339059327373 0 -0.35355339059327373 0 0 0.35355339059327373 0 -0.35355339059327373 0 0.35355339059327373 0 -0.35355339059327373 0.35355339059327373 0 -0.35355339059327373 0
0.35355339059327373 0 -0.35355339059327373 0 0 0.35355339059327373 0 -0.35355339059327373 0 0.35355339059327373 0 -0.35355339059327373 -0.35355339059327373 0 0.35355339059327373 0
0.35355339059327373 0 -0.35355339059327373 0 0 0.35355339059327373 0 -0.35355339059327373 0 -0.35355339059327373 0 0.35355339059327373 0.35355339059327373 0 -0.35355339059327373 0
0.35355339059327373 0 -0.35355339059327373 0 0 0.35355339059327373 0 -0.35355339059327373 0 -0.35355339059327373 0 0.35355339059327373 -0.35355339059327373 0 0.35355339059327373 0
0.35355339059327373 0 -0.35355339059327373 0 0 0.35355339059327373 0 -0.35355339059327373 0 -0.35355339059327373 0 -0.35355339059327373 0.35355339059327373 0 0.35355339059327373 0
0.35355339059327373 0 -0.35355339059327373 0 0 0.35355339059327373 0 -0.35355339059327373 0 -0.35355339059327373 0 -0.35355339059327373 -0.35355339059327373 0 -0.35355339059327373 0
0.35355339059327373 0 -0.35355339059327373 0 0 -0.35355339059327373 0 0.35355339059327373 0 0.35355339059327373 0 0.35355339059327373 0.35355339059327373 0 0.35355339059327373 0
0.35355339059327373 0 -0.35355339059327373 0 0 -0.35355339059327373 0 0.35355339059327373 0 0.35355339059327373 0 0.35355339059327373 -0.35355339059327373 0 -0.35355339059327373 0
0.35355339059327373 0 -0.35355339059327373 0 0 -0.35355339059327373 0 0.35355339059327373 0 0.35355339059327373 0 -0.35355339059327373 0.35355339059327373 0 -0.35355339059327373 0
0.35355339059327373 0 -0.35355339059327373 0 0 -0.35355339059327373 0 0.35355339059327373 0 0.35355339059327373 0 -0.35355339059327373 -0.35355339059327373 0 0.35355339059327373 0
0.35355339059327373 0 -0.35355339059327373 0 0 -0.35355339059327373 0 0.35355339059327373 0 -0.35355339059327373 0 0.35355339059327373 0.35355339059327373 0 -0.35355339059327373 0
0.35355339059327373 0 -0.35355339059327373 0 0 -0.35355339059327373 0 0.35355339059327373 0 -0.35355339059327373 0 0.35355339059327373 -0.35355339059327373 0 0.35355339059327373 0
0.35355339059327373 0 -0.35355339059327373 0 0 -0.35355339059327373 0 0.35355339059327373 0 -0.35355339059327373 0 -0.35355339059327373 0.35355339059327373 0 0.35355339059327373 0
0.35355339059327373 0 -0.35355339059327373 0 0 -0.35355339059327373 0 0.35355339059327373 0 -0.35355339059327373 0 -0.35355339059327373 -0.35355339059327373 0 -0.35355339059327373 0
0.35355339059327373 0 -0.35355339059327373 0 0 -0.35355339059327373 0 -0.35355339059327373 0 0.35355339059327373 0 0.35355339059327373 0.35355339059327373 0 -0.35355339059327373 0
0.35355339059327373 0 -0.35355339059327373 0 0 -0.35355339059327373 0 -0.35355339059327373 0 0.35355339059327373 0 0.35355339059327373 -0.35355339059327373 0 0.35355339059327373 0
0.35355339059327373 0 -0.35355339059327373 0 0 -0.35355339059327373 0 -0.35355339059327373 0 0.35355339059327373 0 -0.35355339059327373 0.35355339059327373 0 0.35355339059327373 0
0.35355339059327373 0 -0.35355339059327373 0 0 -0.35355339059327373 0 -0.35355339059327373 0 0.35355339059327373 0 -0.35355339059327373 -0.35355339059327373 0 -0.35355339059327373 0
0.35355339059327373 0 -0.35355339059327373 0 0 -0.35355339059327373 0 -0.35355339059327373 0 -0.35355339059327373 0 0.35355339059327373 0.35355339059327373 0 0.35355339059327373 0
0.35355339059327373 0 -0.35355339059327373 0 0 -0.35355339059327373 0 -0.35355339059327373 0 -0.35355339059327373 0 0.35355339059327373 -0.35355339059327373 0 -0.35355339059327373 0
0.35355339059327373 0 -0.35355339059327373 0 0 -0.35355339059327373 0 -0.35355339059327373 0 -0.35355339059327373 0 -0.35355339059327373 0.35355339059327373 0 -0.35355339059327373 0
0.35355339059327373 0 -0.35355339059327373 0 0 -0.35355339059327373 0 -0.35355339059327373 0 -0.35355339059327373 0 -0.35355339059327373 -0.35355339059327373 0 0.35355339059327373 0
-0.35355339059327373 0 0.35355339059327373 0 0 0.35355339059327373 0 0.35355339059327373 0 0.35355339059327373 0 0.35355339059327373 0.35355339059327373 0 -0.35355339059327373 0
-0.35355339059327373 0 0.35355339059327373 0 0 0.35355339059327373 0 0.35355339059327373 0 0.35355339059327373 0 0.35355339059327373 -0.35355339059327373 0 0.35355339059327373 0
-0.35355339059327373 0 0.35355339059327373 0 0 0.35355339059327373 0 0.35355339059327373 0 0.35355339059327373 0 -0.35355339059327373 0.35355339059327373 0 0.35355339059327373 0
-0.35355339059327373 0 0.35355339059327373 0 0 0.35355339059327373 0 0.35355339059327373 0 0.35355339059327373 0 -0.35355339059327373 -0.35355339059327373 0 -0.35355339059327373 0
-0.35355339059327373 0 0.35355339059327373 0 0 0.35355339059327373 0 0.35355339059327373 0 -0.35355339059327373 0 0.35355339059327373 0.35355339059327373 0 0.35355339059327373 0
-0.35355339059327373 0 0.35355339059327373 0 0 0.35355339059327373 0 0.35355339059327373 0 -0.35355339059327373 0 0.35355339059327373 -0.35355339059327373 0 -0.35355339059327373 0
-0.35355339059327373 0 0.35355339059327373 0 0 0.35355339059327373 0 0.35355339059327373 0 -0.35355339059327373 0 -0.35355339059327373 0.35355339059327373 0 -0.35355339059327373 0
-0.35355339059327373 0 0.35355339059327373 0 0 0.35355339059327373 0 0.35355339059327373 0 -0.35355339059327373 0 -0.35355339059327373 -0.35355339059327373 0 0.35355339059327373 0
-0.35355339059327373 0 0.35355339059327373 0 0 0.35355339059327373 0 -0.35355339059327373 0 0.35355339059327373 0 0.35355339059327373 0.35355339059327373 0 0.35355339059327373 0
-0.35355339059327373 0 0.35355339059327373 0 0 0.35355339059327373 0 -0.35355339059327373 0 0.35355339059327373 0 0.35355339059327373 -0.35355339059327373 0 -0.35355339059327373 0
-0.35355339059327373 0 0.35355339059327373 0 0 0.35355339059327373 0 -0.35355339059327373 0 0.35355339059327373 0 -0.35355339059327373 0.35355339059327373 0 -0.35355339059327373 0
-0.35355339059327373 0 0.35355339059327373 0 0 0.35355339059327373 0 -0.35355339059327373 0 0.35355339059327373 0 -0.35355339059327373 -0.35355339059327373 0 0.35355339059327373 0
-0.35355339059327373 0 0.35355339059327373 0 0 0.35355339059327373 0 -0.35355339059327373 0 -0.35355339059327373 0 0.35355339059327373 0.35355339059327373 0 -0.35355339059327373 0
-0.35355339059327373 0 0.35355339059327373 0 0 0.35355339059327373 0 -0.35355339059327373 0 -0.35355339059327373 0 0.35355339059327373 -0.35355339059327373 0 0.35355339059327373 0
-0.35355339059327373 0 0.35355339059327373 0 0 0.35355339059327373 0 -0.35355339059327373 0 -0.35355339059327373 0 -0.35355339059327373 0.35355339059327373 0 0.35355339059327373 0
-0.35355339059327373 0 0.35355339059327373 0 0 0.35355339059327373 0 -0.35355339059327373 0 -0.35355339059327373 0 -0.35355339059327373 -0.35355339059327373 0 -0.35355339059327373 0
-0.35355339059327373 0 0.35355339059327373 0 0 -0.35355339059327373 0 0.35355339059327373 0 0.35355339059327373 0 0.35355339059327373 0.35355339059327373 0 0.35355339059327373 0
-0.35355339059327373 0 0.35355339059327373 0 0 -0.35355339059327373 0 0.35355339059327373 0 0.35355339059327373 0 0.35355339059327373 -0.35355339059327373 0 -0.35355339059327373 0
-0.35355339059327373 0 0.35355339059327373 0 0 -0.35355339059327373 0 0.35355339059327373 0 0.35355339059327373 0 -0.35355339059327373 0.35355339059327373 0 -0.35355339059327373 0
-0.35355339059327373 0 0.35355339059327373 0 0 -0.35355339059327373 0 0.35355339059327373 0 0.35355339059327373 0 -0.35355339059327373 -0.35355339059327373 0 0.35355339059327373 0
-0.35355339059327373 0 0.35355339059327373 0 0 -0.35355339059327373 0 0.35355339059327373 0 -0.35355339059327373 0 0.35355339059327373 0.35355339059327373 0 -0.35355339059327373 0
-0.35355339059327373 0 0.35355339059327373 0 0 -0.35355339059327373 0 0.35355339059327373 0 -0.35355339059327373 0 0.35355339059327373 -0.35355339059327373 0 0.35355339059327373 0
-0.35355339059327373 0 0.35355339059327373 0 0 -0.35355339059327373 0 0.35355339059327373 0 -0.35355339059327373 0 -0.35355339059327373 0.35355339059327373 0 0.35355339059327373 0
-0.35355339059327373 0 0.35355339059327373 0 0 -0.35355339059327373 0 0.35355339059327373 0 -0.35355339059327373 0 -0.35355339059327373 -0.35355339059327373 0 -0.35355339059327373 0
-0.35355339059327373 0 0.35355339059327373 0 0 -0.35355339059327373 0 -0.35355339059327373 0 0.35355339059327373 0 0.35355339059327373 0.35355339059327373 0 -0.35355339059327373 0
-0.35355339059327373 0 0.35355339059327373 0 0 -0.35355339059327373 0 -0.35355339059327373 0 0.35355339059327373 0 0.35355339059327373 -0.35355339059327373 0 0.35355339059327373 0
-0.35355339059327373 0 0.35355339059327373 0 0 -0.35355339059327373 0 -0.35355339059327373 0 0.35355339059327373 0 -0.35355339059327373 0.35355339059327373 0 0.35355339059327373 0
-0.35355339059327373 0 0.35355339059327373 0 0 -0.35355339059327373 0 -0.35355339059327373 0 0.35355339059327373 0 -0.35355339059327373 -0.35355339059327373 0 -0.35355339059327373 0
-0.35355339059327373 0 0.35355339059327373 0 0 -0.35355339059327373 0 -0.35355339059327373 0 -0.35355339059327373 0 0.35355339059327373 0.35355339059327373 0 0.35355339059327373 0
-0.35355339059327373 0 0.35355339059327373 0 0 -0.35355339059327373 0 -0.35355339059327373 0 -0.35355339059327373 0 0.35355339059327373 -0.35355339059327373 0 -0.35355339059327373 0
-0.35355339059327373 0 0.35355339059327373 0 0 -0.35355339059327373 0 -0.35355339059327373 0 -0.35355339059327373 0 -0.35355339059327373 0.35355339059327373 0 -0.35355339059327373 0
-0.35355339059327373 0 0.35355339059327373 0 0 -0.35355339059327373 0 -0.35355339059327373 0 -0.35355339059327373 0 -0.35355339059327373 -0.35355339059327373 0 0.35355339059327373 0
-0.35355339059327373 0 -0.35355339059327373 0 0 0.35355339059327373 0 0.35355339059327373 0 0.35355339059327373 0 0.35355339059327373 0.35355339059327373 0 0.35355339059327373 0
-0.35355339059327373 0 -0.35355339059327373 0 0 0.35355339059327373 0 0.35355339059327373 0 0.35355339059327373 0 0.35355339059327373 -0.35355339059327373 0 -0.35355339059327373 0
-0.35355339059327373 0 -0.35355339059327373 0 0 0.35355339059327373 0 0.35355339059327373 0 0.35355339059327373 0 -0.35355339059327373 0.35355339059327373 0 -0.35355339059327373 0
-0.35355339059327373 0 -0.35355339059327373 0 0 0.35355339059327373 0 0.35355339059327373 0 0.35355339059327373 0 -0.35355339059327373 -0.35355339059327373 0 0.35355339059327373 0
-0.35355339059327373 0 -0.35355339059327373 0 0 0.35355339059327373 0 0.35355339059327373 0 -0.35355339059327373 0 0.35355339059327373 0.35355339059327373 0 -0.35355339059327373 0
-0.35355339059327373 0 -0.35355339059327373 0 0 0.35355339059327373 0 0.35355339059327373 0 -0.35355339059327373 0 0.35355339059327373 -0.35355339059327373 0 0.35355339059327373 0
-0.35355339059327373 0 -0.35355339059327373 0 0 0.35355339059327373 0 0.35355339059327373 0 -0.35355339059327373 0 -0.35355339059327373 0.35355339059327373 0 0.35355339059327373 0
-0.35355339059327373 0 -0.35355339059327373 0 0 0.35355339059327373 0 0.35355339059327373 0 -0.35355339059327373 0 -0.35355339059327373 -0.35355339059327373 0 -0.35355339059327373 0
-0.35355339059327373 0 -0.35355339059327373 0 0 0.35355339059327373 0 -0.35355339059327373 0 0.35355339059327373 0 0.35355339059327373 0.35355339059327373 0 -0.35355339059327373 0
-0.35355339059327373 0 -0.35355339059327373 0 0 0.35355339059327373 0 -0.35355339059327373 0 0.35355339059327373 0 0.35355339059327373 -0.35355339059327373 0 0.35355339059327373 0
-0.35355339059327373 0 -0.35355339059327373 0 0 0.35355339059327373 0 -0.35355339059327373 0 0.35355339059327373 0 -0.35355339059327373 0.35355339059327373 0 0.35355339059327373 0
-0.35355339059327373 0 -0.35355339059327373 0 0 0.35355339059327373 0 -0.35355339059327373 0 0.35355339059327373 0 -0.35355339059327373 -0.35355339059327373 0 -0.35355339059327373 0
-0.35355339059327373 0 -0.35355339059327373 0 0 0.35355339059327373 0 -0.35355339059327373 0 -0.35355339059327373 0 0.35355339059327373 0.35355339059327373 0 0.35355339059327373 0
-0.35355339059327373 0 -0.35355339059327373 0 0 0.35355339059327373 0 -0.35355339059327373 0 -0.35355339059327373 0 0.35355339059327373 -0.35355339059327373 0 -0.35355339059327373 0
-0.35355339059327373 0 -0.35355339059327373 0 0 0.35355339059327373 0 -0.35355339059327373 0 -0.35355339059327373 0 -0.35355339059327373 0.35355339059327373 0 -0.35355339059327373 0
-0.35355339059327373 0 -0.35355339059327373 0 0 0.35355339059327373 0 -0.35355339059327373 0 -0.35355339059327373 0 -0.35355339059327373 -0.35355339059327373 0 0.35355339059327373 0
-0.35355339059327373 0 -0.35355339059327373 0 0 -0.35355339059327373 0 0.35355339059327373 0 0.35355339059327373 0 0.35355339059327373 0.35355339059327373 0 -0.35355339059327373 0
-0.35355339059327373 0 -0.35355339059327373 0 0 -0.35355339059327373 0 0.35355339059327373 0 0.35355339059327373 0 0.35355339059327373 -0.35355339059327373 0 0.35355339059327373 0
-0.35355339059327373 0 -0.35355339059327373 0 0 -0.35355339059327373 0 0.35355339059327373 0 0.35355339059327373 0 -0.35355339059327373 0.35355339059327373 0 0.35355339059327373 0
-0.35355339059327373 0 -0.35355339059327373 0 0 -0.35355339059327373 0 0.35355339059327373 0 0.35355339059327373 0 -0.35355339059327373 -0.35355339059327373 0 -0.35355339059327373 0
-0.35355339059327373 0 -0.35355339059327373 0 0 -0.35355339059327373 0 0.35355339059327373 0 -0.35355339059327373 0 0.35355339059327373 0.35355339059327373 0 0.35355339059327373 0
-0.35355339059327373 0 -0.35355339059327373 0 0 -0.35355339059327373 0 0.35355339059327373 0 -0.35355339059327373 0 0.35355339059327373 -0.35355339059327373 0 -0.35355339059327373 0
-0.35355339059327373 0 -0.35355339059327373 0 0 -0.35355339059327373 0 0.35355339059327373 0 -0.35355339059327373 0 -0.35355339059327373 0.35355339059327373 0 -0.35355339059327373 0
-0.35355339059327373 0 -0.35355339059327373 0 0 -0.35355339059327373 0 0.35355339059327373 0 -0.35355339059327373 0 -0.35355339059327373 -0.35355339059327373 0 0.35355339059327373 0
-0.35355339059327373 0 -0.35355339059327373 0 0 -0.35355339059327373 0 -0.35355339059327373 0 0.35355339059327373 0 0.35355339059327373 0.35355339059327373 0 0.35355339059327373 0
-0.35355339059327373 0 -0.35355339059327373 0 0 -0.35355339059327373 0 -0.35355339059327373 0 0.35355339059327373 0 0.35355339059327373 -0.35355339059327373 0 -0.35355339059327373 0
-0.35355339059327373 0 -0.35355339059327373 0 0 -0.35355339059327373 0 -0.35355339059327373 0 0.35355339059327373 0 -0.35355339059327373 0.35355339059327373 0 -0.35355339059327373 0
-0.35355339059327373 0 -0.35355339059327373 0 0 -0.35355339059327373 0 -0.35355339059327373 0 0.35355339059327373 0 -0.35355339059327373 -0.35355339059327373 0 0.35355339059327373 0
-0.35355339059327373 0 -0.35355339059327373 0 0 -0.35355339059327373 0 -0.35355339059327373 0 -0.35355339059327373 0 0.35355339059327373 0.35355339059327373 0 -0.35355339059327373 0
-0.35355339059327373 0 -0.35355339059327373 0 0 -0.35355339059327373 0 -0.35355339059327373 0 -0.35355339059327373 0 0.35355339059327373 -0.35355339059327373 0 0.35355339059327373 0
-0.35355339059327373 0 -0.35355339059327373 0 0 -0.35355339059327373 0 -0.35355339059327373 0 -0.35355339059327373 0 -0.35355339059327373 0.35355339059327373 0 0.35355339059327373 0
-0.35355339059327373 0 -0.35355339059327373 0 0 -0.35355339059327373 0 -0.35355339059327373 0 -0.35355339059327373 0 -0.35355339059327373 -0.35355339059327373 0 -0.35355339059327373 0
0 0 0.35355339059327373 0.35355339059327373 0.35355339059327373 0.35355339059327373 0 0 0.35355339059327373 0.35355339059327373 0 0 0 0 0.35355339059327373 0.35355339059327373
0 0 0.35355339059327373 0.35355339059327373 0.35355339059327373 0.35355339059327373 0 0 0.35355339059327373 0.35355339059327373 0 0 0 0 -0.35355339059327373 -0.35355339059327373
0 0 0.35355339059327373 0.35355339059327373 0.35355339059327373 0.35355339059327373 0 0 0.35355339059327373 -0.35355339059327373 0 0 0 0 0.35355339059327373 -0.35355339059327373
0 0 0.35355339059327373 0.35355339059327373 0.35355339059327373 0.35355339059327373 0 0 0.35355339059327373 -0.35355339059327373 0 0 0 0 -0.35355339059327373 0.35355339059327373
0 0 0.35355339059327373 0.35355339059327373 0.35355339059327373 0.35355339059327373 0 0 -0.35355339059327373 0.35355339059327373 0 0 0 0 0.35355339059327373 -0.35355339059327373
0 0 0.35355339059327373 0.35355339059327373 0.35355339059327373 0.35355339059327373 0 0 -0.35355339059327373 0.35355339059327373 0 0 0 0 -0.35355339059327373 0.35355339059327373
0 0 0.35355339059327373 0.35355339059327373 0.35355339059327373 0.35355339059327373 0 0 -0.35355339059327373 -0.35355339059327373 0 0 0 0 0.35355339059327373 0.35355339059327373
0 0 0.35355339059327373 0.35355339059327373 0.35355339059327373 0.35355339059327373 0 0 -0.35355339059327373 -0.35355339059327373 0 0 0 0 -0.35355339059327373 -0.35355339059327373
0 0 0.35355339059327373 0.35355339059327373 0.35355339059327373 -0.35355339059327373 0 0 0.35355339059327373 0.35355339059327373 0 0 0 0 0.35355339059327373 -0.35355339059327373
0 0 0.35355339059327373 0.35355339059327373 0.35355339059327373 -0.35355339059327373 0 0 0.35355339059327373 0.35355339059327373 0 0 0 0 -0.35355339059327373 0.35355339059327373
0 0 0.35355339059327373 0.35355339059327373 0.35355339059327373 -0.35355339059327373 0 0 0.35355339059327373 -0.35355339059327373 0 0 0 0 0.35355339059327373 0.35355339059327373
0 0 0.35355339059327373 0.35355339059327373 0.35355339059327373 -0.35355339059327373 0 0 0.35355339059327373 -0.35355339059327373 0 0 0 0 -0.35355339059327373 -0.35355339059327373
0 0 0.35355339059327373 0.35355339059327373 0.35355339059327373 -0.35355339059327373 0 0 -0.35355339059327373 0.35355339059327373 0 0 0 0 0.35355339059327373 0.35355339059327373
0 0 0.35355339059327373 0.35355339059327373 0.35355339059327373 -0.35355339059327373 0 0 -0.35355339059327373 0.35355339059327373 0 0 0 0 -0.35355339059327373 -0.35355339059327373
0 0 0.35355339059327373 0.35355339059327373 0.35355339059327373 -0.35355339059327373 0 0 -0.35355339059327373 -0.35355339059327373 0 0 0 0 0.35355339059327373 -0.35355339059327373
0 0 0.35355339059327373 0.35355339059327373 0.35355339059327373 -0.35355339059327373 0 0 -0.35355339059327373 -0.35355339059327373 0 0 0 0 -0.35355339059327373 0.35355339059327373
0 0 0.35355339059327373 0.35355339059327373 -0.35355339059327373 0.35355339059327373 0 0 0.35355339059327373 0.35355339059327373 0 0 0 0 0.35355339059327373 -0.35355339059327373
0 0 0.35355339059327373 0.35355339059327373 -0.35355339059327373 0.35355339059327373 0 0 0.35355339059327373 0.35355339059327373 0 0 0 0 -0.35355339059327373 0.35355339059327373
0 0 0.35355339059327373 0.35355339059327373 -0.35355339059327373 0.35355339059327373 0 0 0.35355339059327373 -0.35355339059327373 0 0 0 0 0.35355339059327373 0.35355339059327373
0 0 0.35355339059327373 0.35355339059327373 -0.35355339059327373 0.35355339059327373 0 0 0.35355339059327373 -0.35355339059327373 0 0 0 0 -0.35355339059327373 -0.35355339059327373
0 0 0.35355339059327373 0.35355339059327373 -0.35355339059327373 0.35355339059327373 0 0 -0.35355339059327373 0.35355339059327373 0 0 0 0 0.35355339059327373 0.35355339059327373
0 0 0.35355339059327373 0.35355339059327373 -0.35355339059327373 0.35355339059327373 0 0 -0.35355339059327373 0.35355339059327373 0 0 0 0 -0.35355339059327373 -0.35355339059327373
0 0 0.35355339059327373 0.35355339059327373 -0.35355339059327373 0.35355339059327373 0 0 -0.35355339059327373 -0.35355339059327373 0 0 0 0 0.35355339059327373 -0.35355339059327373
0 0 0.35355339059327373 0.35355339059327373 -0.35355339059327373 0.35355339059327373 0 0 -0.35355339059327373 -0.35355339059327373 0 0 0 0 -0.35355339059327373 0.35355339059327373
0 0 0.35355339059327373 0.35355339059327373 -0.35355339059327373 -0.35355339059327373 0 0 0.35355339059327373 0.35355339059327373 0 0 0 0 0.35355339059327373 0.35355339059327373
0 0 0.35355339059327373 0.35355339059327373 -0.35355339059327373 -0.35355339059327373 0 0 0.35355339059327373 0.35355339059327373 0 0 0 0 -0.35355339059327373 -0.35355339059327373
0 0 0.35355339059327373 0.35355339059327373 -0.35355339059327373 -0.35355339059327373 0 0 0.35355339059327373 -0.35355339059327373 0 0 0 0 0.35355339059327373 -0.35355339059327373
0 0 0.35355339059327373 0.35355339059327373 -0.35355339059327373 -0.35355339059327373 0 0 0.35355339059327373 -0.35355339059327373 0 0 0 0 -0.35355339059327373 0.35355339059327373
0 0 0.35355339059327373 0.35355339059327373 -0.35355339059327373 -0.35355339059327373 0 0 -0.35355339059327373 0.35355339059327373 0 0 0 0 0.35355339059327373 -0.35355339059327373
0 0 0.35355339059327373 0.35355339059327373 -0.35355339059327373 -0.35355339059327373 0 0 -0.35355339059327373 0.35355339059327373 0 0 0 0 -0.35355339059327373 0.35355339059327373
0 0 0.35355339059327373 0.35355339059327373 -0.35355339059327373 -0.35355339059327373 0 0 -0.35355339059327373 -0.35355339059327373 0 0 0 0 0.35355339059327373 0.35355339059327373
0 0 0.35355339059327373 0.35355339059327373 -0.35355339059327373 -0.35355339059327373 0 0 -0.35355339059327373 -0.35355339059327373 0 0 0 0 -0.35355339059327373 -0.35355339059327373
0 0 0.35355339059327373 -0.35355339059327373 0.35355339059327373 0.35355339059327373 0 0 0.35355339059327373 0.35355339059327373 0 0 0 0 0.35355339059327373 -0.35355339059327373
0 0 0.35355339059327373 -0.35355339059327373 0.35355339059327373 0.35355339059327373 0 0 0.35355339059327373 0.35355339059327373 0 0 0 0 -0.35355339059327373 0.35355339059327373
0 0 0.35355339059327373 -0.35355339059327373 0.35355339059327373 0.35355339059327373 0 0 0.35355339059327373 -0.35355339059327373 0 0 0 0 0.35355339059327373 0.35355339059327373
0 0 0.35355339059327373 -0.35355339059327373 0.35355339059327373 0.35355339059327373 0 0 0.35355339059327373 -0.35355339059327373 0 0 0 0 -0.35355339059327373 -0.35355339059327373
0 0 0.35355339059327373 -0.35355339059327373 0.35355339059327373 0.35355339059327373 0 0 -0.35355339059327373 0.35355339059327373 0 0 0 0 0.35355339059327373 0.35355339059327373
0 0 0.35355339059327373 -0.35355339059327373 0.35355339059327373 0.35355339059327373 0 0 -0.35355339059327373 0.35355339059327373 0 0 0 0 -0.35355339059327373 -0.35355339059327373
0 0 0.35355339059327373 -0.35355339059327373 0.35355339059327373 0.35355339059327373 0 0 -0.35355339059327373 -0.35355339059327373 0 0 0 0 0.35355339059327373 -0.35355339059327373
0 0 0.35355339059327373 -0.35355339059327373 0.35355339059327373 0.35355339059327373 0 0 -0.35355339059327373 -0.35355339059327373 0 0 0 0 -0.35355339059327373 0.35355339059327373
0 0 0.35355339059327373 -0.35355339059327373 0.35355339059327373 -0.35355339059327373 0 0 0.35355339059327373 0.35355339059327373 0 0 0 0 0.35355339059327373 0.35355339059327373
0 0 0.35355339059327373 -0.35355339059327373 0.35355339059327373 -0.35355339059327373 0 0 0.35355339059327373 0.35355339059327373 0 0 0 0 -0.35355339059327373 -0.35355339059327373
0 0 0.35355339059327373 -0.35355339059327373 0.35355339059327373 -0.35355339059327373 0 0 0.35355339059327373 -0.35355339059327373 0 0 0 0 0.35355339059327373 -0.35355339059327373
0 0 0.35355339059327373 -0.35355339059327373 0.35355339059327373 -0.35355339059327373 0 0 0.35355339059327373 -0.35355339059327373 0 0 0 0 -0.35355339059327373 0.35355339059327373
0 0 0.35355339059327373 -0.35355339059327373 0.35355339059327373 -0.35355339059327373 0 0 -0.35355339059327373 0.35355339059327373 0 0 0 0 0.35355339059327373 -0.35355339059327373
0 0 0.35355339059327373 -0.35355339059327373 0.35355339059327373 -0.35355339059327373 0 0 -0.35355339059327373 0.35355339059327373 0 0 0 0 -0.35355339059327373 0.35355339059327373
0 0 0.35355339059327373 -0.35355339059327373 0.35355339059327373 -0.35355339059327373 0 0 -0.35355339059327373 -0.35355339059327373 0 0 0 0 0.35355339059327373 0.35355339059327373
0 0 0.35355339059327373 -0.35355339059327373 0.35355339059327373 -0.35355339059327373 0 0 -0.35355339059327373 -0.35355339059327373 0 0 0 0 -0.35355339059327373 -0.35355339059327373
0 0 0.35355339059327373 -0.35355339059327373 -0.35355339059327373 0.35355339059327373 0 0 0.35355339059327373 0.35355339059327373 0 0 0 0 0.35355339059327373 0.35355339059327373
0 0 0.35355339059327373 -0.35355339059327373 -0.35355339059327373 0.35355339059327373 0 0 0.35355339059327373 0.35355339059327373 0 0 0 0 -0.35355339059327373 -0.35355339059327373
0 0 0.35355339059327373 -0.35355339059327373 -0.35355339059327373 0.35355339059327373 0 0 0.35355339059327373 -0.35355339059327373 0 0 0 0 0.35355339059327373 -0.35355339059327373
0 0 0.35355339059327373 -0.35355339059327373 -0.35355339059327373 0.35355339059327373 0 0 0.35355339059327373 -0.35355339059327373 0 0 0 0 -0.35355339059327373 0.35355339059327373
0 0 0.35355339059327373 -0.35355339059327373 -0.35355339059327373 0.35355339059327373 0 0 -0.35355339059327373 0.35355339059327373 0 0 0 0 0.35355339059327373 -0.35355339059327373
0 0 0.35355339059327373 -0.35355339059327373 -0.35355339059327373 0.35355339059327373 0 0 -0.35355339059327373 0.35355339059327373 0 0 0 0 -0.35355339059327373 0.35355339059327373
0 0 0.35355339059327373 -0.35355339059327373 -0.35355339059327373 0.35355339059327373 0 0 -0.35355339059327373 -0.35355339059327373 0 0 0 0 0.35355339059327373 0.35355339059327373
0 0 0.35355339059327373 -0.35355339059327373 -0.35355339059327373 0.35355339059327373 0 0 -0.35355339059327373 -0.35355339059327373 0 0 0 0 -0.35355339059327373 -0.35355339059327373
0 0 0.35355339059327373 -0.35355339059327373 -0.35355339059327373 -0.35355339059327373 0 0 0.35355339059327373 0.35355339059327373 0 0 0 0 0.35355339059327373 -0.35355339059327373
0 0 0.35355339059327373 -0.35355339059327373 -0.35355339059327373 -0.35355339059327373 0 0 0.35355339059327373 0.35355339059327373 0 0 0 0 -0.35355339059327373 0.35355339059327373
0 0 0.35355339059327373 -0.35355339059327373 -0.35355339059327373 -0.35355339059327373 0 0 0.35355339059327373 -0.35355339059327373 0 0 0 0 0.35355339059327373 0.35355339059327373
0 0 0.35355339059327373 -0.35355339059327373 -0.35355339059327373 -0.35355339059327373 0 0 0.35355339059327373 -0.35355339059327373 0 0 0 0 -0.35355339059327373 -0.35355339059327373
0 0 0.35355339059327373 -0.35355339059327373 -0.35355339059327373 -0.35355339059327373 0 0 -0.35355339059327373 0.35355339059327373 0 0 0 0 0.35355339059327373 0.35355339059327373
0 0 0.35355339059327373 -0.35355339059327373 -0.35355339059327373 -0.35355339059327373 0 0 -0.35355339059327373 0.35355339059327373 0 0 0 0 -0.35355339059327373 -0.35355339059327373
0 0 0.35355339059327373 -0.35355339059327373 -0.35355339059327373 -0.35355339059327373 0 0 -0.35355339059327373 -0.35355339059327373 0 0 0 0 0.35355339059327373 -0.35355339059327373
0 0 0.35355339059327373 -0.35355339059327373 -0.35355339059327373 -0.35355339059327373 0 0 -0.35355339059327373 -0.35355339059327373 0 0 0 0 -0.35355339059327373 0.35355339059327373
0 0 -0.35355339059327373 0.35355339059327373 0.35355339059327373 0.35355339059327373 0 0 0.35355339059327373 0.35355339059327373 0 0 0 0 0.35355339059327373 -0.35355339059327373
0 0 -0.35355339059327373 0.35355339059327373 0.35355339059327373 0.35355339059327373 0 0 0.35355339059327373 0.35355339059327373 0 0 0 0 -0.35355339059327373 0.35355339059327373
0 0 -0.35355339059327373 0.35355339059327373 0.35355339059327373 0.35355339059327373 0 0 0.35355339059327373 -0.35355339059327373 0 0 0 0 0.35355339059327373 0.35355339059327373
0 0 -0.35355339059327373 0.35355339059327373 0.35355339059327373 0.35355339059327373 0 0 0.35355339059327373 -0.35355339059327373 0 0 0 0 -0.35355339059327373 -0.35355339059327373
0 0 -0.35355339059327373 0.35355339059327373 0.35355339059327373 0.35355339059327373 0 0 -0.35355339059327373 0.35355339059327373 0 0 0 0 0.35355339059327373 0.35355339059327373
0 0 -0.35355339059327373 0.35355339059327373 0.35355339059327373 0.35355339059327373 0 0 -0.35355339059327373 0.35355339059327373 0 0 0 0 -0.35355339059327373 -0.35355339059327373
0 0 -0.35355339059327373 0.35355339059327373 0.35355339059327373 0.35355339059327373 0 0 -0.35355339059327373 -0.35355339059327373 0 0 0 0 0.35355339059327373 -0.35355339059327373
0 0 -0.35355339059327373 0.35355339059327373 0.35355339059327373 0.35355339059327373 0 0 -0.35355339059327373 -0.35355339059327373 0 0 0 0 -0.35355339059327373 0.35355339059327373
0 0 -0.35355339059327373 0.35355339059327373 0.35355339059327373 -0.35355339059327373 0 0 0.35355339059327373 0.35355339059327373 0 0 0 0 0.35355339059327373 0.35355339059327373
0 0 -0.35355339059327373 0.35355339059327373 0.35355339059327373 -0.35355339059327373 0 0 0.35355339059327373 0.35355339059327373 0 0 0 0 -0.35355339059327373 -0.35355339059327373
0 0 -0.35355339059327373 0.35355339059327373 0.35355339059327373 -0.35355339059327373 0 0 0.35355339059327373 -0.35355339059327373 0 0 0 0 0.35355339059327373 -0.35355339059327373
0 0 -0.35355339059327373 0.35355339059327373 0.35355339059327373 -0.35355339059327373 0 0 0.35355339059327373 -0.35355339059327373 0 0 0 0 -0.35355339059327373 0.35355339059327373
0 0 -0.35355339059327373 0.35355339059327373 0.35355339059327373 -0.35355339059327373 0 0 -0.35355339059327373 0.35355339059327373 0 0 0 0 0.35355339059327373 -0.35355339059327373
0 0 -0.35355339059327373 0.35355339059327373 0.35355339059327373 -0.35355339059327373 0 0 -0.35355339059327373 0.35355339059327373 0 0 0 0 -0.35355339059327373 0.35355339059327373
0 0 -0.35355339059327373 0.35355339059327373 0.35355339059327373 -0.35355339059327373 0 0 -0.35355339059327373 -0.35355339059327373 0 0 0 0 0.35355339059327373 0.35355339059327373
0 0 -0.35355339059327373 0.35355339059327373 0.35355339059327373 -0.35355339059327373 0 0 -0.35355339059327373 -0.35355339059327373 0 0 0 0 -0.35355339059327373 -0.35355339059327373
0 0 -0.35355339059327373 0.35355339059327373 -0.35355339059327373 0.35355339059327373 0 0 0.35355339059327373 0.35355339059327373 0 0 0 0 0.35355339059327373 0.35355339059327373
0 0 -0.35355339059327373 0.35355339059327373 -0.35355339059327373 0.35355339059327373 0 0 0.35355339059327373 0.35355339059327373 0 0 0 0 -0.35355339059327373 -0.35355339059327373
0 0 -0.35355339059327373 0.35355339059327373 -0.35355339059327373 0.35355339059327373 0 0 0.35355339059327373 -0.35355339059327373 0 0 0 0 0.35355339059327373 -0.35355339059327373
0 0 -0.35355339059327373 0.35355339059327373 -0.35355339059327373 0.35355339059327373 0 0 0.35355339059327373 -0.35355339059327373 0 0 0 0 -0.35355339059327373 0.35355339059327373
0 0 -0.35355339059327373 0.35355339059327373 -0.35355339059327373 0.35355339059327373 0 0 -0.35355339059327373 0.35355339059327373 0 0 0 0 0.35355339059327373 -0.35355339059327373
0 0 -0.35355339059327373 0.35355339059327373 -0.35355339059327373 0.35355339059327373 0 0 -0.35355339059327373 0.35355339059327373 0 0 0 0 -0.35355339059327373 0.35355339059327373
0 0 -0.35355339059327373 0.35355339059327373 -0.35355339059327373 0.35355339059327373 0 0 -0.35355339059327373 -0.35355339059327373 0 0 0 0 0.35355339059327373 0.35355339059327373
0 0 -0.35355339059327373 0.35355339059327373 -0.35355339059327373 0.35355339059327373 0 0 -0.35355339059327373 -0.35355339059327373 0 0 0 0 -0.35355339059327373 -0.35355339059327373
0 0 -0.35355339059327373 0.35355339059327373 -0.35355339059327373 -0.35355339059327373 0 0 0.35355339059327373 0.35355339059327373 0 0 0 0 0.35355339059327373 -0.35355339059327373
0 0 -0.35355339059327373 0.35355339059327373 -0.35355339059327373 -0.35355339059327373 0 0 0.35355339059327373 0.35355339059327373 0 0 0 0 -0.35355339059327373 0.35355339059327373
0 0 -0.35355339059327373 0.35355339059327373 -0.35355339059327373 -0.35355339059327373 0 0 0.35355339059327373 -0.35355339059327373 0 0 0 0 0.35355339059327373 0.35355339059327373
0 0 -0.35355339059327373 0.35355339059327373 -0.35355339059327373 -0.35355339059327373 0 0 0.35355339059327373 -0.35355339059327373 0 0 0 0 -0.35355339059327373 -0.35355339059327373
0 0 -0.35355339059327373 0.35355339059327373 -0.35355339059327373 -0.35355339059327373 0 0 -0.35355339059327373 0.35355339059327373 0 0 0 0 0.35355339059327373 0.35355339059327373
0 0 -0.35355339059327373 0.35355339059327373 -0.35355339059327373 -0.35355339059327373 0 0 -0.35355339059327373 0.35355339059327373 0 0 0 0 -0.35355339059327373 -0.35355339059327373
0 0 -0.35355339059327373 0.35355339059327373 -0.35355339059327373 -0.35355339059327373 0 0 -0.35355339059327373 -0.35355339059327373 0 0 0 0 0.35355339059327373 -0.35355339059327373
0 0 -0.35355339059327373 0.35355339059327373 -0.35355339059327373 -0.35355339059327373 0 0 -0.35355339059327373 -0.35355339059327373 0 0 0 0 -0.35355339059327373 0.35355339059327373
0 0 -0.35355339059327373 -0.35355339059327373 0.35355339059327373 0.35355339059327373 0 0 0.35355339059327373 0.35355339059327373 0 0 0 0 0.35355339059327373 0.35355339059327373
0 0 -0.35355339059327373 -0.35355339059327373 0.35355339059327373 0.35355339059327373 0 0 0.35355339059327373 0.35355339059327373 0 0 0 0 -0.35355339059327373 -0.35355339059327373
0 0 -0.35355339059327373 -0.35355339059327373 0.35355339059327373 0.35355339059327373 0 0 0.35355339059327373 -0.35355339059327373 0 0 0 0 0.35355339059327373 -0.35355339059327373
0 0 -0.35355339059327373 -0.35355339059327373 0.35355339059327373 0.35355339059327373 0 0 0.35355339059327373 -0.35355339059327373 0 0 0 0 -0.35355339059327373 0.35355339059327373
0 0 -0.35355339059327373 -0.35355339059327373 0.35355339059327373 0.35355339059327373 0 0 -0.35355339059327373 0.35355339059327373 0 0 0 0 0.35355339059327373 -0.35355339059327373
0 0 -0.35355339059327373 -0.35355339059327373 0.35355339059327373 0.35355339059327373 0 0 -0.35355339059327373 0.35355339059327373 0 0 0 0 -0.35355339059327373 0.35355339059327373
0 0 -0.35355339059327373 -0.35355339059327373 0.35355339059327373 0.35355339059327373 0 0 -0.35355339059327373 -0.35355339059327373 0 0 0 0 0.35355339059327373 0.35355339059327373
0 0 -0.35355339059327373 -0.35355339059327373 0.35355339059327373 0.35355339059327373 0 0 -0.35355339059327373 -0.35355339059327373 0 0 0 0 -0.35355339059327373 -0.35355339059327373
0 0 -0.35355339059327373 -0.35355339059327373 0.35355339059327373 -0.35355339059327373 0 0 0.35355339059327373 0.35355339059327373 0 0 0 0 0.35355339059327373 -0.35355339059327373
0 0 -0.35355339059327373 -0.35355339059327373 0.35355339059327373 -0.35355339059327373 0 0 0.35355339059327373 0.35355339059327373 0 0 0 0 -0.35355339059327373 0.35355339059327373
0 0 -0.35355339059327373 -0.35355339059327373 0.35355339059327373 -0.35355339059327373 0 0 0.35355339059327373 -0.35355339059327373 0 0 0 0 0.35355339059327373 0.35355339059327373
0 0 -0.35355339059327373 -0.35355339059327373 0.35355339059327373 -0.35355339059327373 0 0 0.35355339059327373 -0.35355339059327373 0 0 0 0 -0.35355339059327373 -0.35355339059327373
0 0 -0.35355339059327373 -0.35355339059327373 0.35355339059327373 -0.35355339059327373 0 0 -0.35355339059327373 0.35355339059327373 0 0 0 0 0.35355339059327373 0.35355339059327373
0 0 -0.35355339059327373 -0.35355339059327373 0.35355339059327373 -0.35355339059327373 0 0 -0.35355339059327373 0.35355339059327373 0 0 0 0 -0.35355339059327373 -0.35355339059327373
0 0 -0.35355339059327373 -0.35355339059327373 0.35355339059327373 -0.35355339059327373 0 0 -0.35355339059327373 -0.35355339059327373 0 0 0 0 0.35355339059327373 -0.35355339059327373
0 0 -0.35355339059327373 -0.35355339059327373 0.35355339059327373 -0.35355339059327373 0 0 -0.35355339059327373 -0.35355339059327373 0 0 0 0 -0.35355339059327373 0.35355339059327373
0 0 -0.35355339059327373 -0.35355339059327373 -0.35355339059327373 0.35355339059327373 0 0 0.35355339059327373 0.35355339059327373 0 0 0 0 0.35355339059327373 -0.35355339059327373
0 0 -0.35355339059327373 -0.35355339059327373 -0.35355339059327373 0.35355339059327373 0 0 0.35355339059327373 0.35355339059327373 0 0 0 0 -0.35355339059327373 0.35355339059327373
0 0 -0.35355339059327373 -0.35355339059327373 -0.35355339059327373 0.35355339059327373 0 0 0.35355339059327373 -0.35355339059327373 0 0 0 0 0.35355339059327373 0.35355339059327373
0 0 -0.35355339059327373 -0.35355339059327373 -0.35355339059327373 0.35355339059327373 0 0 0.35355339059327373 -0.35355339059327373 0 0 0 0 -0.35355339059327373 -0.35355339059327373
0 0 -0.35355339059327373 -0.35355339059327373 -0.35355339059327373 0.35355339059327373 0 0 -0.35355339059327373 0.35355339059327373 0 0 0 0 0.35355339059327373 0.35355339059327373
0 0 -0.35355339059327373 -0.35355339059327373 -0.35355339059327373 0.35355339059327373 0 0 -0.35355339059327373 0.35355339059327373 0 0 0 0 -0.35355339059327373 -0.35355339059327373
0 0 -0.35355339059327373 -0.35355339059327373 -0.35355339059327373 0.35355339059327373 0 0 -0.35355339059327373 -0.35355339059327373 0 0 0 0 0.35355339059327373 -0.35355339059327373
0 0 -0.35355339059327373 -0.35355339059327373 -0.35355339059327373 0.35355339059327373 0 0 -0.35355339059327373 -0.35355339059327373 0 0 0 0 -0.35355339059327373 0.35355339059327373
0 0 -0.35355339059327373 -0.35355339059327373 -0.35355339059327373 -0.35355339059327373 0 0 0.35355339059327373 0.35355339059327373 0 0 0 0 0.35355339059327373 0.35355339059327373
0 0 -0.35355339059327373 -0.35355339059327373 -0.35355339059327373 -0.35355339059327373 0 0 0.35355339059327373 0.35355339059327373 0 0 0 0 -0.35355339059327373 -0.35355339059327373
0 0 -0.35355339059327373 -0.35355339059327373 -0.35355339059327373 -0.35355339059327373 0 0 0.35355339059327373 -0.35355339059327373 0 0 0 0 0.35355339059327373 -0.35355339059327373
0 0 -0.35355339059327373 -0.35355339059327373 -0.35355339059327373 -0.35355339059327373 0 0 0.35355339059327373 -0.35355339059327373 0 0 0 0 -0.35355339059327373 0.35355339059327373
0 0 -0.35355339059327373 -0.35355339059327373 -0.35355339059327373 -0.35355339059327373 0 0 -0.35355339059327373 0.35355339059327373 0 0 0 0 0.35355339059327373 -0.35355339059327373
0 0 -0.35355339059327373 -0.35355339059327373 -0.35355339059327373 -0.35355339059327373 0 0 -0.35355339059327373 0.35355339059327373 0 0 0 0 -0.35355339059327373 0.35355339059327373
0 0 -0.35355339059327373 -0.35355339059327373 -0.35355339059327373 -0.35355339059327373 0 0 -0.35355339059327373 -0.35355339059327373 0 0 0 0 0.35355339059327373 0.35355339059327373
0 0 -0.35355339059327373 -0.35355339059327373 -0.35355339059327373 -0.35355339059327373 0 0 -0.35355339059327373 -0.35355339059327373 0 0 0 0 -0.35355339059327373 -0.35355339059327373
0.35355339059327373 0.35355339059327373 0 0 0 0 0.35355339059327373 0.35355339059327373 0 0 0.35355339059327373 0.35355339059327373 0.35355339059327373 0.35355339059327373 0 0
0.35355339059327373 0.35355339059327373 0 0 0 0 0.35355339059327373 0.35355339059327373 0 0 0.35355339059327373 0.35355339059327373 -0.35355339059327373 -0.35355339059327373 0 0
0.35355339059327373 0.35355339059327373 0 0 0 0 0.35355339059327373 0.35355339059327373 0 0 0.35355339059327373 -0.35355339059327373 0.35355339059327373 -0.35355339059327373 0 0
0.35355339059327373 0.35355339059327373 0 0 0 0 0.35355339059327373 0.35355339059327373 0 0 0.35355339059327373 -0.35355339059327373 -0.35355339059327373 0.35355339059327373 0 0
0.35355339059327373 0.35355339059327373 0 0 0 0 0.35355339059327373 0.35355339059327373 0 0 -0.35355339059327373 0.35355339059327373 0.35355339059327373 -0.35355339059327373 0 0
0.35355339059327373 0.35355339059327373 0 0 0 0 0.35355339059327373 0.35355339059327373 0 0 -0.35355339059327373 0.35355339059327373 -0.35355339059327373 0.35355339059327373 0 0
0.35355339059327373 0.35355339059327373 0 0 0 0 0.35355339059327373 0.35355339059327373 0 0 -0.35355339059327373 -0.35355339059327373 0.35355339059327373 0.35355339059327373 0 0
0.35355339059327373 0.35355339059327373 0 0 0 0 0.35355339059327373 0.35355339059327373 0 0 -0.35355339059327373 -0.35355339059327373 -0.35355339059327373 -0.35355339059327373 0 0
0.35355339059327373 0.35355339059327373 0 0 0 0 0.35355339059327373 -0.35355339059327373 0 0 0.35355339059327373 0.35355339059327373 0.35355339059327373 -0.35355339059327373 0 0
0.35355339059327373 0.35355339059327373 0 0 0 0 0.35355339059327373 -0.35355339059327373 0 0 0.35355339059327373 0.35355339059327373 -0.35355339059327373 0.35355339059327373 0 0
0.35355339059327373 0.35355339059327373 0 0 0 0 0.35355339059327373 -0.35355339059327373 0 0 0.35355339059327373 -0.35355339059327373 0.35355339059327373 0.35355339059327373 0 0
0.35355339059327373 0.35355339059327373 0 0 0 0 0.35355339059327373 -0.35355339059327373 0 0 0.35355339059327373 -0.35355339059327373 -0.35355339059327373 -0.35355339059327373 0 0
0.35355339059327373 0.35355339059327373 0 0 0 0 0.35355339059327373 -0.35355339059327373 0 0 -0.35355339059327373 0.35355339059327373 0.35355339059327373 0.35355339059327373 0 0
0.35355339059327373 0.35355339059327373 0 0 0 0 0.35355339059327373 -0.35355339059327373 0 0 -0.35355339059327373 0.35355339059327373 -0.35355339059327373 -0.35355339059327373 0 0
0.35355339059327373 0.35355339059327373 0 0 0 0 0.35355339059327373 -0.35355339059327373 0 0 -0.35355339059327373 -0.35355339059327373 0.35355339059327373 -0.35355339059327373 0 0
0.35355339059327373 0.35355339059327373 0 0 0 0 0.35355339059327373 -0.35355339059327373 0 0 -0.35355339059327373 -0.35355339059327373 -0.35355339059327373 0.35355339059327373 0 0
0.35355339059327373 0.35355339059327373 0 0 0 0 -0.35355339059327373 0.35355339059327373 0 0 0.35355339059327373 0.35355339059327373 0.35355339059327373 -0.35355339059327373 0 0
0.35355339059327373 0.35355339059327373 0 0 0 0 -0.35355339059327373 0.35355339059327373 0 0 0.35355339059327373 0.35355339059327373 -0.35355339059327373 0.35355339059327373 0 0
0.35355339059327373 0.35355339059327373 0 0 0 0 -0.35355339059327373 0.35355339059327373 0 0 0.35355339059327373 -0.35355339059327373 0.35355339059327373 0.35355339059327373 0 0
0.35355339059327373 0.35355339059327373 0 0 0 0 -0.35355339059327373 0.35355339059327373 0 0 0.35355339059327373 -0.35355339059327373 -0.35355339059327373 -0.35355339059327373 0 0
0.35355339059327373 0.35355339059327373 0 0 0 0 -0.35355339059327373 0.35355339059327373 0 0 -0.35355339059327373 0.35355339059327373 0.35355339059327373 0.35355339059327373 0 0
0.35355339059327373 0.35355339059327373 0 0 0 0 -0.35355339059327373 0.35355339059327373 0 0 -0.35355339059327373 0.35355339059327373 -0.35355339059327373 -0.35355339059327373 0 0
0.35355339059327373 0.35355339059327373 0 0 0 0 -0.35355339059327373 0.35355339059327373 0 0 -0.35355339059327373 -0.35355339059327373 0.35355339059327373 -0.35355339059327373 0 0
0.35355339059327373 0.35355339059327373 0 0 0 0 -0.35355339059327373 0.35355339059327373 0 0 -0.35355339059327373 -0.35355339059327373 -0.35355339059327373 0.35355339059327373 0 0
0.35355339059327373 0.35355339059327373 0 0 0 0 -0.35355339059327373 -0.35355339059327373 0 0 0.35355339059327373 0.35355339059327373 0.35355339059327373 0.35355339059327373 0 0
0.35355339059327373 0.35355339059327373 0 0 0 0 -0.35355339059327373 -0.35355339059327373 0 0 0.35355339059327373 0.35355339059327373 -0.35355339059327373 -0.35355339059327373 0 0
0.35355339059327373 0.35355339059327373 0 0 0 0 -0.35355339059327373 -0.35355339059327373 0 0 0.35355339059327373 -0.35355339059327373 0.35355339059327373 -0.35355339059327373 0 0
0.35355339059327373 0.35355339059327373 0 0 0 0 -0.35355339059327373 -0.35355339059327373 0 0 0.35355339059327373 -0.35355339059327373 -0.35355339059327373 0.35355339059327373 0 0
0.35355339059327373 0.35355339059327373 0 0 0 0 -0.35355339059327373 -0.35355339059327373 0 0 -0.35355339059327373 0.35355339059327373 0.35355339059327373 -0.35355339059327373 0 0
0.35355339059327373 0.35355339059327373 0 0 0 0 -0.35355339059327373 -0.35355339059327373 0 0 -0.35355339059327373 0.35355339059327373 -0.35355339059327373 0.35355339059327373 0 0
0.35355339059327373 0.35355339059327373 0 0 0 0 -0.35355339059327373 -0.35355339059327373 0 0 -0.35355339059327373 -0.35355339059327373 0.35355339059327373 0.35355339059327373 0 0
0.35355339059327373 0.35355339059327373 0 0 0 0 -0.35355339059327373 -0.35355339059327373 0 0 -0.35355339059327373 -0.35355339059327373 -0.35355339059327373 -0.35355339059327373 0 0
0.35355339059327373 -0.35355339059327373 0 0 0 0 0.35355339059327373 0.35355339059327373 0 0 0.35355339059327373 0.35355339059327373 0.35355339059327373 -0.35355339059327373 0 0
0.35355339059327373 -0.35355339059327373 0 0 0 0 0.35355339059327373 0.35355339059327373 0 0 0.35355339059327373 0.35355339059327373 -0.35355339059327373 0.35355339059327373 0 0
0.35355339059327373 -0.35355339059327373 0 0 0 0 0.35355339059327373 0.35355339059327373 0 0 0.35355339059327373 -0.35355339059327373 0.35355339059327373 0.35355339059327373 0 0
0.35355339059327373 -0.35355339059327373 0 0 0 0 0.35355339059327373 0.35355339059327373 0 0 0.35355339059327373 -0.35355339059327373 -0.35355339059327373 -0.35355339059327373 0 0
0.35355339059327373 -0.35355339059327373 0 0 0 0 0.35355339059327373 0.35355339059327373 0 0 -0.35355339059327373 0.35355339059327373 0.35355339059327373 0.35355339059327373 0 0
0.35355339059327373 -0.35355339059327373 0 0 0 0 0.35355339059327373 0.35355339059327373 0 0 -0.35355339059327373 0.35355339059327373 -0.35355339059327373 -0.35355339059327373 0 0
0.35355339059327373 -0.35355339059327373 0 0 0 0 0.35355339059327373 0.35355339059327373 0 0 -0.35355339059327373 -0.35355339059327373 0.35355339059327373 -0.35355339059327373 0 0
0.35355339059327373 -0.35355339059327373 0 0 0 0 0.35355339059327373 0.35355339059327373 0 0 -0.35355339059327373 -0.35355339059327373 -0.35355339059327373 0.35355339059327373 0 0
0.35355339059327373 -0.35355339059327373 0 0 0 0 0.35355339059327373 -0.35355339059327373 0 0 0.35355339059327373 0.35355339059327373 0.35355339059327373 0.35355339059327373 0 0
0.35355339059327373 -0.35355339059327373 0 0 0 0 0.35355339059327373 -0.35355339059327373 0 0 0.35355339059327373 0.35355339059327373 -0.35355339059327373 -0.35355339059327373 0 0
0.35355339059327373 -0.35355339059327373 0 0 0 0 0.35355339059327373 -0.35355339059327373 0 0 0.35355339059327373 -0.35355339059327373 0.35355339059327373 -0.35355339059327373 0 0
0.35355339059327373 -0.35355339059327373 0 0 0 0 0.35355339059327373 -0.35355339059327373 0 0 0.35355339059327373 -0.35355339059327373 -0.35355339059327373 0.35355339059327373 0 0
0.35355339059327373 -0.35355339059327373 0 0 0 0 0.35355339059327373 -0.35355339059327373 0 0 -0.35355339059327373 0.35355339059327373 0.35355339059327373 -0.35355339059327373 0 0
0.35355339059327373 -0.35355339059327373 0 0 0 0 0.35355339059327373 -0.35355339059327373 0 0 -0.35355339059327373 0.35355339059327373 -0.35355339059327373 0.35355339059327373 0 0
0.35355339059327373 -0.35355339059327373 0 0 0 0 0.35355339059327373 -0.35355339059327373 0 0 -0.35355339059327373 -0.35355339059327373 0.35355339059327373 0.35355339059327373 0 0
0.35355339059327373 -0.35355339059327373 0 0 0 0 0.35355339059327373 -0.35355339059327373 0 0 -0.35355339059327373 -0.35355339059327373 -0.35355339059327373 -0.35355339059327373 0 0
0.35355339059327373 -0.35355339059327373 0 0 0 0 -0.35355339059327373 0.35355339059327373 0 0 0.35355339059327373 0.35355339059327373 0.35355339059327373 0.35355339059327373 0 0
0.35355339059327373 -0.35355339059327373 0 0 0 0 -0.35355339059327373 0.35355339059327373 0 0 0.35355339059327373 0.35355339059327373 -0.35355339059327373 -0.35355339059327373 0 0
0.35355339059327373 -0.35355339059327373 0 0 0 0 -0.35355339059327373 0.35355339059327373 0 0 0.35355339059327373 -0.35355339059327373 0.35355339059327373 -0.35355339059327373 0 0
0.35355339059327373 -0.35355339059327373 0 0 0 0 -0.35355339059327373 0.35355339059327373 0 0 0.35355339059327373 -0.35355339059327373 -0.35355339059327373 0.35355339059327373 0 0
0.35355339059327373 -0.35355339059327373 0 0 0 0 -0.35355339059327373 0.35355339059327373 0 0 -0.35355339059327373 0.35355339059327373 0.35355339059327373 -0.35355339059327373 0 0
0.35355339059327373 -0.35355339059327373 0 0 0 0 -0.35355339059327373 0.35355339059327373 0 0 -0.35355339059327373 0.35355339059327373 -0.35355339059327373 0.35355339059327373 0 0
0.35355339059327373 -0.35355339059327373 0 0 0 0 -0.35355339059327373 0.35355339059327373 0 0 -0.35355339059327373 -0.35355339059327373 0.35355339059327373 0.35355339059327373 0 0
0.35355339059327373 -0.35355339059327373 0 0 0 0 -0.35355339059327373 0.35355339059327373 0 0 -0.35355339059327373 -0.35355339059327373 -0.35355339059327373 -0.35355339059327373 0 0
0.35355339059327373 -0.35355339059327373 0 0 0 0 -0.35355339059327373 -0.35355339059327373 0 0 0.35355339059327373 0.35355339059327373 0.35355339059327373 -0.35355339059327373 0 0
0.35355339059327373 -0.35355339059327373 0 0 0 0 -0.35355339059327373 -0.35355339059327373 0 0 0.35355339059327373 0.35355339059327373 -0.35355339059327373 0.35355339059327373 0 0
0.35355339059327373 -0.35355339059327373 0 0 0 0 -0.35355339059327373 -0.35355339059327373 0 0 0.35355339059327373 -0.35355339059327373 0.35355339059327373 0.35355339059327373 0 0
0.35355339059327373 -0.35355339059327373 0 0 0 0 -0.35355339059327373 -0.35355339059327373 0 0 0.35355339059327373 -0.35355339059327373 -0.35355339059327373 -0.35355339059327373 0 0
0.35355339059327373 -0.35355339059327373 0 0 0 0 -0.35355339059327373 -0.35355339059327373 0 0 -0.35355339059327373 0.35355339059327373 0.35355339059327373 0.35355339059327373 0 0
0.35355339059327373 -0.35355339059327373 0 0 0 0 -0.35355339059327373 -0.35355339059327373 0 0 -0.35355339059327373 0.35355339059327373 -0.35355339059327373 -0.35355339059327373 0 0
0.35355339059327373 -0.35355339059327373 0 0 0 0 -0.35355339059327373 -0.35355339059327373 0 0 -0.35355339059327373 -0.35355339059327373 0.35355339059327373 -0.35355339059327373 0 0
0.35355339059327373 -0.35355339059327373 0 0 0 0 -0.35355339059327373 -0.35355339059327373 0 0 -0.35355339059327373 -0.35355339059327373 -0.35355339059327373 0.35355339059327373 0 0
-0.35355339059327373 0.35355339059327373 0 0 0 0 0.35355339059327373 0.35355339059327373 0 0 0.35355339059327373 0.35355339059327373 0.35355339059327373 -0.35355339059327373 0 0
-0.35355339059327373 0.35355339059327373 0 0 0 0 0.35355339059327373 0.35355339059327373 0 0 0.35355339059327373 0.35355339059327373 -0.35355339059327373 0.35355339059327373 0 0
-0.35355339059327373 0.35355339059327373 0 0 0 0 0.35355339059327373 0.35355339059327373 0 0 0.35355339059327373 -0.35355339059327373 0.35355339059327373 0.35355339059327373 0 0
-0.35355339059327373 0.35355339059327373 0 0 0 0 0.35355339059327373 0.35355339059327373 0 0 0.35355339059327373 -0.35355339059327373 -0.35355339059327373 -0.35355339059327373 0 0
-0.35355339059327373 0.35355339059327373 0 0 0 0 0.35355339059327373 0.35355339059327373 0 0 -0.35355339059327373 0.35355339059327373 0.35355339059327373 0.35355339059327373 0 0
-0.35355339059327373 0.35355339059327373 0 0 0 0 0.35355339059327373 0.35355339059327373 0 0 -0.35355339059327373 0.35355339059327373 -0.35355339059327373 -0.35355339059327373 0 0
-0.35355339059327373 0.35355339059327373 0 0 0 0 0.35355339059327373 0.35355339059327373 0 0 -0.35355339059327373 -0.35355339059327373 0.35355339059327373 -0.35355339059327373 0 0
-0.35355339059327373 0.35355339059327373 0 0 0 0 0.35355339059327373 0.35355339059327373 0 0 -0.35355339059327373 -0.35355339059327373 -0.35355339059327373 0.35355339059327373 0 0
-0.35355339059327373 0.35355339059327373 0 0 0 0 0.35355339059327373 -0.35355339059327373 0 0 0.35355339059327373 0.35355339059327373 0.35355339059327373 0.35355339059327373 0 0
-0.35355339059327373 0.35355339059327373 0 0 0 0 0.35355339059327373 -0.35355339059327373 0 0 0.35355339059327373 0.35355339059327373 -0.35355339059327373 -0.35355339059327373 0 0
-0.35355339059327373 0.35355339059327373 0 0 0 0 0.35355339059327373 -0.35355339059327373 0 0 0.35355339059327373 -0.35355339059327373 0.35355339059327373 -0.35355339059327373 0 0
-0.35355339059327373 0.35355339059327373 0 0 0 0 0.35355339059327373 -0.35355339059327373 0 0 0.35355339059327373 -0.35355339059327373 -0.35355339059327373 0.35355339059327373 0 0
-0.35355339059327373 0.35355339059327373 0 0 0 0 0.35355339059327373 -0.35355339059327373 0 0 -0.35355339059327373 0.35355339059327373 0.35355339059327373 -0.35355339059327373 0 0
-0.35355339059327373 0.35355339059327373 0 0 0 0 0.35355339059327373 -0.35355339059327373 0 0 -0.35355339059327373 0.35355339059327373 -0.35355339059327373 0.35355339059327373 0 0
-0.35355339059327373 0.35355339059327373 0 0 0 0 0.35355339059327373 -0.35355339059327373 0 0 -0.35355339059327373 -0.35355339059327373 0.35355339059327373 0.35355339059327373 0 0
-0.35355339059327373 0.35355339059327373 0 0 0 0 0.35355339059327373 -0.35355339059327373 0 0 -0.35355339059327373 -0.35355339059327373 -0.35355339059327373 -0.35355339059327373 0 0
-0.35355339059327373 0.35355339059327373 0 0 0 0 -0.35355339059327373 0.35355339059327373 0 0 0.35355339059327373 0.35355339059327373 0.35355339059327373 0.35355339059327373 0 0
-0.35355339059327373 0.35355339059327373 0 0 0 0 -0.35355339059327373 0.35355339059327373 0 0 0.35355339059327373 0.35355339059327373 -0.35355339059327373 -0.35355339059327373 0 0
-0.35355339059327373 0.35355339059327373 0 0 0 0 -0.35355339059327373 0.35355339059327373 0 0 0.35355339059327373 -0.35355339059327373 0.35355339059327373 -0.35355339059327373 0 0
-0.35355339059327373 0.35355339059327373 0 0 0 0 -0.35355339059327373 0.35355339059327373 0 0 0.35355339059327373 -0.35355339059327373 -0.35355339059327373 0.35355339059327373 0 0
-0.35355339059327373 0.35355339059327373 0 0 0 0 -0.35355339059327373 0.35355339059327373 0 0 -0.35355339059327373 0.35355339059327373 0.35355339059327373 -0.35355339059327373 0 0
-0.35355339059327373 0.35355339059327373 0 0 0 0 -0.35355339059327373 0.35355339059327373 0 0 -0.35355339059327373 0.35355339059327373 -0.35355339059327373 0.35355339059327373 0 0
-0.35355339059327373 0.35355339059327373 0 0 0 0 -0.35355339059327373 0.35355339059327373 0 0 -0.35355339059327373 -0.35355339059327373 0.35355339059327373 0.35355339059327373 0 0
-0.35355339059327373 0.35355339059327373 0 0 0 0 -0.35355339059327373 0.35355339059327373 0 0 -0.35355339059327373 -0.35355339059327373 -0.35355339059327373 -0.35355339059327373 0 0
-0.35355339059327373 0.35355339059327373 0 0 0 0 -0.35355339059327373 -0.35355339059327373 0 0 0.35355339059327373 0.35355339059327373 0.35355339059327373 -0.35355339059327373 0 0
-0.35355339059327373 0.35355339059327373 0 0 0 0 -0.35355339059327373 -0.35355339059327373 0 0 0.35355339059327373 0.35355339059327373 -0.35355339059327373 0.35355339059327373 0 0
-0.35355339059327373 0.35355339059327373 0 0 0 0 -0.35355339059327373 -0.35355339059327373 0 0 0.35355339059327373 -0.35355339059327373 0.35355339059327373 0.35355339059327373 0 0
-0.35355339059327373 0.35355339059327373 0 0 0 0 -0.35355339059327373 -0.35355339059327373 0 0 0.35355339059327373 -0.35355339059327373 -0.35355339059327373 -0.35355339059327373 0 0
-0.35355339059327373 0.35355339059327373 0 0 0 0 -0.35355339059327373 -0.35355339059327373 0 0 -0.35355339059327373 0.35355339059327373 0.35355339059327373 0.35355339059327373 0 0
-0.35355339059327373 0.35355339059327373 0 0 0 0 -0.35355339059327373 -0.35355339059327373 0 0 -0.35355339059327373 0.35355339059327373 -0.35355339059327373 -0.35355339059327373 0 0
-0.35355339059327373 0.35355339059327373 0 0 0 0 -0.35355339059327373 -0.35355339059327373 0 0 -0.35355339059327373 -0.35355339059327373 0.35355339059327373 -0.35355339059327373 0 0
-0.35355339059327373 0.35355339059327373 0 0 0 0 -0.35355339059327373 -0.35355339059327373 0 0 -0.35355339059327373 -0.35355339059327373 -0.35355339059327373 0.35355339059327373 0 0
-0.35355339059327373 -0.35355339059327373 0 0 0 0 0.35355339059327373 0.35355339059327373 0 0 0.35355339059327373 0.35355339059327373 0.35355339059327373 0.35355339059327373 0 0
-0.35355339059327373 -0.35355339059327373 0 0 0 0 0.35355339059327373 0.35355339059327373 0 0 0.35355339059327373 0.35355339059327373 -0.35355339059327373 -0.35355339059327373 0 0
-0.35355339059327373 -0.35355339059327373 0 0 0 0 0.35355339059327373 0.35355339059327373 0 0 0.35355339059327373 -0.35355339059327373 0.35355339059327373 -0.35355339059327373 0 0
-0.35355339059327373 -0.35355339059327373 0 0 0 0 0.35355339059327373 0.35355339059327373 0 0 0.35355339059327373 -0.35355339059327373 -0.35355339059327373 0.35355339059327373 0 0
-0.35355339059327373 -0.35355339059327373 0 0 0 0 0.35355339059327373 0.35355339059327373 0 0 -0.35355339059327373 0.35355339059327373 0.35355339059327373 -0.35355339059327373 0 0
-0.35355339059327373 -0.35355339059327373 0 0 0 0 0.35355339059327373 0.35355339059327373 0 0 -0.35355339059327373 0.35355339059327373 -0.35355339059327373 0.35355339059327373 0 0
-0.35355339059327373 -0.35355339059327373 0 0 0 0 0.35355339059327373 0.35355339059327373 0 0 -0.35355339059327373 -0.35355339059327373 0.35355339059327373 0.35355339059327373 0 0
-0.35355339059327373 -0.35355339059327373 0 0 0 0 0.35355339059327373 0.35355339059327373 0 0 -0.35355339059327373 -0.35355339059327373 -0.35355339059327373 -0.35355339059327373 0 0
-0.35355339059327373 -0.35355339059327373 0 0 0 0 0.35355339059327373 -0.35355339059327373 0 0 0.35355339059327373 0.35355339059327373 0.35355339059327373 -0.35355339059327373 0 0
-0.35355339059327373 -0.35355339059327373 0 0 0 0 0.35355339059327373 -0.35355339059327373 0 0 0.35355339059327373 0.35355339059327373 -0.35355339059327373 0.35355339059327373 0 0
-0.35355339059327373 -0.35355339059327373 0 0 0 0 0.35355339059327373 -0.35355339059327373 0 0 0.35355339059327373 -0.35355339059327373 0.35355339059327373 0.35355339059327373 0 0
-0.35355339059327373 -0.35355339059327373 0 0 0 0 0.35355339059327373 -0.35355339059327373 0 0 0.35355339059327373 -0.35355339059327373 -0.35355339059327373 -0.35355339059327373 0 0
-0.35355339059327373 -0.35355339059327373 0 0 0 0 0.35355339059327373 -0.35355339059327373 0 0 -0.35355339059327373 0.35355339059327373 0.35355339059327373 0.35355339059327373 0 0
-0.35355339059327373 -0.35355339059327373 0 0 0 0 0.35355339059327373 -0.35355339059327373 0 0 -0.35355339059327373 0.35355339059327373 -0.35355339059327373 -0.35355339059327373 0 0
-0.35355339059327373 -0.35355339059327373 0 0 0 0 0.35355339059327373 -0.35355339059327373 0 0 -0.35355339059327373 -0.35355339059327373 0.35355339059327373 -0.35355339059327373 0 0
-0.35355339059327373 -0.35355339059327373 0 0 0 0 0.35355339059327373 -0.35355339059327373 0 0 -0.35355339059327373 -0.35355339059327373 -0.35355339059327373 0.35355339059327373 0 0
-0.35355339059327373 -0.35355339059327373 0 0 0 0 -0.35355339059327373 0.35355339059327373 0 0 0.35355339059327373 0.35355339059327373 0.35355339059327373 -0.35355339059327373 0 0
-0.35355339059327373 -0.35355339059327373 0 0 0 0 -0.35355339059327373 0.35355339059327373 0 0 0.35355339059327373 0.35355339059327373 -0.35355339059327373 0.35355339059327373 0 0
-0.35355339059327373 -0.35355339059327373 0 0 0 0 -0.35355339059327373 0.35355339059327373 0 0 0.35355339059327373 -0.35355339059327373 0.35355339059327373 0.35355339059327373 0 0
-0.35355339059327373 -0.35355339059327373 0 0 0 0 -0.35355339059327373 0.35355339059327373 0 0 0.35355339059327373 -0.35355339059327373 -0.35355339059327373 -0.35355339059327373 0 0
-0.35355339059327373 -0.35355339059327373 0 0 0 0 -0.35355339059327373 0.35355339059327373 0 0 -0.35355339059327373 0.35355339059327373 0.35355339059327373 0.35355339059327373 0 0
-0.35355339059327373 -0.35355339059327373 0 0 0 0 -0.35355339059327373 0.35355339059327373 0 0 -0.35355339059327373 0.35355339059327373 -0.35355339059327373 -0.35355339059327373 0 0
-0.35355339059327373 -0.35355339059327373 0 0 0 0 -0.35355339059327373 0.35355339059327373 0 0 -0.35355339059327373 -0.35355339059327373 0.35355339059327373 -0.35355339059327373 0 0
-0.35355339059327373 -0.35355339059327373 0 0 0 0 -0.35355339059327373 0.35355339059327373 0 0 -0.35355339059327373 -0.35355339059327373 -0.35355339059327373 0.35355339059327373 0 0
-0.35355339059327373 -0.35355339059327373 0 0 0 0 -0.35355339059327373 -0.35355339059327373 0 0 0.35355339059327373 0.35355339059327373 0.35355339059327373 0.35355339059327373 0 0
-0.35355339059327373 -0.35355339059327373 0 0 0 0 -0.35355339059327373 -0.35355339059327373 0 0 0.35355339059327373 0.35355339059327373 -0.35355339059327373 -0.35355339059327373 0 0
-0.35355339059327373 -0.35355339059327373 0 0 0 0 -0.35355339059327373 -0.35355339059327373 0 0 0.35355339059327373 -0.35355339059327373 0.35355339059327373 -0.35355339059327373 0 0
-0.35355339059327373 -0.35355339059327373 0 0 0 0 -0.35355339059327373 -0.35355339059327373 0 0 0.35355339059327373 -0.35355339059327373 -0.35355339059327373 0.35355339059327373 0 0
-0.35355339059327373 -0.35355339059327373 0 0 0 0 -0.35355339059327373 -0.35355339059327373 0 0 -0.35355339059327373 0.35355339059327373 0.35355339059327373 -0.35355339059327373 0 0
-0.35355339059327373 -0.35355339059327373 0 0 0 0 -0.35355339059327373 -0.35355339059327373 0 0 -0.35355339059327373 0.35355339059327373 -0.35355339059327373 0.35355339059327373 0 0
-0.35355339059327373 -0.35355339059327373 0 0 0 0 -0.35355339059327373 -0.35355339059327373 0 0 -0.35355339059327373 -0.35355339059327373 0.35355339059327373 0.35355339059327373 0 0
-0.35355339059327373 -0.35355339059327373 0 0 0 0 -0.35355339059327373 -0.35355339059327373 0 0 -0.35355339059327373 -0.35355339059327373 -0.35355339059327373 -0.35355339059327373 0 0
0 0.35355339059327373 0.35355339059327373 0 0.35355339059327373 0 0 0.35355339059327373 0.35355339059327373 0 0 0.35355339059327373 0 0.35355339059327373 0.35355339059327373 0
0 0.35355339059327373 0.35355339059327373 0 0.35355339059327373 0 0 0.35355339059327373 0.35355339059327373 0 0 0.35355339059327373 0 -0.35355339059327373 -0.35355339059327373 0
0 0.35355339059327373 0.35355339059327373 0 0.35355339059327373 0 0 0.35355339059327373 0.35355339059327373 0 0 -0.35355339059327373 0 0.35355339059327373 -0.35355339059327373 0
0 0.35355339059327373 0.35355339059327373 0 0.35355339059327373 0 0 0.35355339059327373 0.35355339059327373 0 0 -0.35355339059327373 0 -0.35355339059327373 0.35355339059327373 0
0 0.35355339059327373 0.35355339059327373 0 0.35355339059327373 0 0 0.35355339059327373 -0.35355339059327373 0 0 0.35355339059327373 0 0.35355339059327373 -0.35355339059327373 0
0 0.35355339059327373 0.35355339059327373 0 0.35355339059327373 0 0 0.35355339059327373 -0.35355339059327373 0 0 0.35355339059327373 0 -0.35355339059327373 0.35355339059327373 0
0 0.35355339059327373 0.35355339059327373 0 0.35355339059327373 0 0 0.35355339059327373 -0.35355339059327373 0 0 -0.35355339059327373 0 0.35355339059327373 0.35355339059327373 0
0 0.35355339059327373 0.35355339059327373 0 0.35355339059327373 0 0 0.35355339059327373 -0.35355339059327373 0 0 -0.35355339059327373 0 -0.35355339059327373 -0.35355339059327373 0
0 0.35355339059327373 0.35355339059327373 0 0.35355339059327373 0 0 -0.35355339059327373 0.35355339059327373 0 0 0.35355339059327373 0 0.35355339059327373 -0.35355339059327373 0
0 0.35355339059327373 0.35355339059327373 0 0.35355339059327373 0 0 -0.35355339059327373 0.35355339059327373 0 0 0.35355339059327373 0 -0.35355339059327373 0.35355339059327373 0
0 0.35355339059327373 0.35355339059327373 0 0.35355339059327373 0 0 -0.35355339059327373 0.35355339059327373 0 0 -0.35355339059327373 0 0.35355339059327373 0.35355339059327373 0
0 0.35355339059327373 0.35355339059327373 0 0.35355339059327373 0 0 -0.35355339059327373 0.35355339059327373 0 0 -0.35355339059327373 0 -0.35355339059327373 -0.35355339059327373 0
0 0.35355339059327373 0.35355339059327373 0 0.35355339059327373 0 0 -0.35355339059327373 -0.35355339059327373 0 0 0.35355339059327373 0 0.35355339059327373 0.35355339059327373 0
0 0.35355339059327373 0.35355339059327373 0 0.35355339059327373 0 0 -0.35355339059327373 -0.35355339059327373 0 0 0.35355339059327373 0 -0.35355339059327373 -0.35355339059327373 0
0 0.35355339059327373 0.35355339059327373 0 0.35355339059327373 0 0 -0.35355339059327373 -0.35355339059327373 0 0 -0.35355339059327373 0 0.35355339059327373 -0.35355339059327373 0
0 0.35355339059327373 0.35355339059327373 0 0.35355339059327373 0 0 -0.35355339059327373 -0.35355339059327373 0 0 -0.35355339059327373 0 -0.35355339059327373 0.35355339059327373 0
0 0.35355339059327373 0.35355339059327373 0 -0.35355339059327373 0 0 0.35355339059327373 0.35355339059327373 0 0 0.35355339059327373 0 0.35355339059327373 -0.35355339059327373 0
0 0.35355339059327373 0.35355339059327373 0 -0.35355339059327373 0 0 0.35355339059327373 0.35355339059327373 0 0 0.35355339059327373 0 -0.35355339059327373 0.35355339059327373 0
0 0.35355339059327373 0.35355339059327373 0 -0.35355339059327373 0 0 0.35355339059327373 0.35355339059327373 0 0 -0.35355339059327373 0 0.35355339059327373 0.35355339059327373 0
0 0.35355339059327373 0.35355339059327373 0 -0.35355339059327373 0 0 0.35355339059327373 0.35355339059327373 0 0 -0.35355339059327373 0 -0.35355339059327373 -0.35355339059327373 0
0 0.35355339059327373 0.35355339059327373 0 -0.35355339059327373 0 0 0.35355339059327373 -0.35355339059327373 0 0 0.35355339059327373 0 0.35355339059327373 0.35355339059327373 0
0 0.35355339059327373 0.35355339059327373 0 -0.35355339059327373 0 0 0.35355339059327373 -0.35355339059327373 0 0 0.35355339059327373 0 -0.35355339059327373 -0.35355339059327373 0
0 0.35355339059327373 0.35355339059327373 0 -0.35355339059327373 0 0 0.35355339059327373 -0.35355339059327373 0 0 -0.35355339059327373 0 0.35355339059327373 -0.35355339059327373 0
0 0.35355339059327373 0.35355339059327373 0 -0.35355339059327373 0 0 0.35355339059327373 -0.35355339059327373 0 0 -0.35355339059327373 0 -0.35355339059327373 0.35355339059327373 0
0 0.35355339059327373 0.35355339059327373 0 -0.35355339059327373 0 0 -0.35355339059327373 0.35355339059327373 0 0 0.35355339059327373 0 0.35355339059327373 0.35355339059327373 0
0 0.35355339059327373 0.35355339059327373 0 -0.35355339059327373 0 0 -0.35355339059327373 0.35355339059327373 0 0 0.35355339059327373 0 -0.35355339059327373 -0.35355339059327373 0
0 0.35355339059327373 0.35355339059327373 0 -0.35355339059327373 0 0 -0.35355339059327373 0.35355339059327373 0 0 -0.35355339059327373 0 0.35355339059327373 -0.35355339059327373 0
0 0.35355339059327373 0.35355339059327373 0 -0.35355339059327373 0 0 -0.35355339059327373 0.35355339059327373 0 0 -0.35355339059327373 0 -0.35355339059327373 0.35355339059327373 0
0 0.35355339059327373 0.35355339059327373 0 -0.35355339059327373 0 0 -0.35355339059327373 -0.35355339059327373 0 0 0.35355339059327373 0 0.35355339059327373 -0.35355339059327373 0
0 0.35355339059327373 0.35355339059327373 0 -0.35355339059327373 0 0 -0.35355339059327373 -0.35355339059327373 0 0 0.35355339059327373 0 -0.35355339059327373 0.35355339059327373 0
0 0.35355339059327373 0.35355339059327373 0 -0.35355339059327373 0 0 -0.35355339059327373 -0.35355339059327373 0 0 -0.35355339059327373 0 0.35355339059327373 0.35355339059327373 0
0 0.35355339059327373 0.35355339059327373 0 -0.35355339059327373 0 0 -0.35355339059327373 -0.35355339059327373 0 0 -0.35355339059327373 0 -0.35355339059327373 -0.35355339059327373 0
0 0.35355339059327373 -0.35355339059327373 0 0.35355339059327373 0 0 0.35355339059327373 0.35355339059327373 0 0 0.35355339059327373 0 0.35355339059327373 -0.35355339059327373 0
0 0.35355339059327373 -0.35355339059327373 0 0.35355339059327373 0 0 0.35355339059327373 0.35355339059327373 0 0 0.35355339059327373 0 -0.35355339059327373 0.35355339059327373 0
0 0.35355339059327373 -0.35355339059327373 0 0.35355339059327373 0 0 0.35355339059327373 0.35355339059327373 0 0 -0.35355339059327373 0 0.35355339059327373 0.35355339059327373 0
0 0.35355339059327373 -0.35355339059327373 0 0.35355339059327373 0 0 0.35355339059327373 0.35355339059327373 0 0 -0.35355339059327373 0 -0.35355339059327373 -0.35355339059327373 0
0 0.35355339059327373 -0.35355339059327373 0 0.35355339059327373 0 0 0.35355339059327373 -0.35355339059327373 0 0 0.35355339059327373 0 0.35355339059327373 0.35355339059327373 0
0 0.35355339059327373 -0.35355339059327373 0 0.35355339059327373 0 0 0.35355339059327373 -0.35355339059327373 0 0 0.35355339059327373 0 -0.35355339059327373 -0.35355339059327373 0
0 0.35355339059327373 -0.35355339059327373 0 0.35355339059327373 0 0 0.35355339059327373 -0.35355339059327373 0 0 -0.35355339059327373 0 0.35355339059327373 -0.35355339059327373 0
0 0.35355339059327373 -0.35355339059327373 0 0.35355339059327373 0 0 0.35355339059327373 -0.35355339059327373 0 0 -0.35355339059327373 0 -0.35355339059327373 0.35355339059327373 0
0 0.35355339059327373 -0.35355339059327373 0 0.35355339059327373 0 0 -0.35355339059327373 0.35355339059327373 0 0 0.35355339059327373 0 0.35355339059327373 0.35355339059327373 0
0 0.35355339059327373 -0.35355339059327373 0 0.35355339059327373 0 0 -0.35355339059327373 0.35355339059327373 0 0 0.35355339059327373 0 -0.35355339059327373 -0.35355339059327373 0
0 0.35355339059327373 -0.35355339059327373 0 0.35355339059327373 0 0 -0.35355339059327373 0.35355339059327373 0 0 -0.35355339059327373 0 0.35355339059327373 -0.35355339059327373 0
0 0.35355339059327373 -0.35355339059327373 0 0.35355339059327373 0 0 -0.35355339059327373 0.35355339059327373 0 0 -0.35355339059327373 0 -0.35355339059327373 0.35355339059327373 0
0 0.35355339059327373 -0.35355339059327373 0 0.35355339059327373 0 0 -0.35355339059327373 -0.35355339059327373 0 0 0.35355339059327373 0 0.35355339059327373 -0.35355339059327373 0
0 0.35355339059327373 -0.35355339059327373 0 0.35355339059327373 0 0 -0.35355339059327373 -0.35355339059327373 0 0 0.35355339059327373 0 -0.35355339059327373 0.35355339059327373 0
0 0.35355339059327373 -0.35355339059327373 0 0.35355339059327373 0 0 -0.35355339059327373 -0.35355339059327373 0 0 -0.35355339059327373 0 0.35355339059327373 0.35355339059327373 0
0 0.35355339059327373 -0.35355339059327373 0 0.35355339059327373 0 0 -0.35355339059327373 -0.35355339059327373 0 0 -0.35355339059327373 0 -0.35355339059327373 -0.35355339059327373 0
0 0.35355339059327373 -0.35355339059327373 0 -0.35355339059327373 0 0 0.35355339059327373 0.35355339059327373 0 0 0.35355339059327373 0 0.35355339059327373 0.35355339059327373 0
0 0.35355339059327373 -0.35355339059327373 0 -0.35355339059327373 0 0 0.35355339059327373 0.35355339059327373 0 0 0.35355339059327373 0 -0.35355339059327373 -0.35355339059327373 0
0 0.35355339059327373 -0.35355339059327373 0 -0.35355339059327373 0 0 0.35355339059327373 0.35355339059327373 0 0 -0.35355339059327373 0 0.35355339059327373 -0.35355339059327373 0
0 0.35355339059327373 -0.35355339059327373 0 -0.35355339059327373 0 0 0.35355339059327373 0.35355339059327373 0 0 -0.35355339059327373 0 -0.35355339059327373 0.35355339059327373 0
0 0.35355339059327373 -0.35355339059327373 0 -0.35355339059327373 0 0 0.35355339059327373 -0.35355339059327373 0 0 0.35355339059327373 0 0.35355339059327373 -0.35355339059327373 0
0 0.35355339059327373 -0.35355339059327373 0 -0.35355339059327373 0 0 0.35355339059327373 -0.35355339059327373 0 0 0.35355339059327373 0 -0.35355339059327373 0.35355339059327373 0
0 0.35355339059327373 -0.35355339059327373 0 -0.35355339059327373 0 0 0.35355339059327373 -0.35355339059327373 0 0 -0.35355339059327373 0 0.35355339059327373 0.35355339059327373 0
0 0.35355339059327373 -0.35355339059327373 0 -0.35355339059327373 0 0 0.35355339059327373 -0.35355339059327373 0 0 -0.35355339059327373 0 -0.35355339059327373 -0.35355339059327373 0
0 0.35355339059327373 -0.35355339059327373 0 -0.35355339059327373 0 0 -0.35355339059327373 0.35355339059327373 0 0 0.35355339059327373 0 0.35355339059327373 -0.35355339059327373 0
0 0.35355339059327373 -0.35355339059327373 0 -0.35355339059327373 0 0 -0.35355339059327373 0.35355339059327373 0 0 0.35355339059327373 0 -0.35355339059327373 0.35355339059327373 0
0 0.35355339059327373 -0.35355339059327373 0 -0.35355339059327373 0 0 -0.35355339059327373 0.35355339059327373 0 0 -0.35355339059327373 0 0.35355339059327373 0.35355339059327373 0
0 0.35355339059327373 -0.35355339059327373 0 -0.35355339059327373 0 0 -0.35355339059327373 0.35355339059327373 0 0 -0.35355339059327373 0 -0.35355339059327373 -0.35355339059327373 0
0 0.35355339059327373 -0.35355339059327373 0 -0.35355339059327373 0 0 -0.35355339059327373 -0.35355339059327373 0 0 0.35355339059327373 0 0.35355339059327373 0.35355339059327373 0
0 0.35355339059327373 -0.35355339059327373 0 -0.35355339059327373 0 0 -0.35355339059327373 -0.35355339059327373 0 0 0.35355339059327373 0 -0.35355339059327373 -0.35355339059327373 0
0 0.35355339059327373 -0.35355339059327373 0 -0.35355339059327373 0 0 -0.35355339059327373 -0.35355339059327373 0 0 -0.35355339059327373 0 0.35355339059327373 -0.35355339059327373 0
0 0.35355339059327373 -0.35355339059327373 0 -0.35355339059327373 0 0 -0.35355339059327373 -0.35355339059327373 0 0 -0.35355339059327373 0 -0.35355339059327373 0.35355339059327373 0
0 -0.35355339059327373 0.35355339059327373 0 0.35355339059327373 0 0 0.35355339059327373 0.35355339059327373 0 0 0.35355339059327373 0 0.35355339059327373 -0.35355339059327373 0
0 -0.35355339059327373 0.35355339059327373 0 0.35355339059327373 0 0 0.35355339059327373 0.35355339059327373 0 0 0.35355339059327373 0 -0.35355339059327373 0.35355339059327373 0
0 -0.35355339059327373 0.35355339059327373 0 0.35355339059327373 0 0 0.35355339059327373 0.35355339059327373 0 0 -0.35355339059327373 0 0.35355339059327373 0.35355339059327373 0
0 -0.35355339059327373 0.35355339059327373 0 0.35355339059327373 0 0 0.35355339059327373 0.35355339059327373 0 0 -0.35355339059327373 0 -0.35355339059327373 -0.35355339059327373 0
0 -0.35355339059327373 0.35355339059327373 0 0.35355339059327373 0 0 0.35355339059327373 -0.35355339059327373 0 0 0.35355339059327373 0 0.35355339059327373 0.35355339059327373 0
0 -0.35355339059327373 0.35355339059327373 0 0.35355339059327373 0 0 0.35355339059327373 -0.35355339059327373 0 0 0.35355339059327373 0 -0.35355339059327373 -0.35355339059327373 0
0 -0.35355339059327373 0.35355339059327373 0 0.35355339059327373 0 0 0.35355339059327373 -0.35355339059327373 0 0 -0.35355339059327373 0 0.35355339059327373 -0.35355339059327373 0
0 -0.35355339059327373 0.35355339059327373 0 0.35355339059327373 0 0 0.35355339059327373 -0.35355339059327373 0 0 -0.35355339059327373 0 -0.35355339059327373 0.35355339059327373 0
0 -0.35355339059327373 0.35355339059327373 0 0.35355339059327373 0 0 -0.35355339059327373 0.35355339059327373 0 0 0.35355339059327373 0 0.35355339059327373 0.35355339059327373 0
0 -0.35355339059327373 0.35355339059327373 0 0.35355339059327373 0 0 -0.35355339059327373 0.35355339059327373 0 0 0.35355339059327373 0 -0.35355339059327373 -0.35355339059327373 0
0 -0.35355339059327373 0.35355339059327373 0 0.35355339059327373 0 0 -0.35355339059327373 0.35355339059327373 0 0 -0.35355339059327373 0 0.35355339059327373 -0.35355339059327373 0
0 -0.35355339059327373 0.35355339059327373 0 0.35355339059327373 0 0 -0.35355339059327373 0.35355339059327373 0 0 -0.35355339059327373 0 -0.35355339059327373 0.35355339059327373 0
0 -0.35355339059327373 0.35355339059327373 0 0.35355339059327373 0 0 -0.35355339059327373 -0.35355339059327373 0 0 0.35355339059327373 0 0.35355339059327373 -0.35355339059327373 0
0 -0.35355339059327373 0.35355339059327373 0 0.35355339059327373 0 0 -0.35355339059327373 -0.35355339059327373 0 0 0.35355339059327373 0 -0.35355339059327373 0.35355339059327373 0
0 -0.35355339059327373 0.35355339059327373 0 0.35355339059327373 0 0 -0.35355339059327373 -0.35355339059327373 0 0 -0.35355339059327373 0 0.35355339059327373 0.35355339059327373 0
0 -0.35355339059327373 0.35355339059327373 0 0.35355339059327373 0 0 -0.35355339059327373 -0.35355339059327373 0 0 -0.35355339059327373 0 -0.35355339059327373 -0.35355339059327373 0
0 -0.35355339059327373 0.35355339059327373 0 -0.35355339059327373 0 0 0.35355339059327373 0.35355339059327373 0 0 0.35355339059327373 0 0.35355339059327373 0.35355339059327373 0
0 -0.35355339059327373 0.35355339059327373 0 -0.35355339059327373 0 0 0.35355339059327373 0.35355339059327373 0 0 0.35355339059327373 0 -0.35355339059327373 -0.35355339059327373 0
0 -0.35355339059327373 0.35355339059327373 0 -0.35355339059327373 0 0 0.35355339059327373 0.35355339059327373 0 0 -0.35355339059327373 0 0.35355339059327373 -0.35355339059327373 0
0 -0.35355339059327373 0.35355339059327373 0 -0.35355339059327373 0 0 0.35355339059327373 0.35355339059327373 0 0 -0.35355339059327373 0 -0.35355339059327373 0.35355339059327373 0
0 -0.35355339059327373 0.35355339059327373 0 -0.35355339059327373 0 0 0.35355339059327373 -0.35355339059327373 0 0 0.35355339059327373 0 0.35355339059327373 -0.35355339059327373 0
0 -0.35355339059327373 0.35355339059327373 0 -0.35355339059327373 0 0 0.35355339059327373 -0.35355339059327373 0 0 0.35355339059327373 0 -0.35355339059327373 0.35355339059327373 0
0 -0.35355339059327373 0.35355339059327373 0 -0.35355339059327373 0 0 0.35355339059327373 -0.35355339059327373 0 0 -0.35355339059327373 0 0.35355339059327373 0.35355339059327373 0
0 -0.35355339059327373 0.35355339059327373 0 -0.35355339059327373 0 0 0.35355339059327373 -0.35355339059327373 0 0 -0.35355339059327373 0 -0.35355339059327373 -0.35355339059327373 0
0 -0.35355339059327373 0.35355339059327373 0 -0.35355339059327373 0 0 -0.35355339059327373 0.35355339059327373 0 0 0.35355339059327373 0 0.35355339059327373 -0.35355339059327373 0
0 -0.35355339059327373 0.35355339059327373 0 -0.35355339059327373 0 0 -0.35355339059327373 0.35355339059327373 0 0 0.35355339059327373 0 -0.35355339059327373 0.35355339059327373 0
0 -0.35355339059327373 0.35355339059327373 0 -0.35355339059327373 0 0 -0.35355339059327373 0.35355339059327373 0 0 -0.35355339059327373 0 0.35355339059327373 0.35355339059327373 0
0 -0.35355339059327373 0.35355339059327373 0 -0.35355339059327373 0 0 -0.35355339059327373 0.35355339059327373 0 0 -0.35355339059327373 0 -0.35355339059327373 -0.35355339059327373 0
0 -0.35355339059327373 0.35355339059327373 0 -0.35355339059327373 0 0 -0.35355339059327373 -0.35355339059327373 0 0 0.35355339059327373 0 0.35355339059327373 0.35355339059327373 0
0 -0.35355339059327373 0.35355339059327373 0 -0.35355339059327373 0 0 -0.35355339059327373 -0.35355339059327373 0 0 0.35355339059327373 0 -0.35355339059327373 -0.35355339059327373 0
0 -0.35355339059327373 0.35355339059327373 0 -0.35355339059327373 0 0 -0.35355339059327373 -0.35355339059327373 0 0 -0.35355339059327373 0 0.35355339059327373 -0.35355339059327373 0
0 -0.35355339059327373 0.35355339059327373 0 -0.35355339059327373 0 0 -0.35355339059327373 -0.35355339059327373 0 0 -0.35355339059327373 0 -0.35355339059327373 0.35355339059327373 0
0 -0.35355339059327373 -0.35355339059327373 0 0.35355339059327373 0 0 0.35355339059327373 0.35355339059327373 0 0 0.35355339059327373 0 0.35355339059327373 0.35355339059327373 0
0 -0.35355339059327373 -0.35355339059327373 0 0.35355339059327373 0 0 0.35355339059327373 0.35355339059327373 0 0 0.35355339059327373 0 -0.35355339059327373 -0.35355339059327373 0
0 -0.35355339059327373 -0.35355339059327373 0 0.35355339059327373 0 0 0.35355339059327373 0.35355339059327373 0 0 -0.35355339059327373 0 0.35355339059327373 -0.35355339059327373 0
0 -0.35355339059327373 -0.35355339059327373 0 0.35355339059327373 0 0 0.35355339059327373 0.35355339059327373 0 0 -0.35355339059327373 0 -0.35355339059327373 0.35355339059327373 0
0 -0.35355339059327373 -0.35355339059327373 0 0.35355339059327373 0 0 0.35355339059327373 -0.35355339059327373 0 0 0.35355339059327373 0 0.35355339059327373 -0.35355339059327373 0
0 -0.35355339059327373 -0.35355339059327373 0 0.35355339059327373 0 0 0.35355339059327373 -0.35355339059327373 0 0 0.35355339059327373 0 -0.35355339059327373 0.35355339059327373 0
0 -0.35355339059327373 -0.35355339059327373 0 0.35355339059327373 0 0 0.35355339059327373 -0.35355339059327373 0 0 -0.35355339059327373 0 0.35355339059327373 0.35355339059327373 0
0 -0.35355339059327373 -0.35355339059327373 0 0.35355339059327373 0 0 0.35355339059327373 -0.35355339059327373 0 0 -0.35355339059327373 0 -0.35355339059327373 -0.35355339059327373 0
0 -0.35355339059327373 -0.35355339059327373 0 0.35355339059327373 0 0 -0.35355339059327373 0.35355339059327373 0 0 0.35355339059327373 0 0.35355339059327373 -0.35355339059327373 0
0 -0.35355339059327373 -0.35355339059327373 0 0.35355339059327373 0 0 -0.35355339059327373 0.35355339059327373 0 0 0.35355339059327373 0 -0.35355339059327373 0.35355339059327373 0
0 -0.35355339059327373 -0.35355339059327373 0 0.35355339059327373 0 0 -0.35355339059327373 0.35355339059327373 0 0 -0.35355339059327373 0 0.35355339059327373 0.35355339059327373 0
0 -0.35355339059327373 -0.35355339059327373 0 0.35355339059327373 0 0 -0.35355339059327373 0.35355339059327373 0 0 -0.35355339059327373 0 -0.35355339059327373 -0.35355339059327373 0
0 -0.35355339059327373 -0.35355339059327373 0 0.35355339059327373 0 0 -0.35355339059327373 -0.35355339059327373 0 0 0.35355339059327373 0 0.35355339059327373 0.35355339059327373 0
0 -0.35355339059327373 -0.35355339059327373 0 0.35355339059327373 0 0 -0.35355339059327373 -0.35355339059327373 0 0 0.35355339059327373 0 -0.35355339059327373 -0.35355339059327373 0
0 -0.35355339059327373 -0.35355339059327373 0 0.35355339059327373 0 0 -0.35355339059327373 -0.35355339059327373 0 0 -0.35355339059327373 0 0.35355339059327373 -0.35355339059327373 0
0 -0.35355339059327373 -0.35355339059327373 0 0.35355339059327373 0 0 -0.35355339059327373 -0.35355339059327373 0 0 -0.35355339059327373 0 -0.35355339059327373 0.35355339059327373 0
0 -0.35355339059327373 -0.35355339059327373 0 -0.35355339059327373 0 0 0.35355339059327373 0.35355339059327373 0 0 0.35355339059327373 0 0.35355339059327373 -0.35355339059327373 0
0 -0.35355339059327373 -0.35355339059327373 0 -0.35355339059327373 0 0 0.35355339059327373 0.35355339059327373 0 0 0.35355339059327373 0 -0.35355339059327373 0.35355339059327373 0
0 -0.35355339059327373 -0.35355339059327373 0 -0.35355339059327373 0 0 0.35355339059327373 0.35355339059327373 0 0 -0.35355339059327373 0 0.35355339059327373 0.35355339059327373 0
0 -0.35355339059327373 -0.35355339059327373 0 -0.35355339059327373 0 0 0.35355339059327373 0.35355339059327373 0 0 -0.35355339059327373 0 -0.35355339059327373 -0.35355339059327373 0
0 -0.35355339059327373 -0.35355339059327373 0 -0.35355339059327373 0 0 0.35355339059327373 -0.35355339059327373 0 0 0.35355339059327373 0 0.35355339059327373 0.35355339059327373 0
0 -0.35355339059327373 -0.35355339059327373 0 -0.35355339059327373 0 0 0.35355339059327373 -0.35355339059327373 0 0 0.35355339059327373 0 -0.35355339059327373 -0.35355339059327373 0
0 -0.35355339059327373 -0.35355339059327373 0 -0.35355339059327373 0 0 0.35355339059327373 -0.35355339059327373 0 0 -0.35355339059327373 0 0.35355339059327373 -0.35355339059327373 0
0 -0.35355339059327373 -0.35355339059327373 0 -0.35355339059327373 0 0 0.35355339059327373 -0.35355339059327373 0 0 -0.35355339059327373 0 -0.35355339059327373 0.35355339059327373 0
0 -0.35355339059327373 -0.35355339059327373 0 -0.35355339059327373 0 0 -0.35355339059327373 0.35355339059327373 0 0 0.35355339059327373 0 0.35355339059327373 0.35355339059327373 0
0 -0.35355339059327373 -0.35355339059327373 0 -0.35355339059327373 0 0 -0.35355339059327373 0.35355339059327373 0 0 0.35355339059327373 0 -0.35355339059327373 -0.35355339059327373 0
0 -0.35355339059327373 -0.35355339059327373 0 -0.35355339059327373 0 0 -0.35355339059327373 0.35355339059327373 0 0 -0.35355339059327373 0 0.35355339059327373 -0.35355339059327373 0
0 -0.35355339059327373 -0.35355339059327373 0 -0.35355339059327373 0 0 -0.35355339059327373 0.35355339059327373 0 0 -0.35355339059327373 0 -0.35355339059327373 0.35355339059327373 0
0 -0.35355339059327373 -0.35355339059327373 0 -0.35355339059327373 0 0 -0.35355339059327373 -0.35355339059327373 0 0 0.35355339059327373 0 0.35355339059327373 -0.35355339059327373 0
0 -0.35355339059327373 -0.35355339059327373 0 -0.35355339059327373 0 0 -0.35355339059327373 -0.35355339059327373 0 0 0.35355339059327373 0 -0.35355339059327373 0.35355339059327373 0
0 -0.35355339059327373 -0.35355339059327373 0 -0.35355339059327373 0 0 -0.35355339059327373 -0.35355339059327373 0 0 -0.35355339059327373 0 0.35355339059327373 0.35355339059327373 0
0 -0.35355339059327373 -0.35355339059327373 0 -0.35355339059327373 0 0 -0.35355339059327373 -0.35355339059327373 0 0 -0.35355339059327373 0 -0.35355339059327373 -0.35355339059327373 0
0.35355339059327373 0 0 0.35355339059327373 0 0.35355339059327373 0.35355339059327373 0 0 0.35355339059327373 0.35355339059327373 0 0.35355339059327373 0 0 0.35355339059327373
0.35355339059327373 0 0 0.35355339059327373 0 0.35355339059327373 0.35355339059327373 0 0 0.35355339059327373 0.35355339059327373 0 -0.35355339059327373 0 0 -0.35355339059327373
0.35355339059327373 0 0 0.35355339059327373 0 0.35355339059327373 0.35355339059327373 0 0 0.35355339059327373 -0.35355339059327373 0 0.35355339059327373 0 0 -0.35355339059327373
0.35355339059327373 0 0 0.35355339059327373 0 0.35355339059327373 0.35355339059327373 0 0 0.35355339059327373 -0.35355339059327373 0 -0.35355339059327373 0 0 0.35355339059327373
0.35355339059327373 0 0 0.35355339059327373 0 0.35355339059327373 0.35355339059327373 0 0 -0.35355339059327373 0.35355339059327373 0 0.35355339059327373 0 0 -0.35355339059327373
0.35355339059327373 0 0 0.35355339059327373 0 0.35355339059327373 0.35355339059327373 0 0 -0.35355339059327373 0.35355339059327373 0 -0.35355339059327373 0 0 0.35355339059327373
0.35355339059327373 0 0 0.35355339059327373 0 0.35355339059327373 0.35355339059327373 0 0 -0.35355339059327373 -0.35355339059327373 0 0.35355339059327373 0 0 0.35355339059327373
0.35355339059327373 0 0 0.35355339059327373 0 0.35355339059327373 0.35355339059327373 0 0 -0.35355339059327373 -0.35355339059327373 0 -0.35355339059327373 0 0 -0.35355339059327373
0.35355339059327373 0 0 0.35355339059327373 0 0.35355339059327373 -0.35355339059327373 0 0 0.35355339059327373 0.35355339059327373 0 0.35355339059327373 0 0 -0.35355339059327373
0.35355339059327373 0 0 0.35355339059327373 0 0.35355339059327373 -0.35355339059327373 0 0 0.35355339059327373 0.35355339059327373 0 -0.35355339059327373 0 0 0.35355339059327373
0.35355339059327373 0 0 0.35355339059327373 0 0.35355339059327373 -0.35355339059327373 0 0 0.35355339059327373 -0.35355339059327373 0 0.35355339059327373 0 0 0.35355339059327373
0.35355339059327373 0 0 0.35355339059327373 0 0.35355339059327373 -0.35355339059327373 0 0 0.35355339059327373 -0.35355339059327373 0 -0.35355339059327373 0 0 -0.35355339059327373
0.35355339059327373 0 0 0.35355339059327373 0 0.35355339059327373 -0.35355339059327373 0 0 -0.35355339059327373 0.35355339059327373 0 0.35355339059327373 0 0 0.35355339059327373
0.35355339059327373 0 0 0.35355339059327373 0 0.35355339059327373 -0.35355339059327373 0 0 -0.35355339059327373 0.35355339059327373 0 -0.35355339059327373 0 0 -0.35355339059327373
0.35355339059327373 0 0 0.35355339059327373 0 0.35355339059327373 -0.35355339059327373 0 0 -0.35355339059327373 -0.35355339059327373 0 0.35355339059327373 0 0 -0.35355339059327373
0.35355339059327373 0 0 0.35355339059327373 0 0.35355339059327373 -0.35355339059327373 0 0 -0.35355339059327373 -0.35355339059327373 0 -0.35355339059327373 0 0 0.35355339059327373
0.35355339059327373 0 0 0.35355339059327373 0 -0.35355339059327373 0.35355339059327373 0 0 0.35355339059327373 0.35355339059327373 0 0.35355339059327373 0 0 -0.35355339059327373
0.35355339059327373 0 0 0.35355339059327373 0 -0.35355339059327373 0.35355339059327373 0 0 0.35355339059327373 0.35355339059327373 0 -0.35355339059327373 0 0 0.35355339059327373
0.35355339059327373 0 0 0.35355339059327373 0 -0.35355339059327373 0.35355339059327373 0 0 0.35355339059327373 -0.35355339059327373 0 0.35355339059327373 0 0 0.35355339059327373
0.35355339059327373 0 0 0.35355339059327373 0 -0.35355339059327373 0.35355339059327373 0 0 0.35355339059327373 -0.35355339059327373 0 -0.35355339059327373 0 0 -0.35355339059327373
0.35355339059327373 0 0 0.35355339059327373 0 -0.35355339059327373 0.35355339059327373 0 0 -0.35355339059327373 0.35355339059327373 0 0.35355339059327373 0 0 0.35355339059327373
0.35355339059327373 0 0 0.35355339059327373 0 -0.35355339059327373 0.35355339059327373 0 0 -0.35355339059327373 0.35355339059327373 0 -0.35355339059327373 0 0 -0.35355339059327373
0.35355339059327373 0 0 0.35355339059327373 0 -0.35355339059327373 0.35355339059327373 0 0 -0.35355339059327373 -0.35355339059327373 0 0.35355339059327373 0 0 -0.35355339059327373
0.35355339059327373 0 0 0.35355339059327373 0 -0.35355339059327373 0.35355339059327373 0 0 -0.35355339059327373 -0.35355339059327373 0 -0.35355339059327373 0 0 0.35355339059327373
0.35355339059327373 0 0 0.35355339059327373 0 -0.35355339059327373 -0.35355339059327373 0 0 0.35355339059327373 0.35355339059327373 0 0.35355339059327373 0 0 0.35355339059327373
0.35355339059327373 0 0 0.35355339059327373 0 -0.35355339059327373 -0.35355339059327373 0 0 0.35355339059327373 0.35355339059327373 0 -0.35355339059327373 0 0 -0.35355339059327373
0.35355339059327373 0 0 0.35355339059327373 0 -0.35355339059327373 -0.35355339059327373 0 0 0.35355339059327373 -0.35355339059327373 0 0.35355339059327373 0 0 -0.35355339059327373
0.35355339059327373 0 0 0.35355339059327373 0 -0.35355339059327373 -0.35355339059327373 0 0 0.35355339059327373 -0.35355339059327373 0 -0.35355339059327373 0 0 0.35355339059327373
0.35355339059327373 0 0 0.35355339059327373 0 -0.35355339059327373 -0.35355339059327373 0 0 -0.35355339059327373 0.35355339059327373 0 0.35355339059327373 0 0 -0.35355339059327373
0.35355339059327373 0 0 0.35355339059327373 0 -0.35355339059327373 -0.35355339059327373 0 0 -0.35355339059327373 0.35355339059327373 0 -0.35355339059327373 0 0 0.35355339059327373
0.35355339059327373 0 0 0.35355339059327373 0 -0.35355339059327373 -0.35355339059327373 0 0 -0.35355339059327373 -0.35355339059327373 0 0.35355339059327373 0 0 0.35355339059327373
0.35355339059327373 0 0 0.35355339059327373 0 -0.35355339059327373 -0.35355339059327373 0 0 -0.35355339059327373 -0.35355339059327373 0 -0.35355339059327373 0 0 -0.35355339059327373
0.35355339059327373 0 0 -0.35355339059327373 0 0.35355339059327373 0.35355339059327373 0 0 0.35355339059327373 0.35355339059327373 0 0.35355339059327373 0 0 -0.35355339059327373
0.35355339059327373 0 0 -0.35355339059327373 0 0.35355339059327373 0.35355339059327373 0 0 0.35355339059327373 0.35355339059327373 0 -0.35355339059327373 0 0 0.35355339059327373
0.35355339059327373 0 0 -0.35355339059327373 0 0.35355339059327373 0.35355339059327373 0 0 0.35355339059327373 -0.35355339059327373 0 0.35355339059327373 0 0 0.35355339059327373
0.35355339059327373 0 0 -0.35355339059327373 0 0.35355339059327373 0.35355339059327373 0 0 0.35355339059327373 -0.35355339059327373 0 -0.35355339059327373 0 0 -0.35355339059327373
0.35355339059327373 0 0 -0.35355339059327373 0 0.35355339059327373 0.35355339059327373 0 0 -0.35355339059327373 0.35355339059327373 0 0.35355339059327373 0 0 0.35355339059327373
0.35355339059327373 0 0 -0.35355339059327373 0 0.35355339059327373 0.35355339059327373 0 0 -0.35355339059327373 0.35355339059327373 0 -0.35355339059327373 0 0 -0.35355339059327373
0.35355339059327373 0 0 -0.35355339059327373 0 0.35355339059327373 0.35355339059327373 0 0 -0.35355339059327373 -0.35355339059327373 0 0.35355339059327373 0 0 -0.35355339059327373
0.35355339059327373 0 0 -0.35355339059327373 0 0.35355339059327373 0.35355339059327373 0 0 -0.35355339059327373 -0.35355339059327373 0 -0.35355339059327373 0 0 0.35355339059327373
0.35355339059327373 0 0 -0.35355339059327373 0 0.35355339059327373 -0.35355339059327373 0 0 0.35355339059327373 0.35355339059327373 0 0.35355339059327373 0 0 0.35355339059327373
0.35355339059327373 0 0 -0.35355339059327373 0 0.35355339059327373 -0.35355339059327373 0 0 0.35355339059327373 0.35355339059327373 0 -0.35355339059327373 0 0 -0.35355339059327373
0.35355339059327373 0 0 -0.35355339059327373 0 0.35355339059327373 -0.35355339059327373 0 0 0.35355339059327373 -0.35355339059327373 0 0.35355339059327373 0 0 -0.35355339059327373
0.35355339059327373 0 0 -0.35355339059327373 0 0.35355339059327373 -0.35355339059327373 0 0 0.35355339059327373 -0.35355339059327373 0 -0.35355339059327373 0 0 0.35355339059327373
0.35355339059327373 0 0 -0.35355339059327373 0 0.35355339059327373 -0.35355339059327373 0 0 -0.35355339059327373 0.35355339059327373 0 0.35355339059327373 0 0 -0.35355339059327373
0.35355339059327373 0 0 -0.35355339059327373 0 0.35355339059327373 -0.35355339059327373 0 0 -0.35355339059327373 0.35355339059327373 0 -0.35355339059327373 0 0 0.35355339059327373
0.35355339059327373 0 0 -0.35355339059327373 0 0.35355339059327373 -0.35355339059327373 0 0 -0.35355339059327373 -0.35355339059327373 0 0.35355339059327373 0 0 0.35355339059327373
0.35355339059327373 0 0 -0.35355339059327373 0 0.35355339059327373 -0.35355339059327373 0 0 -0.35355339059327373 -0.35355339059327373 0 -0.35355339059327373 0 0 -0.35355339059327373
0.35355339059327373 0 0 -0.35355339059327373 0 -0.35355339059327373 0.35355339059327373 0 0 0.35355339059327373 0.35355339059327373 0 0.35355339059327373 0 0 0.35355339059327373
0.35355339059327373 0 0 -0.35355339059327373 0 -0.35355339059327373 0.35355339059327373 0 0 0.35355339059327373 0.35355339059327373 0 -0.35355339059327373 0 0 -0.35355339059327373
0.35355339059327373 0 0 -0.35355339059327373 0 -0.35355339059327373 0.35355339059327373 0 0 0.35355339059327373 -0.35355339059327373 0 0.35355339059327373 0 0 -0.35355339059327373
0.35355339059327373 0 0 -0.35355339059327373 0 -0.35355339059327373 0.35355339059327373 0 0 0.35355339059327373 -0.35355339059327373 0 -0.35355339059327373 0 0 0.35355339059327373
0.35355339059327373 0 0 -0.35355339059327373 0 -0.35355339059327373 0.35355339059327373 0 0 -0.35355339059327373 0.35355339059327373 0 0.35355339059327373 0 0 -0.35355339059327373
0.35355339059327373 0 0 -0.35355339059327373 0 -0.35355339059327373 0.35355339059327373 0 0 -0.35355339059327373 0.35355339059327373 0 -0.35355339059327373 0 0 0.35355339059327373
0.35355339059327373 0 0 -0.35355339059327373 0 -0.35355339059327373 0.35355339059327373 0 0 -0.35355339059327373 -0.35355339059327373 0 0.35355339059327373 0 0 0.35355339059327373
0.35355339059327373 0 0 -0.35355339059327373 0 -0.35355339059327373 0.35355339059327373 0 0 -0.35355339059327373 -0.35355339059327373 0 -0.35355339059327373 0 0 -0.35355339059327373
0.35355339059327373 0 0 -0.35355339059327373 0 -0.35355339059327373 -0.35355339059327373 0 0 0.35355339059327373 0.35355339059327373 0 0.35355339059327373 0 0 -0.35355339059327373
0.35355339059327373 0 0 -0.35355339059327373 0 -0.35355339059327373 -0.35355339059327373 0 0 0.35355339059327373 0.35355339059327373 0 -0.35355339059327373 0 0 0.35355339059327373
0.35355339059327373 0 0 -0.35355339059327373 0 -0.35355339059327373 -0.35355339059327373 0 0 0.35355339059327373 -0.35355339059327373 0 0.35355339059327373 0 0 0.35355339059327373
0.35355339059327373 0 0 -0.35355339059327373 0 -0.35355339059327373 -0.35355339059327373 0 0 0.35355339059327373 -0.35355339059327373 0 -0.35355339059327373 0 0 -0.35355339059327373
0.35355339059327373 0 0 -0.35355339059327373 0 -0.35355339059327373 -0.35355339059327373 0 0 -0.35355339059327373 0.35355339059327373 0 0.35355339059327373 0 0 0.35355339059327373
0.35355339059327373 0 0 -0.35355339059327373 0 -0.35355339059327373 -0.35355339059327373 0 0 -0.35355339059327373 0.35355339059327373 0 -0.35355339059327373 0 0 -0.35355339059327373
0.35355339059327373 0 0 -0.35355339059327373 0 -0.35355339059327373 -0.35355339059327373 0 0 -0.35355339059327373 -0.35355339059327373 0 0.35355339059327373 0 0 -0.35355339059327373
0.35355339059327373 0 0 -0.35355339059327373 0 -0.35355339059327373 -0.35355339059327373 0 0 -0.35355339059327373 -0.35355339059327373 0 -0.35355339059327373 0 0 0.35355339059327373
-0.35355339059327373 0 0 0.35355339059327373 0 0.35355339059327373 0.35355339059327373 0 0 0.35355339059327373 0.35355339059327373 0 0.35355339059327373 0 0 -0.35355339059327373
-0.35355339059327373 0 0 0.35355339059327373 0 0.35355339059327373 0.35355339059327373 0 0 0.35355339059327373 0.35355339059327373 0 -0.35355339059327373 0 0 0.35355339059327373
-0.35355339059327373 0 0 0.35355339059327373 0 0.35355339059327373 0.35355339059327373 0 0 0.35355339059327373 -0.35355339059327373 0 0.35355339059327373 0 0 0.35355339059327373
-0.35355339059327373 0 0 0.35355339059327373 0 0.35355339059327373 0.35355339059327373 0 0 0.35355339059327373 -0.35355339059327373 0 -0.35355339059327373 0 0 -0.35355339059327373
-0.35355339059327373 0 0 0.35355339059327373 0 0.35355339059327373 0.35355339059327373 0 0 -0.35355339059327373 0.35355339059327373 0 0.35355339059327373 0 0 0.35355339059327373
-0.35355339059327373 0 0 0.35355339059327373 0 0.35355339059327373 0.35355339059327373 0 0 -0.35355339059327373 0.35355339059327373 0 -0.35355339059327373 0 0 -0.35355339059327373
-0.35355339059327373 0 0 0.35355339059327373 0 0.35355339059327373 0.35355339059327373 0 0 -0.35355339059327373 -0.35355339059327373 0 0.35355339059327373 0 0 -0.35355339059327373
-0.35355339059327373 0 0 0.35355339059327373 0 0.35355339059327373 0.35355339059327373 0 0 -0.35355339059327373 -0.35355339059327373 0 -0.35355339059327373 0 0 0.35355339059327373
-0.35355339059327373 0 0 0.35355339059327373 0 0.35355339059327373 -0.35355339059327373 0 0 0.35355339059327373 0.35355339059327373 0 0.35355339059327373 0 0 0.35355339059327373
-0.35355339059327373 0 0 0.35355339059327373 0 0.35355339059327373 -0.35355339059327373 0 0 0.35355339059327373 0.35355339059327373 0 -0.35355339059327373 0 0 -0.35355339059327373
-0.35355339059327373 0 0 0.35355339059327373 0 0.35355339059327373 -0.35355339059327373 0 0 0.35355339059327373 -0.35355339059327373 0 0.35355339059327373 0 0 -0.35355339059327373
-0.35355339059327373 0 0 0.35355339059327373 0 0.35355339059327373 -0.35355339059327373 0 0 0.35355339059327373 -0.35355339059327373 0 -0.35355339059327373 0 0 0.35355339059327373
-0.35355339059327373 0 0 0.35355339059327373 0 0.35355339059327373 -0.35355339059327373 0 0 -0.35355339059327373 0.35355339059327373 0 0.35355339059327373 0 0 -0.35355339059327373
-0.35355339059327373 0 0 0.35355339059327373 0 0.35355339059327373 -0.35355339059327373 0 0 -0.35355339059327373 0.35355339059327373 0 -0.35355339059327373 0 0 0.35355339059327373
-0.35355339059327373 0 0 0.35355339059327373 0 0.35355339059327373 -0.35355339059327373 0 0 -0.35355339059327373 -0.35355339059327373 0 0.35355339059327373 0 0 0.35355339059327373
-0.35355339059327373 0 0 0.35355339059327373 0 0.35355339059327373 -0.35355339059327373 0 0 -0.35355339059327373 -0.35355339059327373 0 -0.35355339059327373 0 0 -0.35355339059327373
-0.35355339059327373 0 0 0.35355339059327373 0 -0.35355339059327373 0.35355339059327373 0 0 0.35355339059327373 0.35355339059327373 0 0.35355339059327373 0 0 0.35355339059327373
-0.35355339059327373 0 0 0.35355339059327373 0 -0.35355339059327373 0.35355339059327373 0 0 0.35355339059327373 0.35355339059327373 0 -0.35355339059327373 0 0 -0.35355339059327373
-0.35355339059327373 0 0 0.35355339059327373 0 -0.35355339059327373 0.35355339059327373 0 0 0.35355339059327373 -0.35355339059327373 0 0.35355339059327373 0 0 -0.35355339059327373
-0.35355339059327373 0 0 0.35355339059327373 0 -0.35355339059327373 0.35355339059327373 0 0 0.35355339059327373 -0.35355339059327373 0 -0.35355339059327373 0 0 0.35355339059327373
-0.35355339059327373 0 0 0.35355339059327373 0 -0.35355339059327373 0.35355339059327373 0 0 -0.35355339059327373 0.35355339059327373 0 0.35355339059327373 0 0 -0.35355339059327373
-0.35355339059327373 0 0 0.35355339059327373 0 -0.35355339059327373 0.35355339059327373 0 0 -0.35355339059327373 0.35355339059327373 0 -0.35355339059327373 0 0 0.35355339059327373
-0.35355339059327373 0 0 0.35355339059327373 0 -0.35355339059327373 0.35355339059327373 0 0 -0.35355339059327373 -0.35355339059327373 0 0.35355339059327373 0 0 0.35355339059327373
-0.35355339059327373 0 0 0.35355339059327373 0 -0.35355339059327373 0.35355339059327373 0 0 -0.35355339059327373 -0.35355339059327373 0 -0.35355339059327373 0 0 -0.35355339059327373
-0.35355339059327373 0 0 0.35355339059327373 0 -0.35355339059327373 -0.35355339059327373 0 0 0.35355339059327373 0.35355339059327373 0 0.35355339059327373 0 0 -0.35355339059327373
-0.35355339059327373 0 0 0.35355339059327373 0 -0.35355339059327373 -0.35355339059327373 0 0 0.35355339059327373 0.35355339059327373 0 -0.35355339059327373 0 0 0.35355339059327373
-0.35355339059327373 0 0 0.35355339059327373 0 -0.35355339059327373 -0.35355339059327373 0 0 0.35355339059327373 -0.35355339059327373 0 0.35355339059327373 0 0 0.35355339059327373
-0.35355339059327373 0 0 0.35355339059327373 0 -0.35355339059327373 -0.35355339059327373 0 0 0.35355339059327373 -0.35355339059327373 0 -0.35355339059327373 0 0 -0.35355339059327373
-0.35355339059327373 0 0 0.35355339059327373 0 -0.35355339059327373 -0.35355339059327373 0 0 -0.35355339059327373 0.35355339059327373 0 0.35355339059327373 0 0 0.35355339059327373
-0.35355339059327373 0 0 0.35355339059327373 0 -0.35355339059327373 -0.35355339059327373 0 0 -0.35355339059327373 0.35355339059327373 0 -0.35355339059327373 0 0 -0.35355339059327373
-0.35355339059327373 0 0 0.35355339059327373 0 -0.35355339059327373 -0.35355339059327373 0 0 -0.35355339059327373 -0.35355339059327373 0 0.35355339059327373 0 0 -0.35355339059327373
-0.35355339059327373 0 0 0.35355339059327373 0 -0.35355339059327373 -0.35355339059327373 0 0 -0.35355339059327373 -0.35355339059327373 0 -0.35355339059327373 0 0 0.35355339059327373
-0.35355339059327373 0 0 -0.35355339059327373 0 0.35355339059327373 0.35355339059327373 0 0 0.35355339059327373 0.35355339059327373 0 0.35355339059327373 0 0 0.35355339059327373
-0.35355339059327373 0 0 -0.35355339059327373 0 0.35355339059327373 0.35355339059327373 0 0 0.35355339059327373 0.35355339059327373 0 -0.35355339059327373 0 0 -0.35355339059327373
-0.35355339059327373 0 0 -0.35355339059327373 0 0.35355339059327373 0.35355339059327373 0 0 0.35355339059327373 -0.35355339059327373 0 0.35355339059327373 0 0 -0.35355339059327373
-0.35355339059327373 0 0 -0.35355339059327373 0 0.35355339059327373 0.35355339059327373 0 0 0.35355339059327373 -0.35355339059327373 0 -0.35355339059327373 0 0 0.35355339059327373
-0.35355339059327373 0 0 -0.35355339059327373 0 0.35355339059327373 0.35355339059327373 0 0 -0.35355339059327373 0.35355339059327373 0 0.35355339059327373 0 0 -0.35355339059327373
-0.35355339059327373 0 0 -0.35355339059327373 0 0.35355339059327373 0.35355339059327373 0 0 -0.35355339059327373 0.35355339059327373 0 -0.35355339059327373 0 0 0.35355339059327373
-0.35355339059327373 0 0 -0.35355339059327373 0 0.35355339059327373 0.35355339059327373 0 0 -0.35355339059327373 -0.35355339059327373 0 0.35355339059327373 0 0 0.35355339059327373
-0.35355339059327373 0 0 -0.35355339059327373 0 0.35355339059327373 0.35355339059327373 0 0 -0.35355339059327373 -0.35355339059327373 0 -0.35355339059327373 0 0 -0.35355339059327373
-0.35355339059327373 0 0 -0.35355339059327373 0 0.35355339059327373 -0.35355339059327373 0 0 0.35355339059327373 0.35355339059327373 0 0.35355339059327373 0 0 -0.35355339059327373
-0.35355339059327373 0 0 -0.35355339059327373 0 0.35355339059327373 -0.35355339059327373 0 0 0.35355339059327373 0.35355339059327373 0 -0.35355339059327373 0 0 0.35355339059327373
-0.35355339059327373 0 0 -0.35355339059327373 0 0.35355339059327373 -0.35355339059327373 0 0 0.35355339059327373 -0.35355339059327373 0 0.35355339059327373 0 0 0.35355339059327373
-0.35355339059327373 0 0 -0.35355339059327373 0 0.35355339059327373 -0.35355339059327373 0 0 0.35355339059327373 -0.35355339059327373 0 -0.35355339059327373 0 0 -0.35355339059327373
-0.35355339059327373 0 0 -0.35355339059327373 0 0.35355339059327373 -0.35355339059327373 0 0 -0.35355339059327373 0.35355339059327373 0 0.35355339059327373 0 0 0.35355339059327373
-0.35355339059327373 0 0 -0.35355339059327373 0 0.35355339059327373 -0.35355339059327373 0 0 -0.35355339059327373 0.35355339059327373 0 -0.35355339059327373 0 0 -0.35355339059327373
-0.35355339059327373 0 0 -0.35355339059327373 0 0.35355339059327373 -0.35355339059327373 0 0 -0.35355339059327373 -0.35355339059327373 0 0.35355339059327373 0 0 -0.35355339059327373
-0.35355339059327373 0 0 -0.35355339059327373 0 0.35355339059327373 -0.35355339059327373 0 0 -0.35355339059327373 -0.35355339059327373 0 -0.35355339059327373 0 0 0.35355339059327373
-0.35355339059327373 0 0 -0.35355339059327373 0 -0.35355339059327373 0.35355339059327373 0 0 0.35355339059327373 0.35355339059327373 0 0.35355339059327373 0 0 -0.35355339059327373
-0.35355339059327373 0 0 -0.35355339059327373 0 -0.35355339059327373 0.35355339059327373 0 0 0.35355339059327373 0.35355339059327373 0 -0.35355339059327373 0 0 0.35355339059327373
-0.35355339059327373 0 0 -0.35355339059327373 0 -0.35355339059327373 0.35355339059327373 0 0 0.35355339059327373 -0.35355339059327373 0 0.35355339059327373 0 0 0.35355339059327373
-0.35355339059327373 0 0 -0.35355339059327373 0 -0.35355339059327373 0.35355339059327373 0 0 0.35355339059327373 -0.35355339059327373 0 -0.35355339059327373 0 0 -0.35355339059327373
-0.35355339059327373 0 0 -0.35355339059327373 0 -0.35355339059327373 0.35355339059327373 0 0 -0.35355339059327373 0.35355339059327373 0 0.35355339059327373 0 0 0.35355339059327373
-0.35355339059327373 0 0 -0.35355339059327373 0 -0.35355339059327373 0.35355339059327373 0 0 -0.35355339059327373 0.35355339059327373 0 -0.35355339059327373 0 0 -0.35355339059327373
-0.35355339059327373 0 0 -0.35355339059327373 0 -0.35355339059327373 0.35355339059327373 0 0 -0.35355339059327373 -0.35355339059327373 0 0.35355339059327373 0 0 -0.35355339059327373
-0.35355339059327373 0 0 -0.35355339059327373 0 -0.35355339059327373 0.35355339059327373 0 0 -0.35355339059327373 -0.35355339059327373 0 -0.35355339059327373 0 0 0.35355339059327373
-0.35355339059327373 0 0 -0.35355339059327373 0 -0.35355339059327373 -0.35355339059327373 0 0 0.35355339059327373 0.35355339059327373 0 0.35355339059327373 0 0 0.35355339059327373
-0.35355339059327373 0 0 -0.35355339059327373 0 -0.35355339059327373 -0.35355339059327373 0 0 0.35355339059327373 0.35355339059327373 0 -0.35355339059327373 0 0 -0.35355339059327373
-0.35355339059327373 0 0 -0.35355339059327373 0 -0.35355339059327373 -0.35355339059327373 0 0 0.35355339059327373 -0.35355339059327373 0 0.35355339059327373 0 0 -0.35355339059327373
-0.35355339059327373 0 0 -0.35355339059327373 0 -0.35355339059327373 -0.35355339059327373 0 0 0.35355339059327373 -0.35355339059327373 0 -0.35355339059327373 0 0 0.35355339059327373
-0.35355339059327373 0 0 -0.35355339059327373 0 -0.35355339059327373 -0.35355339059327373 0 0 -0.35355339059327373 0.35355339059327373 0 0.35355339059327373 0 0 -0.35355339059327373
-0.35355339059327373 0 0 -0.35355339059327373 0 -0.35355339059327373 -0.35355339059327373 0 0 -0.35355339059327373 0.35355339059327373 0 -0.35355339059327373 0 0 0.35355339059327373
-0.35355339059327373 0 0 -0.35355339059327373 0 -0.35355339059327373 -0.35355339059327373 0 0 -0.35355339059327373 -0.35355339059327373 0 0.35355339059327373 0 0 0.35355339059327373
-0.35355339059327373 0 0 -0.35355339059327373 0 -0.35355339059327373 -0.35355339059327373 0 0 -0.35355339059327373 -0.35355339059327373 0 -0.35355339059327373 0 0 -0.35355339059327373
