-0.1977552394027646 0.24123689011432886 -0.10475032536433188 0.38086101328987415 -0.2255362759547048 0.16985506049765656 -0.40590018572455555 -0.49646507652775601 0.063957314425412692 -0.11473223237394639 0.1876651005447878 -0.45083010826804298
0.2024178925878993 0.24823196692118357 -0.34268864965871859 0.18435793260928063 -0.48334304774596232 0.43287972703941047 0.044092152905308622 -0.14445162608359616 0.25791073322555363 0.11690110409207075 0.23379793494022111 0.40905194106927306
0.14841635422042834 0.1528126447981516 -0.67208897835946024 -0.17753473663628264 -0.087594903645984143 0.38621084173807163 -0.221316057601773 -0.12436561353359199 0.00047816703921072965 -0.23705548526977135 0.40601748895008316 -0.17051007644312668
-0.20020949879795485 0.24177525389620047 -0.098432514682722377 0.37816893956009634 -0.20637973850803129 0.16375948538808169 -0.38089203007913214 -0.45763164554851826 -0.06395580471010151 0.12937067869812865 -0.21239668859743002 0.50882755281449021
-0.32888573664072307 -0.26407236590507366 -0.1999146128783745 0.24772728385774079 0.31637302217886476 0.36183141546245773 0.48575900665241134 0.069024942571513315 0.34490159341759707 0.22433937124270514 0.015521775965898911 -0.28195565681494
-0.37020916860045272 0.0020560259547784403 0.25991562368130849 0.19988884736060669 -0.13669141245435287 -0.52454883462873947 -0.075857192400724555 0.43608608190472536 -0.14228728983705022 0.32560615231741458 0.023599026735666041 -0.37262031822026886
0.33384522783564868 -0.35613295074421691 -0.020069497735204361 0.084244493579635649 0.50322343194400665 -0.45931817501479677 -0.01351554627414529 0.12369490759523118 -0.2143816921217517 0.44398085374192148 -0.15620526732298026 0.083952744740146842
-0.21230324705727854 -0.2698462480688395 0.32686513918876908 -0.20892883196839487 0.33459439464296425 0.38042367137230998 0.45846463409326887 0.081201550257745517 -0.20074310368627585 0.43597383933854106 -0.14715966091621038 0.078308482528774981
0.34959532556755868 -0.35940115492538482 -0.027772019472485501 0.043970529183548379 -0.44667968293748977 0.39448235508863017 0.020570034526374893 -0.14058127820438807 0.23646475264224234 -0.51556381222061753 0.19566113750507683 -0.10285441899380406
0.11708996916328106 0.47824693595631473 0.11391602263050485 0.14052152288979899 -0.11510010579749959 -0.52340605997619372 -0.049179549784276105 0.42753639995133774 -0.28829374614467024 -0.33968376813031231 0.16604930302252721 -0.16238224027331763
-0.32139922801664211 -0.29298625036911541 -0.40414420999287781 -0.090024267225096252 0.40320550047941117 -0.080920979278873234 0.22790342272774744 0.10311541135519875 -0.027218663017615087 -0.48191166528333135 -0.065320632990991515 -0.41289532531081941
0.073893296531344646 0.0063261096747253128 -0.14651107372655434 -0.0025771361573473832 -0.0034146455492768584 -0.00075178828106333339 0.0070948011559140772 -0.0096933612640582711 -0.28269816708900941 -0.49054702456207006 -0.80491192162850378 0.066582758286753363
0.26587050012949642 -0.13550777114486168 0.42562202897427598 0.0067216319054199695 -0.10145907951099274 -0.4708239461298388 -0.057940911493852464 0.37112056529599402 0.30069858130823918 -0.24144993197187717 -0.28770484937473029 -0.35383991600439313
0.36638906551944739 0.33043851405187785 0.51342901301410937 0.11721981659513898 -0.18754675624264638 -0.096999142826912382 0.2009406060306777 0.38825356343492462 0.1056673956527278 0.21720975244618376 0.29758656787706833 -0.31083048063362373
0.20053325656410018 -0.24067470645986516 0.10321648388895373 -0.37851044379639071 0.22161919506645708 -0.17061737036867028 0.40363240339944517 0.50060433716516517 -0.061330463713359894 0.11169060189515341 -0.18778657991367734 0.45242580606131522
0.27723078671638429 -0.11637177491113924 0.42506248175860123 0.0035989609271855428 -0.10229627485143847 -0.48165394426665448 -0.067697250852072663 0.38985451877115246 -0.30004209424306028 0.2353745518459453 0.26738358619480734 0.33610221865669154
0.1307925289578063 -0.0057573267438380494 0.49971695795511023 -0.44105319976049862 -0.28063430287408175 0.30893071859716292 -0.073573033219598974 0.27909668040490476 -0.40729666179192631 0.15384430481285508 -0.12879891624218084 0.27379856417189935
0.41013510621080723 -0.45673587945728616 0.18889374009745555 -0.76564861484685831 0.023377787852239373 -0.0097298063889183894 -0.024817134537824446 0.0022339224695498952 -0.0033487862400154167 0.00081454828060800288 0.0010799514756595133 -0.0027874321589001446
-0.089224435764227672 0.24105122520749375 0.46115662738890828 -0.074759977866111618 -0.023162225017876809 -0.63489913351743799 0.043898251056297542 -0.24135545147082313 0.081997691685638294 0.42943019067592092 0.24634144759551863 0.0069202524969962913
0.1237229476553062 -0.012813392664343394 0.4854309857728154 -0.43002966497074285 -0.27505000774258509 0.29660002219213305 -0.070120176160603273 0.27807237340244906 0.4318200743409229 -0.16214719790412779 0.13530641844384853 -0.29500239549298196
-0.28095141532140627 -0.20864251298851053 -0.18060762354469359 0.26420620311764664 -0.33319508911978457 -0.34555602633541849 -0.44364851891839002 -0.059331918321371843 -0.41056005179717464 -0.25369982772763122 -0.0030620019239554568 0.3337751014642667
0.2093317322575543 -0.24798523529021912 0.072197016149591661 -0.37828302090782023 0.042049925546216817 0.54472241529508048 -0.052033677636826252 0.20037307947168401 0.075277701138764933 0.27929807059552392 -0.49993457219319787 -0.2672392081080408
-0.33764135858272365 0.3532950690685227 0.02318577846596136 -0.081492854388880681 -0.4516420744958034 0.41366507270808939 0.012661740976943855 -0.10755834902716677 0.24413212100998122 -0.51220324941729101 0.1850795391913273 -0.10472187208765917
0.2071994517551756 0.26554192296806867 -0.3305396642649619 0.20745511219007032 -0.29740415913651802 -0.33955797674095906 -0.40025600023877944 -0.070063189366611461 0.23351849685152185 -0.51655291056478947 0.17998223540953703 -0.10792501375187541
0.22111171674252936 0.27203903064735302 -0.32386357846135094 0.20368609863416992 -0.33916922328357607 -0.37280664213347137 -0.46086602472988702 -0.081721715777727397 -0.1962022590450242 0.43052052958605036 -0.16576574922491699 0.079439963531553928
0.6561601510004561 -0.12158880178490106 0.1453399786471983 -0.19468406966798102 -0.058658816040905178 0.41239170438786227 -0.22894870434640785 -0.13645464602016188 0.40930587121557938 0.23082366613237235 0.1653918900963802 0.054165769507094945
-0.16980685193699563 0.24935339091651695 -0.084822410142925769 0.37554879017403164 -0.64748839607452635 -0.073853686039090649 -0.033452230072585021 0.28663883069527496 0.093839270883401743 0.42906543839428607 0.24447570252226736 0.010440074232299687
0.32948378677182416 0.26008775478096974 0.20144555116825252 -0.2424923577977347 -0.27967032326024921 -0.32222614142426864 -0.42868311467902698 -0.066020361033384808 0.4150177125334889 0.25286181451207229 0.0075798696768660679 -0.34351508001973813
0.3585783889491625 -0.34955177965171558 -0.035192950139589271 0.046301188135955441 -0.50276444832358536 0.45893841423971377 0.025576241677667526 -0.1559644799551724 -0.19524878230303019 0.43528139945048427 -0.15233649291759205 0.081723534411877199
0.31451950121365313 -0.43381008074555261 -0.34900038231072034 -0.29513131695997963 -0.001389166791251197 -0.034449691381760142 -0.49168648992366171 -0.09623644225938309 0.10270464703246523 0.45697686873084065 -0.10237689463092652 -0.14805281575182908
0.071146079671895568 0.1135304372629866 0.32617204202257366 0.38421912726303559 -0.3378166799467423 -0.35479263309218195 -0.47898014958732998 -0.078012870247397573 0.19891861965872151 -0.094207861569888224 -0.42454294162884326 0.15443501975010693
-0.033673933700530276 -0.090892880799348069 -0.31582265659512315 -0.39190154664573168 -0.51068701100291669 0.44321074507491798 0.016746740719034481 -0.133838063830448 0.35958901568849833 0.22344474398066597 0.016379629587403213 -0.28695575135137197
-0.038226004297012839 0.55744243144358319 0.2005396799076172 -0.30945101361825422 0.14890236975414589 0.26325074839407825 0.17855553737668484 0.38721996347056475 0.0096304709765416309 0.24257600300303317 -0.43532261848732368 0.17344946675517392
0.67415201448701656 -0.10700519287733297 0.16412893455783664 -0.1799392039478537 -0.19004467949262779 -0.13058786600633743 -0.29374526336142709 0.29233277585372075 -0.0039419525339917131 -0.238065631584885 0.40472497343912411 -0.17130246696925755
-0.14982718623064173 -0.1491370346567214 0.66801541033806922 0.1757364786203614 0.087615793660973093 -0.39218514695828965 0.22039895340831303 0.12828057953654842 -0.0071177983083434131 -0.23251495412712625 0.41276744406042926 -0.16484510434968216
-0.099136577768478618 0.19664763115985198 0.44417701622364414 -0.066824605711209406 0.22214600312792146 -0.14996305451125294 0.40378475711848649 0.49588817687607006 0.50217015629047967 -0.1000747586144191 -0.023306497011711509 0.078898060708208553
-0.058518654262493641 -0.092385090345752513 -0.30623047722141228 -0.3570856250581565 0.45696549657390728 -0.43334273744810314 -0.031516188947679727 0.1312779913916213 -0.41464078030390805 -0.25980131087448655 -0.012470572469893568 0.33517685784398332
-0.67551546139609575 0.10947059295001065 -0.16609951169617704 0.17963400097898016 0.18862486063766937 0.12690668082096881 0.29474991263877176 -0.28943815279635604 -0.003437508875217544 -0.22938492134316804 0.41263508412250793 -0.1631075055372834
-0.41014129126696897 0.45671782747581086 -0.18890800131733387 0.76562832526473734 -0.023567750583101475 0.010354711964027321 0.025060405001957893 -0.0024142509076333879 0.003983591805428793 -0.00015867161278233972 -0.0015452722000020421 0.0022778002557522345
0.3282891500684188 -0.3641030144542633 -0.012263451885787797 0.081183683903547979 0.45324114164231177 -0.42049982737448122 -0.010827578540374664 0.10771028960677946 0.22610070040727068 -0.51212735153718214 0.18568138115666918 -0.10523373774390762
-0.35096713986847844 0.35796482033368338 0.031983459556761039 -0.045331221424530672 0.50855026946848836 -0.45128582258562688 -0.022948201747082089 0.15500139246386563 -0.20189950105361718 0.4291674914969234 -0.1639359485684756 0.083354252597139425
0.10328785672999412 -0.22214105201730608 -0.46342958618344443 0.072523970377444444 0.019718927070957935 0.56360604561641736 -0.034350910327537496 0.2193610920674226 0.11256705313266588 0.50180477645797228 0.29674128663415111 0.0091440263262257526
-0.30848187619393702 0.43704424850012041 0.34894809410249344 0.29666789867967663 0.0034707940860179542 0.034344945268641978 0.4947546052788605 0.09334298938452773 0.11000076386966941 0.45463466023994337 -0.10422776528966503 -0.1403984267661301
-0.055737241672221036 -0.096410388605159575 -0.30472561483898664 -0.35696180072692724 0.47928362556694187 -0.45354456823859629 -0.026361079127622734 0.13617656237880554 0.38640715960283184 0.24577437033237434 0.0091897655217577541 -0.32072504064729451
-0.26701760393718965 0.13203489801847038 -0.42876620829942597 -0.0057070866650745719 0.11356734052474961 0.53189463528842507 0.065131419679059985 -0.41951315465873246 -0.25636060721497195 0.20832778045256492 0.23762495297844355 0.29285777557321868
-0.13433435318026138 0.0060558603130882183 -0.51898980570635378 0.4576535541696361 0.27987787270125519 -0.3089925309864972 0.075157758730909505 -0.27946142650211891 0.38016360648477926 -0.14423381666058613 0.12123206656396464 -0.25600791604880646
-0.20622781106429697 0.24520544359136723 -0.06420261839940658 0.38406863805184921 -0.044501610139270911 -0.62240079271867921 0.067203110943483677 -0.24790284882066288 0.061914157623505071 0.23872577394536898 -0.42450561804511405 -0.22214879465085749
-0.27638819145481613 0.11432753093700407 -0.42575643719620504 -0.0079926499138804532 0.11209050614468002 0.52673569813373089 0.072064504388811304 -0.42669130604947275 0.26053040246459536 -0.20454072269038456 -0.23420632799844424 -0.29557945530557311
0.037744592956481242 0.032232574098192461 0.002191963300067809 -0.0099242093684397386 -0.85316812759688387 0.089763647432360247 -0.46570261141937297 -0.21098643876822465 0.0085570119608415155 -0.00018015694719111894 0.00076922959381825766 -0.0034204730681677772
0.11801151048230034 -0.01371130480597595 0.52620811574147874 -0.43878242475491019 0.23169925769610089 -0.15904712268184296 -0.095505620292468965 0.42280259787401098 -0.10898781698266237 -0.4555804154067461 0.10043778642106957 0.14169257054431014
0.11120884841486521 -0.0047280917750874207 0.45728775550560236 -0.37401124230379862 0.23480656021138635 -0.16290978833020966 -0.085886396198876544 0.41830347046240984 0.12013427775192449 0.56061748623556051 -0.12210598937274345 -0.17593085848607698
0.27613881761893089 -0.44599453301102043 -0.34830379111693471 -0.29716589458960002 0.33605453841333505 0.34631254283789886 -0.0082047472131308499 -0.022802487940481814 -0.40963345161800507 0.15288115466837299 -0.12452408144415707 0.27401162323841155
-0.27517484771845696 0.45658260400323986 0.35103484171751143 0.29925142752294442 -0.33980643460473869 -0.33921521214027761 0.0058906050366670229 0.022749615782815993 -0.39807645630980099 0.15054414510841657 -0.12849670896865464 0.27259278352167837
0.018556445487977209 0.026151101874903264 0.016740383894247913 0.031112850289407454 0.17191930914374634 -0.84003339628942997 -0.50709891986293942 0.072660402518439457 -0.0060013602064398989 0.001989067177386923 -0.0042762378851101792 -0.0049056104808332173
-0.53011798331997084 0.088010391749841488 0.34352033394613796 -0.24477651612284221 0.42513605901215401 -0.031449253337689324 0.20151817647296719 0.13036005012470936 -0.11396276991643972 -0.23779946461503285 -0.33102847219834947 0.3389075714638386
-0.11783184295306307 0.01360354663923434 -0.52610192520845611 0.43798990668762994 -0.23215854373659522 0.1593334096219243 0.095360986059945738 -0.42242477385860538 0.10874882204988236 0.45659826747738474 -0.10054670967490287 -0.14167974155233704
-0.12451637133644616 0.010683093658304291 -0.52578919352626197 0.43670558275064819 -0.23487622246615233 0.16180174801218222 0.092060235756294365 -0.42176933375667253 -0.10308860624267205 -0.45456407886511041 0.10368407971921384 0.14662280989303669
-0.24829102864903338 0.40492027844148792 0.31787243308167723 0.26852767811524902 -0.33638476204591511 -0.34816259794370863 0.0070487691481172943 0.021394180911678946 0.47393674285825627 -0.17448490476498266 0.14036589580340431 -0.3026520011141941
0.25960579986960386 -0.4340133033482399 -0.33344007312051005 -0.28227900597183775 0.33994524094849471 0.33780864219038964 -0.0038452631247150098 -0.022251527073164475 0.43347245507537174 -0.16693667335170076 0.13802934868062944 -0.29726734804233035
-0.018927978196613748 -0.025991902204394159 -0.016575540249324134 -0.031182777356553625 -0.17194207701384576 0.84002482522419974 0.50709292605211864 -0.072605562212933766 0.0069175124923517078 -0.0022144801073875216 0.0041931929963444281 0.005302037069832316
-0.038139413056047886 -0.35827757699445795 0.21554435848722128 0.26774277807644403 0.16246319165137318 -0.15057803392148564 -0.47740748505021652 0.26498608948885682 -0.080822031883297438 -0.27030771331325887 0.50486212532936336 0.2652342429904388
-0.61352187475095832 0.13084348696910478 -0.16351426185511184 0.20426490449884979 -0.24164023723688796 -0.1327000037314616 -0.31319062313528034 0.31683140334934379 0.0042284967350197222 0.24375016658248802 -0.41843174633837921 0.17036101676165621
-0.33581769608428408 -0.32565702469386204 -0.5254520879670328 -0.10124264425058958 0.093736307948051309 0.20897406445182459 -0.32254645557608103 0.29869924383318791 -0.38750828486883715 -0.083987412094422897 0.28930060019221021 0.090545594503992854
0.022353215180242709 -0.0016010238055396092 0.021634737490677191 0.0069252410409596683 -0.42560659293983705 -0.24733967391654782 0.37927024570731849 0.78252100870683061 0.015550984402956335 -0.0097252025088424305 0.0023095682671933713 0.011707616552845449
-0.50984380323342671 0.10624436414496788 0.33566763170163433 -0.23978799813394069 0.11561897203243383 0.24970961516636236 -0.33622367192325858 0.31124075667298418 -0.3083722661289881 0.23172707342299448 -0.27743376975220441 -0.21725606072261083
0.31908771974048111 -0.23946687896646615 0.26964846721475266 0.38600653899804771 0.3069188242243937 -0.2756718819385755 0.071007069389679781 -0.2874597954515179 -0.020563665420621786 -0.17321442990529298 -0.54338519149957232 -0.18858536132269116
0.36027667319602596 -0.2424571380027499 0.27272636800182926 0.39451663538485815 -0.20867578433979053 0.18592169736338263 0.085868207053723375 -0.43039110008149584 -0.33509584077075488 -0.018743731856107698 0.16350391785243712 -0.41387898945503709
-0.046470526059805756 -0.090870244804369338 -0.28813857924557801 -0.38648956068838064 -0.30187054529765661 -0.33566318668773543 0.43261157998633948 0.094436593400631028 -0.27347791422737722 -0.14023161168765891 -0.26045207396525155 -0.44161981364021974
-0.51736355048125604 0.10681284488714192 0.33799801042546168 -0.24609396334925593 0.11917162747135757 0.24511436396999092 -0.34386991426456776 0.314210294188143 0.30392593588502115 -0.21807600367141894 0.27038299014607181 0.20452003467169139
0.1103190666530687 0.09780471738190516 0.1568500891769439 0.031079251902230497 0.01333976561658862 0.0048218162794901685 0.0017460040940243992 -0.0041460511029857133 0.83891568918060799 0.30425244155798464 -0.07967505043210342 0.38701090098253416
0.06274542327957805 -0.23158526684023031 -0.4437403602929193 0.079424067023953812 0.6042410491557445 0.053425006237434174 0.048866773821584338 -0.2876453826944585 -0.070536448567086699 -0.22931501445674887 0.42314561241561094 0.2225203495877984
-0.47788973675050661 -0.45718371328730084 0.16662739300635102 0.053283784381437993 -0.36447048081774408 -0.37358629255738224 -0.026187247546957535 0.029699880919090225 0.0132698783955134 0.15582352113270176 0.45682773859302461 0.15772969169260087
0.39916033246739924 0.08289601967407173 0.057590984739628537 0.19521126657589832 0.64275988360366143 0.08712890137017941 0.06811865714522515 -0.30100174847196304 0.50638930207545607 -0.11485149757590718 -0.018952785387952198 0.08013115187486404
-0.38246749713023603 0.25388890847118772 -0.27590405650222527 -0.43936648310216281 -0.21153927651130819 0.16599162195298559 0.052645205763855049 -0.39313154927335159 0.3272847935427004 0.016919880724254474 -0.15326558946414023 0.39946852789049492
-0.21590521275352179 -0.23545550485092084 0.34743590767025223 -0.21288131016378026 0.087479358717257302 -0.10795195869350567 0.092809951080154302 -0.66712138117451314 -0.2050436213214758 0.09760033208435559 0.42912249482782977 -0.15241314682026366
0.36123311583783646 0.016198075682442359 -0.22060671880518237 -0.20723996789342922 0.31648534675321671 -0.2889030309409476 0.54917133553829667 -0.19263203225889722 -0.25593946041115218 0.19866832960901551 0.23901819657427634 0.30529416500734036
-0.26588598619514003 -0.13518545592393685 0.14311750178147886 0.60949160789795831 -0.14444286810868398 -0.22964756240288597 0.31409110787990885 -0.29232967343032618 0.10433185408735828 0.22997253917499272 0.3176333414222941 -0.31095312222313248
0.1550082900766093 -0.54217822399040672 0.29926718831330307 -0.11079361480325318 0.08782074620422195 -0.4229018376773569 -0.26977651319967078 0.034197549749837977 0.10572226991327302 0.2536011668245618 0.3481632918504538 -0.35066139384833567
0.22399229469733906 -0.15799984406571815 0.39508569966111462 -0.017166265746732363 0.12638937397405545 0.49730206606276361 0.05891825365845374 -0.3912477853558653 0.30105412316208346 -0.24654835882444634 -0.27381553499277522 -0.34964507145940532
-0.022937997773119261 -0.00086358055101395177 -0.021973259851811255 -0.0072536391487941785 0.42554751824598902 0.24700392254692755 -0.3792534279037682 -0.78268926602278499 -0.013257412483774659 0.0095542398978177498 -0.0048191843943757948 -0.010493725288275992
0.5007987880572079 -0.10472918209636341 -0.32774169027273481 0.23556369048396372 -0.11582736656592862 -0.25062993233659531 0.33674521554930742 -0.30903975257925753 0.31887483751440066 -0.23884691693807591 0.28603676493813068 0.22281654147623639
-0.50321021372476737 -0.48937320897576642 0.12530824563593315 0.060357240322738585 0.31084443586882932 0.36079250017783532 -0.036554924559792243 -0.003083267241121321 0.015594503311874692 0.15403373905082335 0.46005229202099984 0.15552889448964094
-0.4599587344699595 -0.45067676242370258 0.13195881288033107 0.068178951416100447 -0.027747723972381295 -0.014320974907525192 -0.51905089890617917 -0.076918661101180855 0.32274267911687693 0.023456711975026277 -0.14912306027038896 0.40001354568265873
0.047614558035684935 0.096216389919256171 0.28725507670269929 0.38540884614916321 0.30015122191538818 0.33441009296412988 -0.43285219891363402 -0.095548702558254719 0.27738917430694254 0.13528796849471389 0.26488761756595275 0.43999467843608758
0.51143749017891471 -0.10575355451363945 -0.33400520558427044 0.24332947668670257 -0.11912716181304811 -0.24499638386598091 0.34335714248144822 -0.31428225941112448 -0.3101772544494224 0.22268350108039336 -0.27607125673414484 -0.20876777403758615
-0.3964134351806694 0.00026242915387159977 0.2620227923982949 0.15932672950039745 -0.50337141543998021 -0.1582914808113326 0.054204356578843073 -0.33659779376996152 -0.34591097712111885 -0.38795008071450338 0.21225451942317777 -0.19730321085182867
-0.059467568052923685 0.23085430114936983 0.44501227698334067 -0.081351131817035377 -0.62485775718292536 -0.05882310616280647 -0.051666755126475457 0.29283725820466727 0.066445385507210505 0.22016877101795843 -0.40015223568549813 -0.20778447982847989
0.042068635516785656 0.084319135382718874 0.27735152844575756 0.39203515837647085 0.32947878013061638 0.37282001574415685 -0.48049157327892761 -0.10921188515340192 -0.23761695867547464 -0.12041591866110959 -0.22659396219929889 -0.38451010755322729
-0.096925380152541318 -0.44098692889320878 -0.080080822024179599 -0.1484132063227126 -0.47300891344790152 -0.17404163052554134 0.050481569940788479 -0.32561404596211113 -0.1766470795884012 0.39884873985965286 0.050736088306723284 -0.46069198549627238
-0.23638044391752225 -0.14237365661705301 0.10113670546736177 0.64139010104529059 0.099433941828412808 0.24270416974793302 -0.30238899243266165 0.285249726417238 0.10593191878352627 0.22761847356290152 0.31255757039482274 -0.31610318730070774
-0.23256032860546846 -0.14284301932505594 0.099419364547323238 0.61959571596518148 0.096102091196526837 0.24491181796151262 -0.30355749568994023 0.28003621734031436 -0.11034496605125596 -0.23804327712570747 -0.33112842922335423 0.33683379791926371
-0.36510415684014147 -0.013202932615918853 0.22353785649901783 0.1965434522025164 -0.31584553981315105 0.28657821701409192 -0.54583989079736395 0.19109218718707133 0.26333015143419969 -0.20627051847611913 -0.24118489028787027 -0.3025273520033181
-0.045215838534519083 -0.086613727080713132 -0.27426808153964144 -0.39178953542609413 -0.33534770611179304 -0.37593821539248279 0.47722793978447142 0.10729352907694834 0.24125697904206844 0.12002606211974139 0.22231250222221305 0.3829510435519875
0.47701069553874953 0.47992155270839043 -0.13838270063605601 -0.054460601128180637 0.33131971043858227 -0.28405315199509862 0.081915028263615144 -0.28055935592493636 0.10563664864388356 0.44724250078451305 -0.10922197763084657 -0.14499450506431213
0.37104883528489419 0.38306523438890094 -0.11605718350829346 -0.045357877468627815 0.32337592160026957 -0.28022647688410063 0.067326268874944334 -0.27816188466283698 -0.14465173526829536 -0.60512714162158387 0.14268232881938156 0.16610306007386505
-0.50854543671966979 0.12851839223039721 0.36000017552153407 -0.265459610543683 -0.42784190562029012 0.054221450489645308 -0.2629438645355055 -0.080983719735796392 0.1066371432080114 0.22987634586558869 0.31228734617901782 -0.31838832972306835
0.65367666232683619 -0.11427005850676504 0.17673318984918668 -0.21292442371959155 -0.39741279282368058 0.057607745581767449 0.26458186666793498 -0.03280048206007085 -0.083458043007890267 -0.078217564696585001 0.14583697458692549 0.46517853849601337
-0.40865194126934634 0.26847696699542262 -0.28186366390402839 -0.43634437339799936 0.30088187144159956 -0.3009882189295699 0.032600085791900067 -0.24472240614669313 0.013965536315681298 0.14804484808933852 0.45103866135744025 0.15315467480389153
-0.36893200093314715 0.2494804701879991 -0.28038913464583837 -0.40459296290103341 0.20936632024746002 -0.18685271955730126 -0.08865720032919347 0.42960143138723023 0.32210193071162729 0.017291501690607638 -0.15819988603713711 0.39886539534614113
0.48361707150790056 0.46732239323056168 -0.16900741769756639 -0.055055174813295138 0.36595427795855373 0.37122614177609087 0.021743224828524494 -0.02475549835698795 0.022280862529192726 0.13807337089638674 0.44863160387555334 0.14993910904163002
0.36689395978640582 0.33712641048172526 0.50499957413599683 0.11366576892911449 -0.40060646378066578 0.073845179064472258 -0.21864188522810513 -0.11402669763629723 -0.015274089331125307 -0.3866036795301877 -0.046306004949979468 -0.32435346268340876
-0.38200023813636524 0.25635903295714929 -0.27640216526665823 -0.43501983099989489 -0.21631045098871957 0.16758023372908831 0.059633096961893201 -0.39315485639711095 -0.32198163676876984 -0.015301619695163126 0.15491668725347454 -0.40225584729254132
0.50331327691462679 0.48959405888350166 -0.12566666390076178 -0.060418298501705436 -0.31078441953088443 -0.3608423544517787 0.03711212727348976 0.0032025934939308499 -0.015555488503192548 -0.15366391959570647 -0.45983551057502114 -0.15506748401411691
0.47729970801618421 0.45682965600368119 -0.16676701277495218 -0.053565349403683168 0.36424256144991124 0.3737524147829539 0.025763954688461217 -0.029711080853238564 -0.013164770579162753 -0.15588108533610426 -0.4579418468824506 -0.15722013556218503
-0.33527836138125189 -0.32209229521059995 -0.49329737393288764 -0.11802893494338994 -0.23855703846072746 -0.15563174237856195 0.17940394864719805 0.40119434591985537 0.10179424439830627 0.22805082393490758 0.30734201533522465 -0.30898236913937271
-0.25869372827705273 0.12111454824709625 -0.4283868817126899 0.027768395828101276 0.49521966893101943 0.15679928319662501 -0.063507997555346446 0.37217852885496594 0.32664224891704724 -0.00027785176579480525 0.455618212678714 -0.086374570433869508
0.21474396588306532 0.23595141564180658 -0.34697507157590057 0.21344017947772367 -0.088198636683626555 0.10785934260680634 -0.092658362713517142 0.66570112261814895 0.20596724961902382 -0.098888263210620733 -0.4306318937911881 0.15317352728195718
-0.37528109015428457 0.25830142946530521 -0.29793894840856289 -0.43948241605412786 -0.30426558478619947 0.27872937900048705 -0.06240687443382352 0.28711270422190222 -0.013484508856221227 -0.14425638462288751 -0.45744134386335394 -0.15392143659883484
-0.10162275385957255 -0.74244200170204422 0.43738718845009045 0.49600681095017063 -0.024743649126208682 0.005649530438939827 -0.014698970522018531 -0.010498157697536965 -0.0041483789779172475 0.0070362432921905419 0.0084994600313853651 0.0036035916913507433
0.28104922876903038 0.24027929582657218 0.20667992089472484 -0.26761692493561634 0.10862518463263525 -0.091567897949409047 0.0993928870807059 -0.60471850716759612 0.27290329688351772 0.13018423633710749 0.26215294544506146 0.43936993702538729
0.2767458669890247 0.23654400821002394 0.19858790086830255 -0.26812930465313711 0.10895433455707752 -0.090673202913946649 0.11764837281873866 -0.63390386524476883 -0.25815834723685771 -0.13232128298178794 -0.24429602634496148 -0.42014884206531022
0.34240813474187914 -0.34029972565688338 0.0046786037765591268 0.0503355196083939 -0.32904856419269002 -0.36747652858222751 0.49966428897932585 0.092624889470946645 -0.20552451371924488 0.10276007801474164 0.43235377812379011 -0.15202544127550807
0.33826230356307363 -0.35861751138423698 0.004689642032634854 0.046808235280541774 -0.30515667587017298 -0.33764636097532347 0.46740134692466334 0.076397086087875099 0.22055345877896254 -0.10911208947000539 -0.47963829676260045 0.1809163429250788
0.88573786619204553 0.21525347790708066 0.14233381280192792 0.38032486551609002 0.029852640783322771 0.016430045380806214 0.044137231516933141 -0.03180489698834825 0.0030196178109718921 -0.008979892368244282 -0.0042032900309313531 -0.00050755174712505818
0.10159509990605976 0.74243420855547093 -0.43739365773695954 -0.49598454854858742 0.025688372912535826 -0.0058685729137110789 0.01455541651417624 0.010299377879548658 0.0035678580793321135 -0.0062641827589490565 -0.0092889913136803264 -0.0023393315595077041
-0.28221582615804258 -0.23764252771289585 -0.19955962501574864 0.2741462865592712 -0.10744874598261017 0.090164282559923425 -0.10357286378544776 0.59921103063111303 -0.27215845005854999 -0.13349111524832696 -0.25821337514934534 -0.448196107766972
-0.27775398942595364 -0.23574238587072868 -0.20065425627021327 0.26586773694776694 -0.10552032789321059 0.086667026028042257 -0.11213391317864072 0.60415261681237831 0.27365440902722338 0.13744215428530848 0.25966376915038714 0.44599102962236575
-0.34648161501268537 0.34356387628895607 -0.00048645127493713523 -0.050155046274522067 0.29915830882331201 0.33124082135328192 -0.45708711776028482 -0.080538378976719574 0.23470686307942248 -0.11414750277401707 -0.49728767670448482 0.17133403490892202
-0.33732334664840014 0.36073155657371836 -0.0060383526460610027 -0.044808024070725636 0.29451855011951505 0.32232005530739549 -0.4468034535872164 -0.075883715280609373 -0.2320145676478978 0.11048774219137067 0.50575565015909907 -0.19024023215573432
-0.88572125372266308 -0.21524574381642342 -0.14234507699593282 -0.38032012043367475 -0.029993580137516251 -0.016230666039056797 -0.044447403025995577 0.031656483838346128 -0.0029960307981947674 0.0098933636253830289 0.0037418651294371264 -7.1748807043629765e-05
-0.27790806704269772 0.13221684353409352 -0.39235192968160565 0.0065063092290995102 0.25684681572081064 -0.25651844521465694 0.47692918135262491 -0.15222996436796632 -0.16471116921953396 0.38070176807896278 0.033906512489462561 -0.44236046516621863
-0.029146559677556295 0.0094246118879604077 0.036829495701061379 -0.031666539440359541 -0.24302709518797397 -0.47226523214705068 0.61555692898400882 -0.57934422897867577 -0.00074662689462547582 0.00034676209957191411 0.0068568606938081943 0.0028446581906255652
-0.27198812530683691 -0.15594769541920311 0.12254455057717747 0.63021105660172638 0.39885031106749247 -0.033790263879314587 0.24029481187364721 0.098563149338699488 -0.30864949478236015 0.2269928178648124 -0.27012026322749499 -0.20514576051177905
-0.16698264972432503 -0.16388523760596088 0.65139457574799109 0.16119377123422249 0.21791257618238311 0.15264340726893613 0.28569716290294367 -0.30052821019388765 0.40339132521278842 0.23761981246963296 0.17018300934791927 0.063907202467891083
0.037693112334031907 0.34987151550882001 -0.2090067599268331 -0.24667851808437866 0.21970325323097575 -0.16504336581830054 0.41417331899756238 0.48265343224513541 -0.092750967458305855 -0.46068552488628123 -0.26605362611231137 -0.0037285732706221629
0.22406066712875419 0.12096731607102788 -0.1205078299645734 -0.59896870827861548 0.45225571290875072 -0.055017568859780548 0.22643319034893064 0.11646977420371632 0.32003455715137419 -0.24030209336125477 0.28482083700145017 0.21951900040105721
-0.06358822487776021 -0.38811115949214148 0.2323932251633197 0.25069790169781919 0.17447436036264166 -0.1432079259989088 0.36247051646856787 0.42708506172757837 -0.11864915633797064 -0.50924628311507003 -0.30047058170069674 -0.0064737261742460811
0.2156948239544636 -0.15337930877163117 0.42777185992710803 -0.0191070348530815 0.31387375046621957 -0.26864647888695015 0.52783341360106339 -0.18544746833430939 0.13268449931340365 -0.31955171883791006 -0.022907741015696627 0.37771273183388837
0.19934327735600202 0.23869514368896103 -0.34632408149599331 0.18497653673587791 -0.47694271868655147 0.42750389398612415 0.04777691539966878 -0.14413723911192336 -0.24681030544091509 -0.13641378008008948 -0.24637114575952865 -0.41906478762794969
0.062651463637827462 0.39011636971378311 -0.23229741900937501 -0.24795102000976249 -0.1818682696347291 0.15064350634514309 -0.3749146691020751 -0.44459207346544094 0.11549498442462917 0.48843820649454739 0.287264188307775 0.0042274942921212925
-0.22604293189709274 -0.12099853612131845 0.12149854755724974 0.60317780019286915 -0.45253436144836462 0.056512204916987635 -0.22547615577611166 -0.11473865246799192 -0.31664906669886089 0.23873688754296415 -0.28074544269378554 -0.218204542101535
-0.041103846618045788 -0.35101310542052166 0.21434545233618998 0.24109660160012084 -0.20314870374543689 0.15103316757683258 -0.38016620036560089 -0.44564284575674218 0.10617164104383105 0.51260225122587999 0.29960427781530435 0.0053123771110445651
0.16687624619284844 0.16364230061363097 -0.65116244651069444 -0.16133621366906864 -0.21786976013732076 -0.15282175340099907 -0.28519237391668478 0.30102948459842588 -0.40355513671707566 -0.23786193766313371 -0.17005576825714513 -0.064826189227764328
0.26535673211392768 0.15258833899925631 -0.1188102904124423 -0.61487899289101988 -0.3992877259931697 0.03278372609333785 -0.24004358011815993 -0.0992754240969944 0.32278736220006438 -0.23788374155132666 0.28258134376867156 0.21329786677113866
-0.10460080618232918 -0.12366908182807847 0.58416517340435614 0.17198851373746948 -0.22066941915772234 -0.10632824694888976 -0.31554162566385913 0.3096867444743347 -0.47885954720646862 -0.27465423828523777 -0.1933588640622898 -0.073030665607133116
0.27798843090073561 -0.12896323410808916 0.39313696652150237 0.0028254946513912543 -0.28311183460642331 0.28710779674899711 -0.54009679733433213 0.17755390478875743 0.14442107270738172 -0.32299791971516173 -0.02306032976226266 0.3741607141752622
-0.12101489167094893 -0.0093706905446073185 -0.52507986115009397 0.43825226317015042 0.31663927355745197 0.35034018407128942 0.014365231035214608 -0.026446766166091939 0.32821387583275763 0.014788292175365711 -0.1527302664895544 0.40288911350320089
-0.11473651188037698 0.0032164303203510072 -0.47194399304629414 0.40032601476544782 -0.016900663622003573 -0.009672938231941184 0.50686789195103021 0.081157221387398393 0.025093663835191876 0.17064792737697174 0.52660787357509153 0.18134531842298954
-0.12151362193213189 0.20293551469888801 0.42296050130060209 -0.064370963161369296 0.5869385524755909 0.09323825671365514 0.029862612504019365 -0.25000198700718496 0.065374190587382849 0.25603757156994467 -0.46036473641961645 -0.25032916446293513
-0.057036697257554871 -0.35525588982579376 0.24341804493628422 0.24418797818489715 -0.047555166269284702 -0.57514271226500169 0.042069131318677143 -0.22774178697935404 -0.58491816951614617 0.11710335871224337 0.02808049405792867 -0.091335711330009589
-0.097842579322559062 -0.45001001611934177 -0.069545031548487152 -0.14339435778588827 -0.5356318697486192 -0.19962949677205197 0.057378067465062396 -0.38241590022741934 0.14082267013550218 -0.33117526918244339 -0.024210322438866817 0.39514242939285005
-0.44949969020075053 -0.11301294889949129 -0.062354041468659048 -0.1923198506568411 0.18664263902515121 -0.17306738805658631 0.38194058281006232 0.49631564357332492 -0.069572286092374439 -0.22225370450472584 0.42351264503792896 0.23174890596767322
-0.048718550531580182 0.58564413234756096 0.2035918352951136 -0.30061978020044106 0.4454942651614669 -0.031147032699840541 -0.26154551686590388 0.034279804700888629 -0.40384995611877977 -0.24015518453530957 -0.16948057199884356 -0.065697496849210987
-0.17536246674279388 0.1140101343983816 0.13932244717409728 -0.45604988240005684 0.27846459080904395 -0.24326803881568504 0.46081897960155999 -0.14438867311054232 -0.35084572817722004 -0.39506252644943862 0.20632883260548979 -0.19285915874589807
0.17299050460957155 -0.12272098794224306 -0.13234382808700557 0.45567970682688586 -0.28407727400624416 0.24916912198844962 -0.4716286131162899 0.14727670377190472 0.3442558360679161 0.38426724390819483 -0.20359130045268872 0.18794419974019719
0.40578339867220259 -0.24552140157577887 0.30859328182868617 0.43269302595461695 -0.33493052907579435 -0.35592838981276759 0.021537772836147568 -0.0068480787953887718 0.1066821145642084 0.45899572789854776 -0.10416461522433815 -0.14255994439275843
-0.43703724835400765 -0.095458840259474181 -0.08006415392313404 -0.19094746698308029 -0.2083353182920579 0.1417771598465857 -0.3890895355923617 -0.43077374848311278 0.078770426428174486 0.27138532291185063 -0.46250508851603678 -0.25057546170810463
0.10960368875031733 0.4755786458045036 0.11487497373200016 0.10365887971368597 -0.53261026881717488 -0.17047869595754478 0.094964694309110934 -0.39519686229859202 -0.13519702811446235 0.31884494495428456 0.026534576581986567 -0.37321656405446663
0.053307096282820425 0.025607983953703197 0.0002206384713792947 0.024878990095258777 -0.43187286740187764 -0.26267025725351195 -0.6047340996997066 0.6120523606921161 0.003055845606361247 -0.00029207678746391168 -0.0060411470962442836 -0.0040486593848952958
-0.061370459919061662 0.23915527522122632 0.44127460359623627 -0.08300416954693518 -0.57843396919430479 -0.052795677421959619 -0.050086846938130841 0.27392189830289487 -0.069457816616705567 -0.24941350392794848 0.4461283672900106 0.2375885305143676
0.027796333781185255 -0.0068203537598619897 -0.038772457436842711 0.032171227117203542 0.24294300005472963 0.47227205063984395 -0.61551966404617975 0.57931448688165255 0.0012288306226162101 -0.00330028374630475 -0.0079952055959958013 -0.00585725646864922
-0.019600242985454222 0.0024559008443544878 0.023197658317352196 0.013521042910266727 -0.007030965936797879 -0.030226299438529385 -0.0076066222042415694 0.021427241658422226 0.69563643884634807 -0.50663491231003621 0.48271070183140929 0.1543054987424847
0.060722974694685961 -0.24051048994339472 -0.44143495283074363 0.077878427770390071 0.60766264713567075 0.057406996750798835 0.052748066055927516 -0.289275416696954 0.063516103447898292 0.23274335068606788 -0.41371389070000392 -0.2217262507172249
-0.23260136658931155 0.21606525365899368 -0.10694486775050505 0.38882821690361169 0.62792681884550261 0.082186927506577662 0.054607998315654084 -0.28388859768399272 0.087693636021237073 0.42614641521469648 0.25022806436832851 0.0078261084538839617
-0.31501194801045662 -0.28782530272491008 -0.40698880512650848 -0.11504217637348467 -0.13445751179846011 -0.26425613805052156 0.30015370774465316 -0.28414242528981332 0.48466811581435171 0.11748162651835682 -0.34482340682350171 -0.11270264340410363
0.1138044348494181 -0.14205481837974904 -0.098370575833345991 0.43360009727964349 0.27157784927595957 -0.25728827411662059 0.5071729324550418 -0.18395577993175649 0.33292870562547294 0.38531839802543827 -0.20256260276385393 0.19448359598582698
-0.41459977196100711 0.25804431597386662 -0.27918076793898577 -0.43476379113148161 0.29921349442386358 -0.29917549045946301 0.03661691423699974 -0.25151892447686053 -0.021001426029089599 -0.14469116317778627 -0.45442330008917192 -0.15180355543028032
0.43814561474882741 0.090603864309561674 0.075136673134146112 0.19515639313621361 0.20366459861020828 -0.14233343868326606 0.39255990662416179 0.43007610396686513 -0.072290384296088347 -0.26726280127451729 0.46345562780745914 0.25265507530467318
-0.24891904191571332 -0.3412222099985352 0.043578417535401766 -0.57224207471554556 0.085831454188760287 -0.4287827911026999 0.20388280895454591 0.13862274445730732 0.27325600244622594 -0.35909033235234283 -0.18381560185271167 0.053268872125321394
0.47388350218989794 0.46042888565403362 -0.13576489867428235 -0.072640341973219336 0.030860819696357396 0.011748896141188613 0.5147982964761989 0.075083534597883403 0.31312610845118177 0.0070647050200107649 -0.15245456895670451 0.38294310960199623
-0.2110861709879473 0.14750877174397223 -0.43238508923919594 0.016873773969741081 -0.27708095957897738 0.2279800964167184 -0.46181406906818323 0.16404890618620285 -0.15882570110761199 0.38169390053647734 0.028914181261659035 -0.45360475480441148
0.23606912599560112 0.1223423073075295 -0.13279414809318271 -0.52373520102420568 0.14966605157895305 0.22893906110139775 -0.30717909822427608 0.29825613796161593 0.12797227072004347 0.27167888807304191 0.37527350424066569 -0.38500079849382818
0.12570014425256587 -0.20720830568048337 -0.42105269592167893 0.063283432275358958 -0.63815505781927906 -0.095987707890799412 -0.027276857786119775 0.26940974842841009 0.067578033656267758 0.22716384667036421 -0.40903179871987844 -0.21613804064092923
0.60114436552587336 -0.13072188874069132 0.16169861412298653 -0.19952519352196893 0.2416043937394092 0.13662301395821952 0.31172912492665855 -0.32040684248496626 0.0028053283132886456 0.243820449373534 -0.43306363375894269 0.17806172974895296
-0.10989614535753676 0.13913556510636102 0.097714899350463499 -0.43738578466009564 -0.26426051877361972 0.24950826288190098 -0.49933106599700244 0.17939750139911262 -0.34079596797287132 -0.39195763049062182 0.20893366072340441 -0.20169452918664979
0.6521803830180678 -0.12261692428395976 0.14645028499331517 -0.19322558575648049 -0.064706861974220195 0.41941087396758819 -0.22800026053875166 -0.13876846498507842 -0.40144702585412778 -0.24027178076119024 -0.16263373447319804 -0.064566130944578359
0.23184455594733142 -0.21743534606351064 0.10608589437167261 -0.38887935586605382 -0.62635980025645155 -0.080855612302573487 -0.054455155810477836 0.28374715340714579 -0.087165832434532978 -0.42865148799298952 -0.25054196261456835 -0.0059418636718591399
0.64313952176572597 -0.14193769345363064 0.15572731243019439 -0.19074700253078758 0.15088229025767677 0.24527523035080509 0.19172608181962614 0.35873218579441923 0.28301795055332613 -0.37242813077103198 -0.18898939698519532 0.051941227355323007
-0.13479309410147033 0.55832326045101799 -0.3161989815476694 0.14475731253093105 0.12015131285066434 0.23629221018882365 -0.28759036831540297 0.29025301443172663 -0.019061894954742607 -0.42492076897162878 -0.055256395707818977 -0.35772869501825044
-0.31360322528307516 0.38582202163060753 0.041919379289898459 -0.058242790005426377 -0.29863464528680289 -0.32562588098699535 -0.43872288458575837 -0.048760701234232887 0.27569485188795734 0.13529022882839689 0.25482642498080404 0.44533928902418113
-0.23246985433222037 -0.13923511210592948 0.095387441448612026 0.51004863660630306 -0.11280851788550933 0.42344851140660672 0.25935657400154949 -0.049365115678642477 -0.023660400514021736 -0.47835709416682676 -0.052715359336423344 -0.40425436404271348
0.015367994922347786 0.091848494829852093 0.32692719241056756 0.35806501502438565 0.080468077982659092 -0.084937744318682132 0.11137578634298569 -0.60458391091904651 0.23049511581121018 -0.51197391814966098 0.19763095714817899 -0.10157088655803972
-0.26004720590106684 0.11281878939488522 -0.42813792162312708 0.027364721850484098 0.49831708049416418 0.1703132895852307 -0.064505836630350477 0.37569543021728863 -0.31821958593099342 -0.0041908469793695956 -0.45248966322149226 0.083268911190754219
0.14380607306841289 0.17067043619855146 -0.63989017275930871 -0.17928573157747149 -0.12145285426359717 -0.26738627373134738 -0.16729820225414324 -0.38035522876448175 -0.085326351332978931 -0.079017968431778718 0.14311850269016588 0.46440959693078332
0.038494623047827102 -0.48940782065014049 -0.16646348196107724 0.2439005834906138 -0.44745560674565632 0.046587996080003823 0.25538326677247225 -0.03358397080853278 -0.52164002461805437 -0.29213216831921157 -0.20157015924385166 -0.070604943535816103
0.11924819914335738 -0.135504643793529 -0.13631721182725859 0.43515075768257233 0.10094294062279756 0.47600604230266563 0.075166666182505462 -0.39142584910044448 0.34223631553098055 -0.0032908464291051135 0.48854390815503801 -0.089625142712972991
-0.31623550891371244 0.35378337310560781 0.018681401927829869 -0.050931369289305563 -0.079771328536132308 0.10717191648370758 -0.10827991250881466 0.62066571991714126 0.41578586471774176 0.25873558036434169 0.0016543069826320293 -0.34243969718900164
-0.04343659935979665 0.58732101262990999 0.20200964475108052 -0.30241454422100844 0.45030763614859931 -0.03796687965573619 -0.26319102794502625 0.03331808131832055 0.40611338103279304 0.23145308366084513 0.15744466985478206 0.054948536985687919
-0.14336549969843557 -0.17018085817078382 0.6400530441605512 0.17995131208558418 0.12350689458486436 0.26764512440824056 0.17058224491764934 0.37788340497391731 0.088086047233256484 0.075377999138567062 -0.14383337162173165 -0.46424494183485449
-0.16500758818626635 -0.2207192186942997 0.34309636406923355 -0.18911207974326794 -0.34203066723538134 -0.37218123865291908 -0.50939400421761349 -0.0611160888198648 0.19620275009247248 -0.42450706584767234 0.15934354814246338 -0.088111376020952759
-0.017331605067656023 -0.087218826127525892 -0.32426785367678274 -0.35980000084855768 -0.082120749961587414 0.086025587329070022 -0.10841218559095266 0.59784530908099487 -0.23442603881462717 0.51909691297900251 -0.19955033522951185 0.099663766950510033
0.25744518005070377 0.15454144404226561 -0.11031092460986572 -0.58921924534933279 0.11062860086905399 -0.42619875998142026 -0.26122135813315017 0.041493009601025095 0.019757216338826166 0.40927814869790791 0.041533390554807897 0.34208886404416089
-0.045886515641322692 -0.38126586174495231 0.1914211197168437 0.25013784554821233 0.016917943021601489 0.58711143216210149 -0.054833666715454379 0.22139273949740471 -0.57779122506484459 0.11524711219420787 0.025716284056187141 -0.0923381444755417
0.13704360338474117 -0.56265470690377861 0.31897095955671684 -0.14556025316607263 -0.12109556381461269 -0.23864034887897795 0.28969927961882502 -0.2951315878838372 0.017252160552420986 0.41575367949816694 0.054097308802022723 0.35070146119067158
-0.65090649781771048 0.13028644850101528 -0.1533329886597187 0.18963601636282046 -0.1497170473172415 -0.25020763464377638 -0.19450890003906071 -0.36152387588141582 0.28098511114200636 -0.36178393054481761 -0.18400496579378264 0.051215193873757572
-0.042679070134397208 -0.042867753110909984 0.17659299603672368 0.045503079963554072 -0.0038336808963230504 0.0091414039363580182 -0.0090552595204299348 0.0017175656831510224 -0.26035172407420737 -0.71239847895124886 -0.081156896993362884 0.61726896170002921
0.5176562139829064 -0.11696743715245615 -0.37172372022826827 0.26443412635179508 0.21652246796487915 0.10973333276148013 -0.15348223757424684 -0.41892503640782064 -0.021273619636225115 -0.38394889010901634 -0.042900190578898434 -0.32024774959143026
0.39724690518292916 0.034886089827394037 -0.21945675665229397 -0.19764279004370044 -0.5319506975407523 -0.19926741534350725 0.087096334043210516 -0.40226601118125727 -0.29353315381262418 -0.34074680318110045 0.18164903946503763 -0.16249518199448504
0.55115516008706755 -0.098554930508501004 -0.35979372946218618 0.25649282861108108 -0.42457763223867689 0.033926037210412562 -0.20277693654630405 -0.13323804083417717 -0.10081015858773079 -0.2239626615011158 -0.30756999933722196 0.30994442511611464
0.048120732011623708 -0.5880048266556025 -0.23375966522939179 0.31749087307555995 -0.11249928307147367 0.39437310485709071 -0.2390381882971119 -0.13577140451841141 -0.08600830693505665 -0.070985420910948102 0.15195476492011042 0.46605226070129885
-0.099527881586242428 -0.095772773992780669 -0.13214519414946166 -0.034004229771352347 -0.0058021053208845378 -0.012131081371677231 -0.0034370555369496176 0.00010527370542521586 0.54288654801945746 -0.45215975354142779 -0.48150257929450202 0.48071977696412405
0.32263647776222387 -0.3482168841777305 -0.012084848082151021 0.045469027741413016 0.083205981140691679 -0.10541155281247001 0.11091098864494124 -0.62051733916047758 -0.41911883509831821 -0.25687391593643644 -0.0058297913986257392 0.33967718395332408
0.036437080053295406 0.091124306318552187 0.32191599338137916 0.39154440585852851 0.46120447120318792 -0.39934667964676773 -0.0087447545738996765 0.11677780761185957 0.40807128248828206 0.25707563748062801 0.013722548183438868 -0.33872193057000977
-0.051099564440192272 -0.11797784520626957 -0.013122276130587215 -0.13718759898997016 -0.009015546487895279 0.00040440117672892059 -0.0098028181827601747 0.0074722606997021023 -0.75592585952620095 0.084495333144663662 0.55036735751121912 -0.28770898999929884
-0.059974942587782375 -0.36037233594653983 0.25118339445151111 0.24170736073759003 -0.040570596691522201 -0.56990286126229173 0.039889876315138482 -0.22734260230424691 0.58600483334637277 -0.11000838203348488 -0.015899956761969796 0.097733396387247665
0.12080019573394715 0.0087227685336738713 0.52481885569774511 -0.43763168355474674 -0.31632697511321495 -0.35060313928188247 -0.014400701616331181 0.026153893970779211 -0.32984031647803058 -0.017034995434097807 0.15261450022622411 -0.40264397464057933
-0.39870110613494275 -0.034197650261639741 0.22151819531206246 0.20232649735436289 0.53692172851575082 0.19938574733116232 -0.08838725237388563 0.40333647497078801 0.28885995084409932 0.3334708872241039 -0.17286136887561615 0.16372364644395607
0.1582856665259795 -0.028415450017820795 -0.10381250661111145 0.063840594441350498 -0.00079536723559133892 0.00029908904042210224 0.003893775132452012 -0.0021161270956421585 -0.61137529430319781 0.66498753279507061 0.15840549817133615 0.3437800449344578
0.12421386529345062 -0.0031847462249621505 0.51805235587179865 -0.44007148313993505 0.019245216936527847 0.0091552238649573962 -0.51266572943791289 -0.079466296276100884 -0.019356039116099212 -0.14742151725600197 -0.45343723651603712 -0.15878064435098596
-0.25109436173824362 0.14950984446549953 -0.38657892877059757 -0.0078197666788131955 -0.52931814260613308 -0.19237725093381361 0.07343702101045696 -0.36632701750052166 -0.31637987822743757 0.0012413187290751938 -0.44740372619344221 0.089727175287560759
-0.15829442506347427 0.58463646226778998 -0.32043599289036978 0.11886008724224302 -0.085100236544748298 0.42192864601935764 0.2748718163824192 -0.03068998262765972 0.11086721861644247 0.22073347529137488 0.30712927006409746 -0.31500907483299606
0.23221705640359161 0.33318346109575792 -0.036111017417029261 0.59185579622097162 0.42492819538237681 -0.0418567692442346 -0.2232553847924279 0.0053510078315143119 -0.0034898385929100989 -0.24070759041618114 0.4056749254741483 -0.16957211494319629
-0.30929197603832342 -0.23880394599870866 -0.15699926997599548 0.24001978146705755 -0.33298972251647863 -0.34785841156542296 0.45799183289289364 0.098023297162018255 0.21868560445034257 -0.47649752747126084 0.17609495771081327 -0.088980029627607191
0.18527739178680747 0.27491115971808322 0.0081731623460527848 0.47179156325142596 0.10136520444285847 -0.39847056963254679 0.26970980063423755 0.11333635836392228 0.35845959024679108 -0.47207472654764132 -0.23569168150200615 0.076820976188943693
-0.40807778051468069 0.24551156968085869 -0.31026504202782329 -0.43564204057149841 0.33368931896896958 0.35689466772979872 -0.022332752568520159 0.005396909221527287 -0.10519670906417869 -0.4539948782959351 0.10107868097319779 0.1431899773262805
0.19084780573718638 0.2409282790552976 -0.36633609330915246 0.21685100531438384 0.33256957763215711 0.35621568688304711 -0.47243401093245369 -0.112995388811391 -0.33980136019107782 -0.23094759531041978 -0.014062160886320034 0.28609560459287492
-0.34010459122789644 -0.32859322529071633 -0.49244734062997475 -0.11965389735511237 -0.24033032777903868 -0.15016507377805727 0.17400111430046186 0.39571948423486319 -0.10474612868867286 -0.2157177740786316 -0.30661173728367758 0.3175511613741499
0.51203075155829525 -0.12937592501741749 -0.36158088046944525 0.26686227622852299 0.42782249538147132 -0.05481856451456435 0.263569144026019 0.079958715599064242 -0.10574103325823779 -0.22637088973840905 -0.30951287254148557 0.31465497824207361
-0.54580206223653072 0.097852573709916471 0.3554805623772086 -0.25426675164444312 0.42441211320424088 -0.033368487927977288 0.20327934063161651 0.13379880033697425 0.10326795135132255 0.22818908840297378 0.31370427307005366 -0.31606702382824614
0.34067453989797408 0.32866887858339239 0.49317279312946638 0.1193916220816808 0.24108061093702046 0.15105850550755284 -0.17423074910153713 -0.39773763733052908 0.10440947589936389 0.21542923850138843 0.30398167006425747 -0.31502031121501528
-0.18930545418468037 -0.24302833729577994 0.36832077222278209 -0.21200318139533708 -0.32385888166666477 -0.34925125052606226 0.46200510247326271 0.10658289590050456 0.35652512615036142 0.23794742008324571 0.011525159343546419 -0.29826753574213088
0.64231548401710126 -0.11956769950703879 0.1848163268920022 -0.19236138705978512 0.11774698323935788 -0.41324462901355213 0.24593846495146163 0.10814613487992002 0.40223383618207842 0.23185050247282854 0.16135627544619535 0.059791752891748255
-0.22516810293050477 -0.32789251414345744 0.0031622341555297973 -0.56848531822696069 -0.092512326940641654 0.40152445976206358 -0.27326657541978405 -0.10479668015770915 -0.28513662815586893 0.37661197310834693 0.19252514419430003 -0.054382661191573978
0.30871600513372466 0.2404532905351402 0.15819394585885704 -0.24048272379060573 0.31085266804316408 0.32343061186930572 -0.42646129863756993 -0.091355125093181028 -0.23528508305266926 0.51993229245284467 -0.19464860843493947 0.094820348284443023
-0.23103587169236706 -0.33283378062175772 0.035980374663760646 -0.59109054440202069 -0.42474295452944105 0.042064811562677426 0.22355277451564134 -0.0053221139782761752 0.0024838622498456705 0.24184822465067696 -0.40653251534404478 0.17092649990740527
0.39233350926446642 -0.26262598379463992 0.28291416391674296 0.4464035062487427 0.21556169126720218 -0.16727847341895352 -0.059201060634261296 0.3929921254850261 0.30888459793950263 0.013291151286429655 -0.14771278129964197 0.38468633146680764
0.14118806109438681 0.13389560632937444 -0.6616338005730894 -0.17144286822718693 0.12519451400186229 0.21915938627578502 0.20497851161631103 0.37058036944880024 0.087319201239387759 0.071144284259791038 -0.15120474389808325 -0.4651735427170654
0.10003580831760223 0.11967857349723543 -0.54998308664156492 -0.16188061160235589 0.22485990343792225 0.10768747317129636 0.31428643039538556 -0.30771848344586006 0.50638095179280662 0.29277628591732846 0.20473630823698516 0.085448094266092497
0.12092429256403732 -0.14326393232953713 -0.13729072762273883 0.43259245999657264 0.10462774669893914 0.50041327510108413 0.077225289511713577 -0.40851108687746013 -0.32680143054156729 -0.0046579291004064868 -0.45776864543595036 0.091045659170830531
-0.15738347419692664 0.11398950854046748 0.1046065831174815 -0.45964872729497497 0.1214767640573815 0.4804164151580263 0.038461986629430754 -0.36279838669942238 0.34011274382795037 -0.00086612349974510858 0.48698391503825056 -0.092347453135425722
0.11108811012076177 -0.21382394017857514 -0.44433977712531625 0.10395191238286715 0.19149835602507773 -0.20357178361503286 -0.53189774498038211 0.30690301161552214 0.060527506775183697 -0.12100781099518883 0.18878939431224545 -0.47384517605544729
0.49904097402338821 0.47975677782537302 -0.15503768231798917 -0.044293739814838515 0.027040588926012028 -0.0033735898874490055 -0.46859551431216095 -0.099457973531228733 0.31416142968831812 0.0070078611974916435 -0.15492762789927034 0.3766000784009581
0.030196750382840573 -0.54764449021752704 -0.20884847250271368 0.3150276726651412 0.39817727996603897 -0.065144977265697734 -0.25222522113454826 0.0072468500620400736 -0.46749262429036931 -0.26775765411689006 -0.18576735307232639 -0.071424307216096147
0.13324018048724875 -0.57295126974207311 0.28686201834170849 -0.12849750512371477 0.21790119554536808 0.12124815470652565 -0.21327448722560388 -0.40176325070202867 0.31416069692865262 -0.23205318772592282 0.29315664695013549 0.21818401128227705
-0.13436010292799164 0.57806597935145299 -0.2891706597037334 0.13071843628037347 -0.21903990208797747 -0.12049842660722807 0.21307721207861366 0.40337554834374817 -0.308771799389983 0.22768884260521124 -0.28713752981210539 -0.21642049634491137
-0.15701712321390263 0.58040095775042932 -0.27847052686906582 0.11100256516490747 -0.1183231209634497 -0.23265067168684775 0.3236483459767171 -0.28384057365036663 0.025450733304206753 0.41132040756758337 0.044881236627091425 0.35117799681802631
-0.38830532234284609 -0.031187566806052221 0.24610424707965606 0.17320618755447223 -0.31046131693439655 0.31019434154827358 0.42546418152814736 0.36042411032490312 -0.28350270295152918 0.0058229039227044171 -0.40895235176039507 0.080603013403608106
-0.10945484329908446 0.21273696211771315 0.44552286943565589 -0.1041145050568181 -0.19368998639281465 0.20652454869128983 0.54609133392308218 -0.31470807388016769 -0.054203650298085708 0.11222338674703213 -0.18037627720149413 0.45600364304023433
-0.12056958938961765 0.1384445487834621 0.13320150468375569 -0.43415974751700676 -0.10624817214763536 -0.49494660028621379 -0.076573838212687664 0.40653962675555128 -0.32793983421224754 0.00073438455474540861 -0.46695949430873507 0.084045691518687793
0.43221904885829748 0.12132190137013528 0.1020701059523422 0.18533894600540871 -0.021393688092865567 -0.64406738225195159 0.075741157242515358 -0.27199931710756547 -0.068649241890684512 0.1156060365058685 -0.20051842267153605 0.44767500769921165
0.015039703288167099 -0.0038194319366597449 -0.0049582625046669399 0.032740122750862306 0.42133285419663274 -0.35251356958700181 -0.13894453176682847 0.82310594031261874 -0.0034865635396983037 -0.0020297958445509331 -0.0060827606881536126 -0.0036442326390845603
-0.13663000651410701 -0.12906113605896649 0.64286113104420473 0.16666071764033716 -0.12500348461161381 -0.21917814143240968 -0.20549948233527551 -0.37069397783807106 -0.092179680701852701 -0.075619954127714134 0.15919957430052908 0.49067328144190303
0.056758246753705915 0.35019966135129399 -0.24622542916412277 -0.24164088154758134 0.051887344087738464 0.64461412685340647 -0.039172339504262688 0.25405383185415759 0.50345322553298122 -0.10625616267559089 -0.018139958647283488 0.075758496747423729
0.40404295268838292 0.0090537284878217262 -0.2401865672201266 -0.19770679992807122 -0.24768204840999172 0.24285010867901771 0.40267958932904319 0.29901980354853025 0.35395189006492989 -0.0060881266082002863 0.48396232259644884 -0.092005185435733286
0.24292729098933541 0.1254532114032251 -0.13255571378624179 -0.64374856989516482 -0.063297785334699624 0.41252607208842124 0.25074791420490594 -0.029592967989617903 -0.017732963172537076 -0.38577187506878313 -0.04466886948499682 -0.32280063359633487
0.37754014193377833 0.010973649564780304 -0.26475336869929317 -0.19385948387042448 0.13103868646639735 0.49455653553558937 0.077032678155768849 -0.40359504967494519 -0.15159161176365729 0.34870069494760308 0.035579600544348645 -0.41623163420504866
0.22202194867846969 -0.22623169644621302 0.093564419446946309 -0.35394264426227984 0.19546708689140413 -0.16789544488102617 -0.5012884627621137 0.28187921480327555 0.58912322134303319 -0.11561947942972803 -0.019595046547798371 0.086807263001069224
0.30786857910769633 -0.44463288939812501 -0.34100048591819304 -0.2935368026810371 0.21086066048618679 -0.20427344774038411 -0.074401754314370253 0.40583151827775554 0.01153883234378229 0.14780695537311708 0.45073340326995309 0.15332319570792877
-0.1118441755686241 -0.45958099338725195 -0.093261469703050728 -0.11233855475814399 0.25080372596333927 -0.28131519388963067 -0.40431899284893985 -0.31712985893906787 0.29905989942264644 -0.24075239924515807 -0.28247662025699399 -0.34882805712283854
0.27680356194094291 -0.44567238185546226 -0.32964778515402943 -0.30629669131281428 0.29947392867721417 -0.31294184247914897 0.050924272473619685 -0.27487790676053991 -0.31058533639231994 -0.014356632438289283 0.14508563414690542 -0.37253591717525641
-0.27341874508971881 0.4400407390517323 0.32547689609748348 0.30263635693910046 -0.29928312484286118 0.3125237293782438 -0.051050409457784156 0.27501498506030664 0.31772344353575493 0.014665583470111812 -0.14877027493376663 0.38118977715229896
0.11057512572888797 0.45559970341670403 0.093269641928489591 0.10522789421339815 -0.28259089244131635 0.30985968022062949 0.45361480115001479 0.35572291506033971 -0.25264520259233653 0.20797093425111374 0.23744009178248585 0.29798455812359592
-0.30780409587050866 0.44427960784378429 0.34104671407576304 0.29328620539895783 -0.2099324554711792 0.20493845458148552 0.073908477338833892 -0.4060738073378059 -0.01087719696357216 -0.14798595869306166 -0.4518122244263707 -0.15152676192788658
-0.22047325503176818 0.22675214523886258 -0.084499824239279278 0.35275528008610801 -0.21820668705600418 0.1911050566570584 0.56790591018859315 -0.32110878270848398 -0.49391111338448329 0.094732692244645048 0.015616969683695348 -0.073951779951127367
-0.2349410904815783 -0.12099230131076924 0.12907704243472504 0.62437985761256187 0.064365598211693686 -0.41253688555389295 -0.25105142787790496 0.030162967418389697 0.018096146948867742 0.4078694198937356 0.047218957286227978 0.34127944149355594
-0.20682984656859188 -0.11218961539387461 0.11146196357783351 0.53795020337483235 -0.23409450515046587 -0.11342901503156626 0.18996276406644474 0.38156495244626648 -0.48741087241340791 -0.10762291615191959 0.35992145457255004 0.12157782109133584
-0.40428188106384422 -0.0032984276134144998 0.23948860559531979 0.19714600523719525 0.24475250401822135 -0.24622924207747943 -0.39694661212269078 -0.30048092087525591 -0.35725588530689756 0.0014555617109559404 -0.4864151090914885 0.087763160073156932
-0.64336968313121456 0.14173146877382015 -0.15564566185247261 0.19039081335502978 -0.15089033116406661 -0.244805206424731 -0.19194218100735821 -0.35895432193681598 -0.28323407893565572 0.37273717197612299 0.18818238418074387 -0.050584265791830528
-0.43830012658731987 -0.11884737766354783 -0.10035183921907997 -0.18843430600544464 0.020767537224678136 0.6291191778461841 -0.074219388001668801 0.26265189841575309 0.06139665917692614 -0.11335057911004727 0.20012630277928753 -0.46989904458497861
0.448389722182712 0.087733098248461594 0.042213312437906617 0.19370493138676806 0.048606734819439945 0.65374331734308522 -0.029548749227481078 0.23206750101199097 0.069361719009988082 -0.12431432788670177 0.18711757339942348 -0.46064793130748316
-0.11389484468712842 -0.47393039645695317 -0.11524543481710171 -0.14147411485635075 0.10152032375423613 0.47453449016683091 0.043107376149992015 -0.38728260653057367 0.34104205102824919 0.38778989479839743 -0.19263701967697139 0.19490095465963048
0.52528905954211214 -0.12879684062928126 -0.37037433958945221 0.24715542431856913 -0.080611065254798553 0.40745296247269935 0.28913338893650603 -0.063251497379390037 0.38906862494436933 0.084662401776679622 -0.28709753817716571 -0.090209644533389408
-0.24249115657500636 -0.338102924281868 0.010468665368227315 -0.55444472244967302 0.41944556084331136 -0.066132901796273444 -0.29190723541525576 0.039109743508487636 -0.0085054609861606265 -0.23023751851559118 0.41243528593225692 -0.17068637951230517
0.39494686525737221 0.027179375450334612 -0.24249889825926782 -0.16803312542710008 0.27763326791628973 -0.27087800828568054 -0.37182178781170128 -0.32058640961158091 0.34415063459349476 -0.0057716800509658665 0.48570593648961696 -0.10184284563456235
0.26237146643740294 -0.37224101082966443 -0.27117238380535585 -0.2663237666833701 -0.33734749958482474 -0.39011063088456116 0.0043214823694538483 0.016385538657215457 0.4694404820394007 -0.18625282575011878 0.15569185796865376 -0.32024021641517525
0.64280251749100314 -0.11109123825188445 0.17639654773563287 -0.19571850418901315 -0.096836617035936726 -0.24390642152770722 -0.17350847609407355 -0.3925998557430147 0.27781570713755688 -0.37045457356397443 -0.18702287487586308 0.050388099337821644
-0.29244836344445385 -0.22430407051652396 -0.19940144990048458 0.23668051130197743 -0.51005444104307396 0.42859589414028354 0.015885986226314062 -0.13007730782082347 -0.21729644363054723 0.10937173293309092 0.46989818211721235 -0.16545806178454642
0.2481132278311669 0.33962001840621275 -0.043708492650555465 0.57194162959908457 -0.085111254326208918 0.42874445991076682 -0.20371213414609696 -0.13965312344243869 -0.27557812315942382 0.35927590594870551 0.18475611796754007 -0.053345492651316953
-0.35210393357735192 0.35131866093231345 0.056038537973007702 -0.082033211205456535 -0.3212170304025192 -0.33707268917179734 0.4749329063292308 0.10942013380825272 0.21172521773126429 -0.10233580546612665 -0.45238876310815429 0.16864182597418415
0.24286044689117167 0.33736821995342031 -0.010627783913817484 0.55290916935572831 -0.41843637007437678 0.068433931091087891 0.29197576501764078 -0.038549187638625929 0.0086645013168768492 0.23134940880934601 -0.41485937825379343 0.17078049050537819
-0.52588011021245973 0.12860713631245049 0.37038682763087466 -0.24757408597735384 0.080679246373010688 -0.407247113970793 -0.28952432526581123 0.063494867905445312 -0.38863686655451662 -0.084144114076833976 0.28598875575235033 0.091144302305632599
0.098688129775900565 0.47926326990746149 0.093503981446310502 0.14235935043606188 0.31234321056981307 -0.27835642473731748 -0.42926854035562895 -0.35463858142629334 -0.25964108016603438 0.20437082081515084 0.22757412528649865 0.29241529198895977
-0.48383323959744556 -0.468221241433674 0.16911716072640351 0.05521793313170751 -0.36644902217616299 -0.37090782673642675 -0.021833058047281449 0.022671230131816003 -0.023549016574312135 -0.13679785915039919 -0.44840560208060537 -0.14778588506633983
0.44939759497906856 0.11660169697517303 0.063730794399907628 0.1879595533373376 -0.18863598128357925 0.1734620449083987 -0.38048722135990448 -0.49692478936014373 0.069045417245675936 0.22680365654708926 -0.42295698189583542 -0.22929953093345895
-0.28762369423168155 0.12108377717689063 -0.39032920484125316 -0.0020335815493945811 0.28520979312715777 -0.28846988522586259 0.52609185526736624 -0.17318696840150599 0.14920858558137001 -0.32701008369165396 -0.024240536112264652 0.38618394373190473
-0.14919866099202958 0.50397822516846047 -0.2430079601328631 0.094470007258078623 -0.12227786435733314 -0.22894460238572448 0.32817851304461193 -0.28449006218455342 -0.024984904873268772 -0.47539117691366112 -0.075552833005533906 -0.40918916290833235
-0.27417365879993949 -0.15721956160650669 0.12193768809231011 0.62860354346297576 0.40487487038497194 -0.040736487399023885 0.2363216338136179 0.10198462042057257 0.29991967593166979 -0.22003725722826339 0.27352921105438366 0.21232348968484982
-0.14892546372228227 -0.13335828848241085 0.53610932678024203 0.127754859711951 0.20706121559219595 0.15973454809901882 0.28610018939471044 -0.30493033101865458 -0.52551861442748216 -0.29776483396337877 -0.2074773529107472 -0.072086047718957769
0.051815597071392674 0.36478207592915235 -0.20997142396317386 -0.2442118450663216 0.20639979229819308 -0.15354825473348463 0.38083064057965299 0.4488069190850279 0.11124965690269251 0.5045098566232995 0.28444112572329855 0.0084114814406892422
0.23651956970044025 0.12772101694181909 -0.12447885147553223 -0.62380085975637267 0.44783936099129951 -0.049533839505278822 0.22948086395628248 0.11139178160133906 -0.30221833595488207 0.21665273322224657 -0.27176205752702903 -0.20714995083659649
-0.053846796832228871 -0.37664708715798262 0.22822117625331106 0.2521156450983626 0.18416790945282457 -0.1522018475252119 0.3722898274556572 0.44737242776326658 0.10392481220658707 0.49759840745809408 0.29180129370443192 0.01458518754927548
0.22673154215795538 -0.14310044317952186 0.42449283929481263 -0.018305537201394412 0.28606242844716601 -0.23386867000431369 0.47411734469556321 -0.17013764371945608 -0.16958651961203836 0.37265814988344148 0.043591310097118696 -0.43334925740421304
0.12332613552306047 -0.20161358338805291 -0.41955994620168974 0.06558126489723648 -0.63925463614466627 -0.096890127461906228 -0.030909346307364898 0.27519196679656965 -0.055731613568246831 -0.22769575171975573 0.40878959883847599 0.21686557909653612
0.051821734333935138 0.38063701528076277 -0.22557648475526315 -0.25259288603223445 -0.19794700401345586 0.16156872752347556 -0.40064494015687946 -0.47845563662070484 -0.090140390041324667 -0.45446456383128708 -0.26111380804529111 -0.013216242059370518
-0.23655745680972995 -0.12767369858881833 0.12441927710210975 0.62355285420870599 -0.44785349573422922 0.049531616172060762 -0.2293902018844271 -0.11122881209779502 0.30226257490579267 -0.21672834307669872 0.27180434713048879 0.20787589520239294
-0.2926736189146662 -0.23776851333701357 -0.19542242196143053 0.23744773940871797 -0.53388018071965582 0.44915353865174107 0.017059419551100029 -0.14597526523278892 0.20782254985707574 -0.088706902050888589 -0.42258154968876616 0.1588580862265396
0.15695990426091791 0.1516735016549394 -0.58272795871785255 -0.14335119321825063 -0.21041278838738073 -0.16015579526949827 -0.28538179792195434 0.30287658335552331 0.48146110702548667 0.27955800736620262 0.18611131448189039 0.067394249287121316
0.2690494443158144 0.15448948226474454 -0.11934271962158355 -0.61657119476663047 -0.40543131094300527 0.040232548545758633 -0.23621407017229917 -0.10265353098791376 -0.31107093097712668 0.22758844815847901 -0.28309461666792529 -0.21979637256486997
-0.112619364201202 -0.1389711870842868 0.65053699532378806 0.18751270092259359 -0.21377547906680497 -0.11065900391661798 -0.32224628330706295 0.30807079953551275 0.40586223344316841 0.23987768996097522 0.16474430278264826 0.059520529815817076
0.28305917514911794 -0.12136770101003332 0.39253321532777125 0.0023652549619664356 -0.25841652248201974 0.26559864135202477 -0.48472649674454071 0.15674498817492186 -0.16380842353792577 0.36718183127781917 0.028945752778895068 -0.43785317876939439
-0.11706691021808188 -0.0082613355856736952 -0.47748550574994575 0.3946343983858065 0.313187182625977 0.35449260281326694 0.022023771425918548 -0.018327630363432025 -0.36533861027050973 -0.018189362477965428 0.18006494831717859 -0.46010832229859949
-0.1316278327378676 -0.0085353163759388697 -0.51555085503434173 0.44108933118653332 -0.021850529598426972 -0.0075702203712850842 0.5162145676743447 0.074096099557680567 -0.016401862918336972 -0.14702571221148855 -0.45398728712050446 -0.14750008832293648
-0.12452397962521435 0.20470926097727968 0.42092317980072841 -0.0694161359915519 0.64825294520913046 0.099358386382702377 0.031339789052960094 -0.2725098744798673 -0.0672692289770805 -0.22141209380720106 0.39568838609791995 0.21243216896468792
0.046677692859663653 0.38122858489510547 -0.19151729604217224 -0.25016863327448663 -0.015679649192673433 -0.58369750817485178 0.054240038950814709 -0.22025408434028798 0.58130187679977141 -0.11639964102958804 -0.026187677144065984 0.093132811141876604
0.098391536822428863 0.44172645900200702 0.073554222466730906 0.15100980116707541 0.55845914881445446 0.20829477099205781 -0.057936673050008859 0.39301582849239125 -0.13243188347405016 0.31048142137843426 0.023037588094851073 -0.37340805818074629
-0.44886006800071687 -0.12572282315375416 -0.061990804317600505 -0.18467991338664003 0.1791276058931906 -0.15754414990086052 0.35929970704073899 0.4551822743822172 0.074418069355744507 0.26636930037556533 -0.46549029296368899 -0.24166707272451624
-0.40134205540215911 0.24839181860811796 -0.31025817847751391 -0.43369400877171566 0.33667620152684291 0.35648324521064773 -0.018700272570928819 0.0039755770776611814 0.10825608925212822 0.45608424181365265 -0.10413413868418525 -0.14663771318891486
-0.16744134552094672 0.11855258130132763 0.13939768087157337 -0.45728230062131031 0.30121958501619639 -0.26392337101747876 0.4931235867479859 -0.16329384698054603 0.31585601688609616 0.36301846768910595 -0.18971685874769204 0.17777910779386838
0.16831235884735921 -0.11624983902895407 -0.13808924199061742 0.45559602016759659 -0.31701943614245792 0.27921512322281666 -0.52139077585095284 0.16993251302026105 -0.28498376025516309 -0.33633434956365532 0.17715672798321105 -0.16313092843275448
0.063718277558163505 -0.58302753328714174 -0.21375719291965781 0.33226757617631592 -0.24009490219107202 -0.15143178941311819 -0.30003217914140906 0.28844062715406238 0.27871051908105982 -0.36265168801407183 -0.18510001014839317 0.051698452510308295
0.4464810382395098 0.12357811084188979 0.065151365014499737 0.19119881399766619 -0.17625407831082732 0.15562553141564914 -0.35891450008180414 -0.45463859319703048 -0.074558757525231278 -0.26140033004939367 0.46807262396583815 0.24657584847932798
0.10229078288998918 0.47567838836371501 0.11965185818005016 0.10300377199799295 -0.46922660516085113 -0.15239930170484786 0.081195899816248876 -0.35028564855505745 0.16968703357949663 -0.38240021667921276 -0.040503712277115515 0.43472312187948214
0.092501669366129094 0.43943920781807005 0.077690917164654816 0.15001750289938012 0.55489842662171873 0.20100899279616974 -0.060193662942159457 0.39196487820897147 0.14469511948579469 -0.32440592437018145 -0.031465097461585219 0.37020661585518788
-0.23819887215678556 -0.14352151168516988 0.13160081678191279 0.61528889805510278 -0.23215876817887898 -0.11546488912301807 0.19142817789628169 0.3761790919294094 0.41205173539494172 0.098089957998781271 -0.30516473972670255 -0.094045671376235832
0.25758673128055015 -0.11329053918756407 0.42808033909076165 -0.026845836736412776 -0.53316928011670495 -0.18026618611773448 0.070540957863419712 -0.3974547844855647 0.28544975902627934 0.0013639935883415664 0.41233423179900952 -0.075007987896954065
0.15886043946079659 -0.53587147066907381 0.28993964709907971 -0.12945571064243999 -0.4225104449054175 0.041716411824648192 -0.24608052811233205 -0.11313586315006029 0.44735362250958388 0.11074405904156566 -0.33080390139390392 -0.10653605699518398
-0.6720859306427186 0.10577063269176054 -0.16436443236275211 0.17878496038036046 0.18949022679424887 0.13024742178577334 0.294056461228966 -0.29256868190990121 0.0044913203056898459 0.2395825602854269 -0.40696907344181898 0.17364611012482059
-0.23890128545412462 0.20927582123330996 -0.10249131733481193 0.38863416578140347 0.56895486250699179 0.077621376990874957 0.055852100902568771 -0.26182390114528709 -0.10499749678589679 -0.49376908627062321 -0.28521599762159516 -0.0015314059777429057
-0.36493228267434996 -0.31857560690854259 -0.48443781144111409 -0.13398756596224926 -0.1495852454654287 -0.2624940319656705 0.29464637660177401 -0.27913889510881862 -0.39218191660746132 -0.08423046316894657 0.29359786509611768 0.097909883282377902
0.10433862782957075 -0.13870077430197494 -0.099062045687644734 0.43666387053498612 0.27505397010820221 -0.26867485554638409 0.53182385922047604 -0.18929609564873057 -0.32258062001936805 -0.36300098213288434 0.19471876414176278 -0.17068409748619426
-0.23525081841248241 -0.35048271888291876 0.012025420709315006 -0.57123806392434628 0.12373014230029734 0.2271544239091022 0.14697901890284773 0.3944279185270031 0.40259550444573389 0.24098815657750966 0.16467279679015254 0.063256008741263872
0.43286659102130498 0.086499680315413663 0.079621042728078753 0.19500175075681572 0.22843755762865037 -0.16229889048842799 0.44227440125941109 0.47733664413703641 0.062606625014814246 0.21779293877946582 -0.40453773977294588 -0.20926878512227887
-0.23784353809456396 -0.32483629154055499 0.042504076133476426 -0.56445087326214916 0.084504882647089427 -0.42225317135862361 0.20409891608669686 0.14082279865097516 -0.29421742933487888 0.3804311487677054 0.19172281752349571 -0.050247514892947584
0.44972242560806902 0.43915478508104039 -0.12878564340098705 -0.067114238908840218 0.026793517281111168 0.013018189969893288 0.51696763939273516 0.077045736042989782 -0.33249918763233155 -0.022768636693675796 0.15510889482798701 -0.41784077149938792
0.025646841536695206 0.020314173915503428 -0.019915277760864096 0.027586412748025705 -0.0066735922043418957 -0.015456770015551602 -0.98397610325730822 -0.17093181758348647 0.0012658694205058387 -0.00044631138213373011 -0.00067236918662163506 -0.0077191375883724177
0.475791237907219 0.47333278740343876 -0.14269863909892133 -0.074120552914195489 -0.18497319467346113 0.18583679700119646 0.098059962820680246 -0.42210772430793164 -0.39661844809254099 0.14376781854255005 -0.1285839323580186 0.26957692883843432
0.038435433843645318 -0.48320247673282207 -0.17514675712514899 0.27017486217247721 -0.14637405986836352 -0.25650385905299683 -0.18576167652781064 -0.38256820134821223 -0.00051479564628861352 0.30043312109564735 -0.50949028392741214 0.20842538780154388
0.79036936381379375 0.031391918183094093 -0.48617651709598325 -0.36814942030417885 0.028352938809811649 -0.020940214776255867 0.02720712566823073 -0.019104150527636244 0.00015235458764769548 -0.0071083044471121678 -0.0053169930872189646 -0.0016778448737387547
-0.10158908686238176 0.13878394138867559 0.099956284681182728 -0.4363632183096447 -0.27441139675076537 0.26755986942633248 -0.53084062358023665 0.18870327523905517 0.32501749651558115 0.36351102396965007 -0.19469570925876092 0.1733231345973226
0.36427243406689064 0.31703217303891928 0.48248382830005021 0.13478604361019067 0.14818394906557864 0.26243386509833677 -0.2953834097897623 0.27877579541442971 0.39449529085664514 0.083876921259800133 -0.2959275616960983 -0.099025044889950301
0.24313923801029097 -0.20740405009474075 0.11085710614075876 -0.38627284338992945 -0.61432378011723687 -0.084209241653409928 -0.058467258493185716 0.28285724710070503 0.0910884193096409 0.44408304495221512 0.25089163021593591 0.0024200438812724493
0.65196641444550929 -0.13013868677655532 0.15426002433742445 -0.18985032591199913 0.15043245088087998 0.24948831401530144 0.1936305182284957 0.36222705468329519 -0.27940514504272823 0.36020504540745724 0.18427398860667599 -0.053075839598809967
-0.65248435772332614 0.11445361874925844 -0.17701093585463479 0.21247459263211055 0.39771503440159617 -0.056844263655198575 -0.26421423808225314 0.033266090469695281 0.082857798221350337 0.077990517074484678 -0.14592739081728792 -0.46703228368582622
0.14108513435079054 0.16447491953719032 -0.64034805885467594 -0.17595863132717779 -0.12275519824972542 -0.26938942657717768 -0.16103177731784885 -0.38071837720716772 0.083966649247034036 0.072338427563201663 -0.1503005462129601 -0.46759511429510164
0.047952960440562915 -0.58598755581135964 -0.20409134558311579 0.3003720516099222 -0.44528494687343889 0.031775892861667356 0.26180521483223274 -0.034011913819615804 0.40357809307041492 0.23993746520507009 0.1686375424051976 0.067612085390266197
-0.36539552995699892 0.24932424562061908 -0.27802137653644532 -0.39775379669832905 0.20425585802150095 -0.18406688028002935 -0.080977411423017717 0.43023134026883492 -0.33152036386715128 -0.016843426689955934 0.15104686151207394 -0.41055758709061607
-0.12728281126933816 0.57093964179422263 -0.32016076520198705 0.14438675399081805 0.1230807511345936 0.24028781693101198 -0.29426707181026851 0.29265765243326131 0.02716074895076839 0.4102636598117696 0.042621703260135479 0.34420525461003376
-0.31892661822249185 0.38092787481204771 0.033604190075502444 -0.050130288812531974 -0.34391958136875067 -0.36630030505783684 -0.4889138628737526 -0.055778133811294747 -0.22656678928537455 -0.11197523861842477 -0.22488665310868608 -0.37481722300368525
-0.24769098752649274 -0.14495802861400678 0.10987619658038436 0.58698167062347317 -0.10726636061984268 0.42783939280429606 0.25517505268258606 -0.04246344461511764 0.026868996518217447 0.41563634638588282 0.052942043415860028 0.35109491487022693
0.025974461433076201 0.096006654234195299 0.32164627739380386 0.36390920151253237 0.082539998220283711 -0.073247182263585647 0.11218028140515018 -0.59391832737705408 -0.24666257871506986 0.51904498684405653 -0.18876234813118536 0.10411084796824727
-0.0279316011799127 -0.099956474167547951 -0.32003669454290279 -0.36401863359454201 -0.085447210434025408 0.083073339914180602 -0.11764451679387324 0.63763000202046671 0.22606072840159092 -0.47791304610718277 0.17580669403111407 -0.096273017272454839
0.25913222789092211 0.15134138453263973 -0.11480372726086645 -0.61481211978156358 0.10930972320301711 -0.42792064446151745 -0.25585625236062942 0.041393263439553005 -0.025145811107773437 -0.38434685589608142 -0.04930581512773069 -0.32518615720934363
-0.10628691591260749 -0.48578612607709593 -0.11296557409161183 -0.10124167695875004 0.5134861133036841 0.16120109388427617 -0.090560163518388692 0.38120310355317621 0.14066181076647336 -0.33609797309936312 -0.026344728024231226 0.39126904465979767
0.16491251910798593 -0.60669465582161974 0.29236244976363457 -0.11702237127413995 0.11945180322526466 0.23251282327399755 -0.32480458533888523 0.28338427585232367 -0.023412868607271948 -0.37960891871582741 -0.040360620806849344 -0.32425257469057872
-0.31815672620832014 0.35464044345431955 0.01638723928657744 -0.049870328264947937 -0.096630533528455076 0.12232973572059004 -0.12545360193807215 0.69548096671994131 -0.34023850065912725 -0.21814261603131202 -0.019804606551198051 0.28770783083091711
-0.1282424442258317 0.15225418693400464 0.13911555406690446 -0.46973738861114289 -0.53854164531025639 -0.18609882242547221 0.052186560909215023 -0.37715584237922006 -0.25911701479592991 0.20919086520622499 0.2356157912571501 0.29037750922435451
-0.13703588567185501 -0.15977188319793847 0.62260029779123949 0.17120940244174149 0.12310036180734206 0.26865642185912991 0.16117982783780149 0.38071499701916273 -0.088393771604360918 -0.076633084443385596 0.15784938892286365 0.49182820686685946
-0.18326848205765892 0.43820520776214461 0.86618858954611277 -0.1449609597233332 0.022837746405458586 0.04172225010850427 -0.021837777503314944 0.018325343765256557 0.0033715089098501233 -0.0010903047642183326 -0.0014397271526040475 -0.0016919379851901687
-0.47495081771788461 -0.46162986947234996 0.13601164542925101 0.072676302208923765 -0.030956715175567778 -0.01240320285758202 -0.5148608148614302 -0.07489576658248899 -0.31169612482934878 -0.0071337110555780561 0.15170552978286933 -0.38146487091712439
0.032440870651161295 -0.58923023610167191 -0.19318935185148067 0.32183028029055477 0.064826812840643538 -0.4319965621747876 0.24590448193715847 0.1071151299206427 0.080011786642806518 0.079091988365165095 -0.14443488651523495 -0.46322066883685453
0.16263287878257587 0.21002391584918464 -0.35238669669125955 0.18860371646877147 0.28081189800878181 0.30096065684080164 0.4302009378259809 0.048245316979652127 0.24414439571005256 -0.54902562187493642 0.19173435527410851 -0.12272724501564025
0.31571214931220537 -0.35714582272248019 -0.010990273438312867 0.047701489983941581 0.094530484924169156 -0.12267619801296356 0.12573580012536356 -0.69557605193731453 0.34566059031775564 0.22149323919539951 0.017584559574199552 -0.27911604896050662
-0.22130332576846184 0.1590783079703614 -0.39638603629223651 0.018002210697504399 -0.13116368956913263 -0.50896049583570935 -0.058757177865681451 0.39744352906911873 -0.29415437100379199 0.23975857719098806 0.26648390069896805 0.33998508408199762
-0.17313365023335014 0.036970267929321017 -0.045424657685705111 0.053966040806057103 -0.0035641436519453056 0.0003074348660737593 -0.0037951891876711621 0.0027646731397374591 0.17601098302502999 0.90656129864485502 -0.26857661519355891 0.19667411693038037
-0.65001598310575759 0.1195166669499879 -0.17736560075420368 0.21028640272713486 0.3955242558965737 -0.054670895172294447 -0.27318544760151431 0.03462815889905211 -0.0875111646136668 -0.071085396931423767 0.14676905514544433 0.46691093951279594
0.40675784460023456 0.028798056694901118 -0.22071242446579886 -0.19771512221876172 -0.47332344803126142 -0.18039283900688408 0.079356562054456042 -0.36356179275500061 0.34465084683312236 0.39084616786213855 -0.20651630656954578 0.19148958710928765
-0.40035834400330295 -0.03228431542419806 0.21984197794024088 0.20232320822490626 0.47601077641471445 0.18127695811969721 -0.078093779312075104 0.36064798866977893 -0.34554383373143771 -0.39009591496242951 0.21139988390836578 -0.19371954932296567
0.090831447315194491 -0.24241570842220411 -0.4614314747510877 0.070666048702977241 0.021560404029512058 0.63472235008922739 -0.043569836460002655 0.24170045890711464 -0.079524147925694011 -0.42983194998912427 -0.24556600869262554 -0.0058788594792524183
0.13152070112836878 0.0080935538212088369 0.51488030290511422 -0.44197249856466231 0.021400691607516786 0.006675021922906082 -0.51620339322400854 -0.074383206569643298 0.01703906783406671 0.14704251315268085 0.45374205178788884 0.14798768047369895
0.17929990146663094 -0.24645782211836773 0.11525336538492167 -0.40762712218643826 -0.16351573496015009 0.14385001819880922 0.47358886170793391 -0.28346725566077952 0.59292247609331217 -0.12152147099797279 -0.013072814747165361 0.09539984769172602
-0.038620145261185797 0.59286952941852422 0.22698699503403136 -0.33813382478808679 -0.40182705193400048 0.074607934606427145 0.25517962720887188 -0.007136786872600393 -0.39951116139689397 -0.23932063866512043 -0.16791735793373916 -0.062273199515591411
0.36083803793564506 0.32451598182192792 0.5150586734179563 0.11591737993659251 -0.1866038102449484 -0.091134509835750402 0.19638249377554406 0.38170655027742934 -0.1006140920610684 -0.22787038073835991 -0.31290655951527385 0.3137067670493236
-0.35911424521390256 0.34914008203327124 0.038579912172106573 -0.044873941057867989 0.46018980496958045 -0.41757391060991222 -0.023960094777358231 0.13950199568014304 0.22622018014367734 -0.49666871932387657 0.17761274702201241 -0.10028403097570597
0.12496359377617693 0.00512372469637135 0.54279395676397402 -0.45548212497270885 -0.3119328206056598 -0.35186055273670253 -0.021026505412390133 0.025715857877983073 0.3065364681394398 0.015844817817867521 -0.14610197396089514 0.38012602941766777
-0.63805133861325358 0.12068101760089243 -0.18580117552364761 0.19036718399545713 -0.11217396135857702 0.40437239685652659 -0.24860742293018676 -0.10842275705908085 0.41049168325327262 0.24121705340543667 0.16586616356712849 0.060852187269531198
0.19350265679351281 0.23376453674037759 -0.36880221933952734 0.22025066901019047 0.33746726896645352 0.35143200676965486 -0.46994704004912341 -0.1099278609715257 0.35636835481594459 0.21342577004363542 0.012403361355567712 -0.28347778379764094
-0.35976276697878046 -0.32326352309035589 -0.51313181518501938 -0.11552870987694057 0.18703223791311288 0.091763278269294979 -0.19709497777215085 -0.38291705526753228 0.10063009707320163 0.22888216923448709 0.31427895913094456 -0.31505891013574727
0.40792812344519924 -0.10243781361328079 -0.28711220395445991 0.20991173575653044 0.43104637906652071 -0.067038827624774047 0.25076737867094678 0.085686745660753461 0.12814707993783148 0.27472176847338609 0.42362418630710885 -0.40587181311285109
-0.32623325174383289 0.36431664896559274 0.018505294395117958 -0.083181724499715878 -0.49765955831137298 0.46219631153929353 0.013944965676067095 -0.12213862393309141 -0.20014822765154922 0.44897626328207096 -0.16700268739332169 0.087475322286778609
0.22561457008083277 0.31981012761666949 -0.032893237746336269 0.57250227049669011 0.42825709191484873 -0.037986523637868447 -0.22594700876504636 0.0012036087811737579 0.0036811592193935895 0.24334384313859181 -0.43833411660432603 0.17524710075881972
-0.29482922630280195 -0.22546311696674165 -0.15792299590454201 0.23001214330366254 -0.3557689235509503 -0.36860017462926981 0.48894401195977377 0.10273657956845071 -0.19990126678386089 0.4469603037560464 -0.15645281019119631 0.090148060303235772
0.23496846852399644 0.34302638949051784 -0.0044243373250177943 0.57478047204995208 0.090785652812839943 -0.39542075724740094 0.27333320131002775 0.10615239014763928 -0.28257604991981117 0.36155872106646281 0.18228267612077631 -0.048483640843053892
-0.23518791963558869 -0.34310714400567988 0.0048063725737766839 -0.57452860338827161 -0.091841754559189553 0.39588391057525213 -0.27247381333415915 -0.10563317019403659 0.28197219390193823 -0.36210804323430212 -0.18240213305153116 0.048964246952165079
0.29895736283483459 0.22333359099895247 0.15842054421179638 -0.24166334102011586 0.35699546496694889 0.36708589752825604 -0.49162460182952411 -0.10344548641851829 0.19997592932931066 -0.43503795188353511 0.15994907730929508 -0.088446186685773073
-0.23324557859060346 -0.33087010206422879 0.033567663852010106 -0.59113368770895103 -0.42816189882106409 0.037533801021978966 0.22496811522134208 -0.00065283207834207512 -0.00366598543530537 -0.22835805456978564 0.41319012135573902 -0.16530655470311814
0.61894972867529852 -0.13183234839826291 0.16470975391300335 -0.20582949187474056 0.24175023535581455 0.13233109520589542 0.31327829399313317 -0.31721300455275786 -0.0044692263372650386 -0.23978117838390078 0.41194557088296213 -0.16760121380867896
-0.49424322446405861 0.1191970669540991 0.34883140076626856 -0.25621679621225529 -0.42980775500949253 0.060575210798254495 -0.26613685790337999 -0.083997428690393339 -0.10955908818704183 -0.23533829325706132 -0.32918719234467525 0.33488106874971824
0.3200916742887151 0.30763048117157682 0.47137945860684755 0.11255003099675007 0.23869229765020403 0.15453092530196597 -0.17951075591759491 -0.40086868236920681 -0.10997697310790569 -0.24632346339498323 -0.3318333455567084 0.33373869920696525
-0.19404493621885677 -0.2371992684138311 0.3678951180591053 -0.21799092945049567 -0.33428302906986734 -0.34382672647701518 0.46282064086875585 0.11229263818262665 -0.36393401877633641 -0.21731515771619439 -0.010555132201257112 0.29437459876396932
0.31704813209038046 0.31534903568944517 0.4937221840075024 0.094763278077047125 -0.097783075671714029 -0.20743607749510526 0.3194259218922057 -0.29337755238972207 -0.42753461976095813 -0.10582516013852443 0.31926065829709527 0.10337817114198222
-0.14272029771696043 0.59963660951882047 -0.3039000687705341 0.13207631842371442 -0.20792963976430701 -0.12233179993663681 0.20119708930656677 0.38936677909582934 0.30826970580209528 -0.22663970855069249 0.26397282604537342 0.20953153410042377
-0.033426030913210454 0.59455483608391357 0.22491756842155047 -0.34010417584460151 -0.39824315267552285 0.068069294620354506 0.25446492139068777 -0.0051484959657122865 0.41020956411415488 0.23249909241087979 0.15880391631685412 0.059767426602731898
-0.38393202612958044 -0.024645316547908806 0.23897139447356319 0.16708751284528522 -0.30409908644932365 0.29504943676336082 0.41899993194233026 0.35793871924024639 0.30559759598641306 0.0044878117172123134 0.4294134809144815 -0.07710888683112456
-0.41055268825184699 -0.022650688477565236 0.22157152424392471 0.17287424794377046 0.10993659460535454 0.54887369124969154 0.053878353979215074 -0.41665469483101192 -0.1388360313298152 0.32163177025479961 0.034091328243159455 -0.37177538527587373
0.15587113534399402 -0.11677786015176403 -0.10022444725835383 0.45972483889152915 -0.12131408707778436 -0.49324729677600621 -0.043535215955837529 0.36465498185418999 0.33459379094310654 -0.0020301085148381405 0.47726203850017596 -0.089780283088799345
0.43420426151618735 0.12415642652945795 0.10077856313492387 0.19169308240037738 -0.01860434815669855 -0.64583629634411566 0.078426281612569884 -0.26668206654195065 0.054444572618360644 -0.11593567894204572 0.18501424668754024 -0.45143445823256934
-0.64353736074529144 0.1110785356547733 -0.17653576877823154 0.19546848482661949 0.097233473791546718 0.24301107287702192 0.17398818563455715 0.39278928230548482 -0.27808994873722565 0.37007956699118116 0.18559438853418284 -0.048437552311555533
-0.14351298701596157 -0.13908159049059746 0.66164086652634824 0.17503977948518942 -0.12465263572735212 -0.22093941012380558 -0.19633390472606449 -0.37286564235999464 0.083043945888352774 0.077066155189985164 -0.14310831997930215 -0.46519780811551864
0.14433089629037998 0.13891560661672397 -0.6608253921241164 -0.17373669598193797 0.12407067230309594 0.22187153841824345 0.19501391726307876 0.37302749708457278 -0.08269138034443127 -0.079047264995348351 0.14276740993482423 0.46661235258864303
0.1126336975384141 0.13852012027981372 -0.65065663134332108 -0.18758131859546656 0.21411768307251564 0.11035441449251851 0.32160493169804816 -0.30860979148042872 -0.40556138491939286 -0.24002324827019481 -0.16493432984220074 -0.059968984972254807
0.16674731117215502 -0.57239630582944079 0.27815545908909456 -0.11305679241673863 0.12258587897683244 0.23477843806734358 -0.33075503056594457 0.2855185793266844 0.020250568406978468 0.41420531720203635 0.051097916875147344 0.34460182245244081
-0.15443710510752207 0.1127207785489371 0.094418956248762509 -0.46337712482986604 0.13355981520541074 0.54218992218870188 0.047168897000758624 -0.40546538358745593 -0.29552408280091991 -0.0012500468229837711 -0.40952448949954068 0.079550837894403648
0.11416298974942946 -0.20851290352768387 -0.44253027792875665 0.1015324170799379 0.1961349312294807 -0.20298160634369874 -0.55430649969973889 0.31673776998049341 -0.061915692717389878 0.11514780384521077 -0.1921759711129421 0.44280263585487356
0.41648127432142806 0.10522578101876268 0.056138908703588709 0.19497265791597029 0.56597510021649833 0.082177234108673669 0.059612922074974553 -0.25972680237049217 -0.59488358766329064 0.10994713046266064 0.027792072459440081 -0.097288698546574556
0.038119061105928977 -0.59270868787799214 -0.22653857138425956 0.33844880714420611 0.40118438433448994 -0.074433201458327464 -0.25637103782831605 0.0058504427281135763 0.39984443390028684 0.2393542378906027 0.16749953186912481 0.062484918085273781
0.1422037251638765 -0.59880018644404687 0.30389535511550775 -0.13207547993297378 0.20717986012194783 0.12169471039479776 -0.20051558304909717 -0.38895381611611979 -0.30993024113564643 0.22734255375061632 -0.26511003131517802 -0.21016833988154282
-0.23281903062289025 0.38695789963317567 0.27982891701126084 0.26140516473203956 -0.31405356254306555 0.3070856347427976 -0.041613226431982973 0.26959169183601372 -0.36428402924710118 -0.019726201350855201 0.17584431148742399 -0.4669756235049467
0.1004174234891777 0.44334520055181609 0.099308245413092355 0.11580039081750512 -0.26757644712186313 0.29446111370617045 0.44066292634065723 0.33362637011273749 0.28356547186608927 -0.23162733831018364 -0.26578391886640873 -0.31873649280638849
-0.30050747417085177 0.45536798616511809 0.33884311449384052 0.29117089354395304 -0.20929985157949091 0.20088481677110165 0.069299238825686713 -0.39999426082554046 0.023049765062723746 0.14729763769044396 0.45565156021558717 0.15470923991550314
-0.22643435169073856 0.21232654919562668 -0.080749921391035318 0.35587731115291149 -0.19222033631005611 0.16620642245576714 0.5147840252226632 -0.29014346137223485 0.57862159793738654 -0.10940736648035763 -0.024122068939019213 0.096756692146341722
-0.071448984626534776 0.22690726374807366 0.4203559465504168 -0.041882366275536757 0.21436351930120953 -0.16031034333619756 -0.56086593276467966 0.32677812045926158 0.059955152850428718 -0.11693553810303454 0.18803951454171849 -0.46831807915194062
-0.48768363896450834 -0.48488043163104699 0.14584340221826725 0.075704067861686541 0.18456791123923691 -0.18563936351995253 -0.098921356714626721 0.42233807447336108 0.37823146025539195 -0.13732254668960883 0.1232240238778123 -0.25743228414069652
-0.39448472710594817 -0.006566762531771738 0.23573967991023667 0.19391163678634171 0.28350741378311356 -0.28669533324438795 -0.45541322377353843 -0.34078013554168596 0.29183378129685428 0.0091214358427948866 0.41672024995260726 -0.078452928463654356
-0.10072480186736348 0.2292471291915627 0.46420018894385356 -0.074811107412423833 -0.025759875420655904 -0.63050279787600738 0.044562915443711229 -0.24497558670961098 -0.098265067032704531 -0.42636991681123104 -0.25404349358382167 -0.0063311940320431633
0.059723916577941197 0.36000632768145346 -0.25050894189192424 -0.24220535548470157 0.044237141900331442 0.64008636276149267 -0.052607049980642528 0.25633049346288739 -0.49854630527831512 0.092873895275515206 0.016249838581254134 -0.088498572514248419
0.39884569740491538 0.0048834419867673159 -0.24136259647396902 -0.19929098654070865 -0.28047024055649511 0.28931064663719913 0.45245854274348118 0.34009642643135851 -0.28819808112195228 -0.0076766174754530191 -0.41369201174725251 0.076933725327760397
0.2781143051646538 0.21193674294092074 0.18264715053416833 -0.26452440127211702 0.32994664706788623 0.3502861143865022 0.43515883211777057 0.068563649071188351 -0.40622734119902287 -0.26162058102866076 -0.012587882553401085 0.33933514238548901
0.070261508517998686 -0.22694831839352531 -0.42065422764710692 0.040141196312645566 -0.21779353049282843 0.16454595557466545 0.56914933278422941 -0.33382388685252978 -0.060429741900189821 0.11549561587833748 -0.18259059626150478 0.45253444688927896
0.22433554349418755 -0.21476296562533756 0.075947528832645703 -0.35474773718917496 0.20696639369192307 -0.18035056783063069 -0.56238404987683321 0.32161135137775987 -0.50816400021284036 0.10452394045961094 0.016965435678296188 -0.086148829182465234
0.30040889818823951 -0.45564521371868166 -0.33821272763663718 -0.29106917294123857 0.20928574173363559 -0.20039764681509434 -0.068925382218439302 0.4002540270873875 -0.022437794398633821 -0.14651983877210953 -0.45641701006788005 -0.15437319270597541
-0.10187563819404472 -0.44276956175882154 -0.097539808988046345 -0.11445399178233653 0.25913910136945367 -0.28565016166125179 -0.42739406660960744 -0.32404916689871566 -0.29841282204305764 0.2434452461851927 0.27677494302736277 0.33108900639546213
0.26595237493769452 -0.43141332514903763 -0.31435352284824553 -0.29707402088228146 0.30502769743686847 -0.31383645046451308 0.045628246030760058 -0.27595706993034602 0.31849123705287041 0.01615533103221618 -0.15092541183856667 0.40228741973311188
-0.089329695455066901 0.22438644787564965 0.42447349801191459 -0.076355987909172016 -0.19828807173945592 0.18808405091657096 -0.42707830274910297 -0.48354217287676932 0.49956621115254896 -0.096793043943227727 -0.017377469504441016 0.074316833593269058
0.21789386235325311 0.29814478043322118 -0.038644460297601622 0.51898662782363403 -0.088771047010675452 0.42019757475350911 -0.20633179837897028 -0.13991693452501572 0.33151757661479847 -0.43123652882713409 -0.21633275358812182 0.059387478461747897
-0.49380909016216401 0.11187974134223215 0.35577756225075352 -0.25281184990362138 -0.21675056427455927 -0.11014950076382114 0.15435558270994931 0.41754737936135633 0.022836025619945209 0.41516385269349976 0.045997893815884275 0.34764997663682634
0.24212322464948247 0.3394577238157574 -0.012837995818761482 0.55368683088785675 -0.42171745382226705 0.065236771618693637 0.29427739914086493 -0.035790969058523421 0.0015128605582910386 -0.23834487862774137 0.40672643974739486 -0.16490082457744817
-0.47387669151636891 0.10951233713897086 0.33856661126947901 -0.22344199297986825 0.084191342309190009 -0.41062127017219396 -0.28374713893859943 0.05976366566495251 0.44522797499549199 0.11327682437514602 -0.3409366479808757 -0.10869555619161646
0.089704127827852656 0.46679568237931213 0.097664649791544142 0.14169856353725829 0.31271437986097705 -0.28174097876257603 -0.42467199609814815 -0.360663370786661 0.2582993771831229 -0.21208101943619193 -0.24155062142696948 -0.29462150308845231
-0.49956410858771172 -0.48001148442489838 0.15516632194569388 0.04443370974632202 -0.02659426403869283 0.0036923934719888894 0.46869643772679237 0.0988653081921788 -0.31346764117422382 -0.0072828470209539559 0.1543673918080859 -0.37637461667130351
0.4873514269777186 -0.080122365951474206 -0.31879843875950814 0.22258898852275441 -0.42152097889295431 0.041658377467678559 -0.20224408298669086 -0.12689286597852578 0.12506954678941462 0.27167475599618002 0.36958331179145665 -0.37739830046797573
-0.43501533638343626 -0.12384530632449141 -0.10210012913693592 -0.18920263713666091 0.019355624927591311 0.64756313019527811 -0.081557108944889142 0.26596438145945567 -0.0528390987254325 0.11726228411603677 -0.18451959938293028 0.44889950404014278
0.44947917646211227 0.094319627349330318 0.04502238814279786 0.19011317882705114 0.050131212835815148 0.6668932837561965 -0.035147233119022563 0.23566388509775602 -0.050931379035678549 0.10635053227053065 -0.18815623961821182 0.44447997129122369
0.36232400845482104 -0.2592258400352131 0.28754893693451922 0.40393064071406237 0.0036563958152337202 0.023941348566228201 0.50281163370524973 0.067635904602525804 -0.41773243212020911 0.15553619432221555 -0.127464203993118 0.28767897949667826
0.45155785117271957 -0.10043538035647281 -0.31978500898222695 0.20622440242007087 -0.082892484218264659 0.41262927034094971 0.28179419819527946 -0.058336069110920652 -0.47528380565199768 -0.10200122032514566 0.36347712103840396 0.11339125687019629
-0.24142403408056559 -0.34000365056324949 0.012641526478156943 -0.5525005357243763 0.42108581284205321 -0.064849179802127746 -0.29532162053470629 0.035676885053141906 -0.0021334867376757802 0.23942202518600758 -0.4073301500314665 0.16566114991096006
0.3866103485740417 0.026763934320091085 -0.24394030124879573 -0.17035016653354473 0.30389999566832737 -0.29228934128291828 -0.41988071580826791 -0.35858212598129202 -0.30442602086807818 -0.0042227405496689041 -0.42482917534473641 0.073810537626140496
-0.047250264094869314 0.18559093862755108 -0.093867327890971658 0.042526044682526083 -0.0049785528274248142 0.0074623361824808169 0.0030132608992521383 0.0015060491158443998 -0.91767084028950474 -0.17442558395687202 -0.15913496867049562 0.23397449056624792
0.65179352590427997 -0.099015290852336582 0.17568654042174189 -0.19492703358239516 -0.098092771909482138 -0.23885450023311389 -0.17181026275935707 -0.3893110268691431 -0.28315203242255643 0.36216522868551054 0.18551379162400961 -0.05467415687223718
-0.17349334422530471 0.57307306274925829 -0.31038883200718614 0.13864977929541408 0.4309798108632249 -0.044261596638097742 0.25514437330673984 0.10828485751998969 0.39501434157658943 0.086170934954531431 -0.29865345451334818 -0.09348658751662163
0.13515180952670536 0.15451763990024026 -0.63311422284131658 -0.17480392780937085 0.089186272629527691 -0.43753940301853761 0.25637533250527522 0.12101820836511079 -0.0065477955684198124 -0.23653596443503586 0.4040385876227704 -0.16571149725076142
-0.42883029059545136 -0.033938387105355926 0.26494768984172035 0.17913044021219315 0.28931986659790604 -0.27096277851523887 0.52429701300614928 -0.17859271015924602 0.25394031997299993 -0.20466208114272244 -0.23747158409364952 -0.29324604251327713
0.39896111802420647 -0.26472257868928228 0.28820231508793043 0.45654076069553362 0.21153933690095877 -0.16537425047282717 -0.052487561558169554 0.392620310810116 -0.30459003965154624 -0.016075580202210119 0.14144073416611117 -0.37043185320427668
0.019024837174756632 0.35891876590709992 -0.2283210936825939 -0.23963170676770013 0.60231577979745954 0.072279724440628468 0.043178429063071198 -0.25601078015090084 -0.063802659145639234 0.11845212752673949 -0.21523191809293798 0.51129294978288931
-0.095320610380401904 -0.18384509390909506 -0.62851306601854318 -0.74846076826078589 -0.0018734482057767663 -0.03734659419237122 -0.017059045924436834 0.013388802357166022 -0.0033512243426113853 0.0030096578407804277 -0.0011456754998448759 -0.0016175911360787913
-0.083903462404086457 -0.38776314208140239 0.2038853614678936 0.25735621815194293 0.62111196528011403 0.078759695638465882 0.036952475591936193 -0.28917448551131708 0.05026529980599944 -0.10883959059073746 0.1957756487626123 -0.45290970171783151
0.13549939203303435 -0.61004860377535519 0.31165812336912047 -0.1302444334456058 0.42140831679574919 -0.044005420944532171 0.21149487316345392 0.10410277131823877 -0.39506836315018568 -0.087056147599324341 0.29559773659549521 0.096236668166620659
-0.13532131050405496 0.60960232639408773 -0.31125100445463633 0.1302575448325467 -0.42136223973881998 0.044259414614508566 -0.21137521141197196 -0.10422792871762469 0.39566556995261659 0.087165199926660497 -0.29636813170073723 -0.095905536975888162
-0.33890748071475146 0.37116672773768833 0.04733336029241466 -0.074761418830513335 -0.29844642366377061 -0.30864284217641352 0.43705641885137508 0.1093036763714372 -0.23330564256295644 0.11470808450805652 0.49994410040183057 -0.18632609375019754
-0.017721594577347351 0.5963066723043644 0.21451233966168104 -0.30831056078625968 -0.1901811739016919 -0.11445593881285783 -0.30625008327628966 0.31684731961144696 0.28612355682191348 -0.3707505144695632 -0.19512949232065505 0.046742069727697712
-0.020108887861383797 -0.35893029439650159 0.22653415008915023 0.24266320795050483 -0.63339418540305747 -0.073649446734802684 -0.045652292001977159 0.27196762722630086 0.060751952091014035 -0.11102809718884392 0.19842188693537346 -0.4717088957713792
0.098472724753449675 -0.2107805482348675 -0.44050344345924153 0.068687356328905713 -0.21209730046475173 0.13104194714041648 -0.38945873897721139 -0.48107507319776949 0.53185199208903389 -0.10631141299454334 -0.016435286971198972 0.086058570020627764
0.42523158772575759 0.035805437316977384 -0.25821481860556189 -0.17804500108601926 -0.2923658716030561 0.274585981770892 -0.53067803927640711 0.17858959917991657 -0.24462034406010921 0.19516115511157306 0.23879572466415858 0.3003033043779284
-0.13456396550276345 -0.15443484259082815 0.63292044803607894 0.17400432707933169 -0.089024065233041377 0.43759183792057316 -0.25660459511205286 -0.12052939806232253 0.0060486775024703081 0.23761909003104476 -0.40383324190582304 0.166765579924364
0.17494130899453 -0.57961300669090909 0.31362757826398913 -0.13984780480770367 -0.4307852645544849 0.044372025070794976 -0.25539835570031949 -0.10871181225926253 -0.38707856165763044 -0.084064102186442224 0.29243688650892113 0.092289310199347691
-0.64304113083972358 0.12151721510591798 -0.15388350697179304 0.17511005073701905 -0.44980499037110144 0.048138146533812674 0.25247731763255604 -0.0065448435735657546 0.089031377531180123 0.079453089989805631 -0.14411300727482834 -0.46254797256457569
-0.21207680625437209 0.2117942523157621 -0.086058530180121842 0.38835816189345068 0.20285667609017055 -0.16495591813861299 0.43590661944002529 0.49478429786833034 0.057889659755863028 -0.11605402506973707 0.18295283855522418 -0.44548808242195065
-0.5456754998112594 0.11395377078347589 0.37917224767720242 -0.27866340462350103 -0.12407418382137848 -0.2264133027954533 0.27364662605806067 -0.26328751385602167 0.30111902562685894 -0.21738312537958543 0.27323213934230134 0.21067470209317624
0.066887254928267997 0.45365309609192106 0.11551105889595036 0.11406860757478934 0.32033209845220212 -0.26693564557866167 0.55163575724361102 -0.18047295631085963 0.28688459097544194 -0.0031688719302796538 0.40652492899203346 -0.071101298047388059
-0.34925780513239074 -0.33043065688041212 -0.49926098303733912 -0.12861974464329987 -0.1131514876300482 0.39436717057022602 0.24548677191642682 -0.031054322023293605 -0.31185929039846705 0.23549615021405826 -0.27485779780825975 -0.21263039619007887
0.54902613394556898 -0.11479071157087506 -0.3814969692320121 0.28035182296499583 0.12416576472981596 0.2261778652386813 -0.27328316775078743 0.26293359465325933 -0.29760626399843032 0.21464378429090727 -0.27003508622557498 -0.20809756241266314
-0.25028244908985592 -0.32598830997974276 0.022023021081840462 -0.55497221119752782 0.21286067701977357 0.11949302319982139 0.26695419404509763 -0.28822786261213151 -0.09801123717691923 -0.078858045154444251 0.16894002853991663 0.51411820500203753
-0.063978113222970659 0.58352363790172446 0.21421606895336084 -0.33291827290433679 0.23981075435278418 0.15061780335494365 0.3000033580398177 -0.28902010151070895 -0.27845301453209143 0.36182042898793726 0.18418774629887 -0.050784642187379603
0.081239871497278807 0.38737527871541672 -0.20732945156467797 -0.25034342613968463 -0.6224800296012043 -0.080918709486669016 -0.031812049296551625 0.29178819424588226 0.065632524909464598 -0.114870792784503 0.17740486245820308 -0.45664663587726612
0.26210764253327817 0.34248888096741992 -0.023586743884874011 0.58489777961067946 -0.21240617221836033 -0.1210882858297081 -0.266413676073469 0.2858752199861227 0.089591796389849196 0.069111521346043744 -0.15378189928259106 -0.47160109731204625
-0.43612278713730074 -0.088452114330435469 -0.080424311757098549 -0.19664516075939151 -0.22956849357022091 0.1601981085774517 -0.4449219932486404 -0.47863949264740158 -0.061093699254960915 -0.21464692130899524 0.39767388216866062 0.20849225437219521
0.6492609080734334 -0.12007807117224459 0.17670148278348552 -0.20980832098314028 -0.39600831539335324 0.055973204073074781 0.27204773180298969 -0.037146096264113734 0.088715716938401329 0.071930518241364441 -0.1471647743742984 -0.46770850913240974
-0.070625829649962571 -0.45143439978623806 -0.11771669448771643 -0.11579360325857505 -0.29861811911908215 0.24964767720641956 -0.51804271827130599 0.16655132931868208 -0.32096048702462981 0.0017883590422871386 -0.45489879232436325 0.079984407163747939
0.67537923219291074 -0.10946139200900223 0.16662748963698626 -0.17954232784914759 -0.18833477374633803 -0.1265399983496375 -0.29485264363606184 0.2885065568284737 0.0022904273656169224 0.23036790411583488 -0.4125295820456597 0.16422296503881051
0.21230975170877189 -0.21394416489534687 0.090611751512801181 -0.38692732698677662 -0.18708002099505008 0.15112163806523604 -0.40373597673654332 -0.45713282571918856 -0.066351191601357107 0.12763497918819228 -0.21011502534036894 0.50653517383664415
0.64288131096933232 -0.12093424531097947 0.15321291832931333 -0.17433596872192592 0.44909571888331073 -0.048582892136622827 -0.25343966611959623 0.0063593608342706583 -0.09070369294287714 -0.0804837355751927 0.14487873686102579 0.46281453307286108
-0.28443734562205697 0.44872537539848883 0.33496804970274702 0.32584490586408782 0.21037307748116085 -0.15224522479865166 -0.07067295347131955 0.42341871914988993 0.019180609024445825 0.1468344087889624 0.44958111393282096 0.15361478195771938
-0.65194876360649689 0.099553463998685213 -0.17504261571729551 0.19446795126054217 0.097289351024936618 0.23968211298027456 0.17299478523590764 0.38846777426504198 0.28345585753233632 -0.36271223951041071 -0.18488359513461003 0.052514188334708584
-0.11411391630156391 0.2101371155988227 0.44420892666265677 -0.1039068159125468 -0.19399905872901532 0.20226540936636045 0.55282769672283427 -0.31411759036982273 0.06084007967631562 -0.11402347582933635 0.19109398858520721 -0.44569852542736049
0.060787341760109546 0.064319419625681495 -0.1059283689075262 0.071053850017296818 0.030127407113262471 0.024090470845186392 -0.02615804124904892 -0.017921123909171707 0.83349276229001934 -0.2290687728951788 -0.27387788647938649 -0.38886146240278768
0.13753505689264198 -0.13850354973200177 -0.14052286856132776 0.46633806973450653 0.53546278781331458 0.19150853863756875 -0.060560445940228282 0.38250771003497236 -0.25689458814221772 0.20261370911895826 0.23719137857438377 0.29664874009923442
-0.35181904840190464 -0.32451408868404824 -0.4846495528522593 -0.10844375848320456 0.40213578904879188 -0.072922344714414764 0.21793930631245451 0.11396052853869559 0.017109396039535953 0.41543893997472359 0.049081546701694803 0.34851410099618096
-0.46943194511899122 -0.11907416766336626 -0.08688736091409073 -0.18827056860495475 0.5981042264324572 0.072161914142754038 0.01884865917520008 -0.25873649582286135 -0.52085761299787048 0.11048643127644545 0.024490482188476981 -0.090134505175597804
-0.13506929035324269 -0.47017726634654688 -0.074980151056570382 -0.13216282171508431 0.28562837693251153 -0.28843003524784239 0.51846319550996778 -0.18416714059610886 -0.30486233729771312 0.0016429978907179896 -0.4135124915888167 0.078531458394640402
0.13310533503345778 0.47456367284099893 0.076054495206336337 0.13907419533408535 -0.29098217199174586 0.29194604349189107 -0.51943616731848052 0.18305266544309953 0.2998486012244832 -0.0094182901235675184 0.40302270781023858 -0.079346419759254369
0.46978882731605676 0.1118937723274845 0.08295701768338333 0.18165680673191054 -0.61077393250948797 -0.073355022879695073 -0.021356039710236703 0.26419422793823122 0.50876424733919556 -0.10841376576180309 -0.024549367420073586 0.083782320853542203
0.48412175892428805 0.47881343782684888 -0.14714658617842813 -0.075654416681486994 -0.18212834906007869 0.17807820093664092 0.10150234464490654 -0.4251260250813077 0.38624858752871355 -0.15126441809606278 0.11618444669467543 -0.25981327939784954
0.14035167630250797 -0.11877453797634288 -0.091008628188922955 0.42801089386691643 -0.53090015158738124 -0.18829161697599137 0.095660899186953266 -0.39803323854691519 0.2793117643340009 -0.22342913307528522 -0.25253064654579538 -0.31324205204070676
0.25498805820022702 0.12870080057705829 -0.13738144184002249 -0.58213272641642688 0.14298789606228304 0.22898945655438269 -0.31465523091387537 0.291703076655149 -0.1126819117772075 -0.2478705691354216 -0.34183157339918918 0.33570650368477045
0.30420320895934627 -0.42915006899218949 -0.33214427358656889 -0.30084394159379124 -0.30088101322053162 0.26316136887851321 -0.055893962637380286 0.26046704813009597 0.32750571968341113 0.017725690041965877 -0.1533425155111717 0.40078061116918995
0.23789618557724826 0.14360099357162742 -0.1317704108489654 -0.61378567396673811 0.23125803154931918 0.11505824937237016 -0.19106672468146457 -0.37667869182305508 -0.41361707871973202 -0.099270028583596598 0.30651148989620375 0.093235920707493397
0.25989955810426957 -0.11799717597361115 0.42747619627365641 -0.027644932442910258 -0.46443223569613984 -0.14419674622075274 0.060202383598358312 -0.3455952586480936 -0.35012222239918694 -0.0064118957925710868 -0.49502287847388732 0.088340247259017818
0.12847462734787471 0.12805654809505801 -0.57520727729185062 -0.15099294716775799 -0.086898415631967138 0.39581023502572243 -0.22235181338334392 -0.12991502457448201 0.0026384780578687693 0.28931320062558807 -0.50591885377919299 0.20793078926999709
0.15126898650163176 0.16142660906626988 -0.63946532321661476 -0.19364370784546003 -0.42244021423057898 0.029820804128089389 0.27743615289977924 -0.021887911828413664 -0.27945563898674636 0.36527051888436052 0.18354380083625974 -0.051420918821475203
0.079671313594174856 0.44840617237110342 0.075566515653127664 0.10959810749983709 0.14518920177086933 0.55530300285194134 0.078313130842070991 -0.43047810421161481 0.29702028559548099 0.33019631251797937 -0.17658922110221395 0.15981946406441708
0.23504400189277802 -0.14230758536161206 0.39230852521846826 -0.02408105154586845 0.12871486970689608 0.51195914048907798 0.050571637590656388 -0.38926802285168471 -0.29507900769357243 0.23814575585123687 0.27840994369464511 0.34053356721952727
-0.2548205776198284 0.1472576466240928 -0.40980763377538454 0.02369833713112985 0.28794646040869082 -0.31114438380358483 -0.43801904711696621 -0.35123307803409415 0.28806453785837516 0.33311147210896652 -0.1743488473446948 0.15995764151586933
0.41606919844473972 0.033567528214277532 -0.22731474489335035 -0.16914931661092553 -0.10389284618573638 -0.51365814218354067 -0.043593057655123078 0.38539237083297334 -0.15472878303737705 0.35098686708205395 0.024601610214074435 -0.41553832256223094
-0.24694072593514235 -0.13555249178988105 0.1041770390528827 0.57499994669723287 0.19501154689460753 0.13108062694932684 -0.18327475098663723 -0.40625466123167997 0.44261007435657623 0.11058429746664079 -0.32672393996734178 -0.10218996846700672
0.089458730763500971 -0.19803055843296369 -0.40913265862327763 0.069845770730170217 -0.041166335842313502 -0.60434397927148586 0.058344171140499203 -0.23523612913149311 0.10532856371483133 0.50576344020330888 0.296481248878602 0.0074015819607503724
-0.087906167774220875 0.19620882736295764 0.40614427674777542 -0.070937452980346205 0.04754528087254338 0.67214459794806081 -0.064627277569229896 0.25833564432029887 -0.087437049529453428 -0.43274192429473557 -0.2527083835119337 -0.0080039849729018498
0.25766290930874153 0.14176196409446101 -0.10897784825029716 -0.60291581091058943 -0.19695357981534328 -0.1305630981302556 0.18436029867586479 0.40709019706059085 -0.41275240735124591 -0.099113094002506216 0.30440623613014789 0.098640909410556254
-0.41667699301888511 -0.030874605152662389 0.22270603596653996 0.17199177287354497 0.10984984600262249 0.54775516820735692 0.05065112022939311 -0.41102316665485322 0.14193975759142072 -0.31883562672255406 -0.018512778676007959 0.37482506153426415
0.25778794134481092 -0.14859180026916211 0.40704220535543767 -0.023459703075682448 -0.27216008998045327 0.2951835221629639 0.41505590958446842 0.33375274589131576 -0.31565411691513279 -0.36516452269255323 0.19223068128109697 -0.17444232511269736
-0.42889649821687081 -0.10638526679319894 -0.077471130525251716 -0.16241423604568808 0.16398619218063237 -0.1699807027119328 -0.51315575125316859 0.30312538788751414 -0.11246903878477302 -0.5108959386123969 -0.29584669828265198 -0.012722369449744978
-0.079608152268407381 -0.4479336415815412 -0.075848279728009296 -0.11317400424926326 -0.14366418422711241 -0.55697513521593778 -0.078653180544623197 0.43108882362723333 -0.29722547756655371 -0.32710077619909056 0.17404331966665151 -0.16106862787813883
-0.15104144581770507 -0.16171371123091463 0.6406915576588269 0.19400863883425948 0.42253207001245474 -0.030387078107047143 -0.27721032903841769 0.021750511600915904 0.27799179870786628 -0.36405044263261793 -0.18364610105787954 0.050957844328638403
-0.16377519071953284 -0.21005567788670515 0.34796670394267526 -0.19111695850888941 -0.29690422057322424 -0.31796172648524912 -0.44788323973964017 -0.050469247583550605 -0.24173023117014156 0.52372676585234712 -0.19141073273055659 0.098428474430632226
0.074043266259163701 0.12719151000454013 0.32731628575940014 0.38180756548039135 -0.34103334252440848 -0.35011763633931042 -0.47315767599240038 -0.071035955834548317 -0.21183756286385477 0.096467972721533582 0.42227800817728067 -0.15848222036153498
0.039625168178719097 -0.60438790899238648 -0.22612230834051439 0.32272005064203069 0.10033679469856684 0.22362423728199604 0.1877317965830593 0.36375755986329494 -0.0049362403710054154 -0.23028083439700323 0.41306162542575142 -0.1629539040946823
-0.45695850289068052 -0.10303141134256752 -0.059977878943570907 -0.21869533472933059 -0.21833443456005011 0.17257680774986417 0.53445076893111576 -0.30693987127141953 0.091889450609964535 0.44136800599624737 0.26164618219501024 0.011745558097725517
0.42656605011238863 0.1069922477531363 0.080958044002090043 0.16439056067049748 -0.16369974977296453 0.17305418534340966 0.51946846538964631 -0.3039096566018869 0.10877714619626049 0.50406117766590142 0.29660327022437499 0.013343131677260986
-0.33212769851338353 -0.30330317203477652 -0.47872118130573632 -0.097042035869528157 0.059577668817909726 -0.44576930332054754 -0.26176371251307734 0.04142103026370008 -0.32204728877603034 0.23761744675212854 -0.2816565718293183 -0.21703595681902266
0.13630957060460341 -0.10925261126154957 -0.12023532140583652 0.46544633195828822 0.26056217159141981 -0.27323972619250986 -0.3840405842487804 -0.33863947238524639 -0.16655516651425159 0.35947126561144777 0.039273587567804989 -0.41853036046636161
-0.23521188893138339 -0.31981801359892081 0.032505853184798809 -0.57619201196004977 -0.12414466555015144 -0.25918147583991413 -0.21808306439421377 -0.35880956921192458 0.40005441176285866 0.24248579162521192 0.16664247212617256 0.061918252406233602
0.23905646041795325 0.35032457349982943 -0.01354854133834147 0.56627125386590427 -0.11885337578641293 -0.23513406989515631 -0.15068099377960956 -0.39380270067154977 0.40908663910483167 0.23369186769056827 0.16220305341256233 0.061684061541756603
-0.097847417102457659 -0.48196688734301918 -0.095141284177677296 -0.13931910099680667 -0.27101002602970858 0.24197018427136119 0.37081485023274052 0.3076484160200062 0.3146994935953068 -0.24214715928969596 -0.2806041864135505 -0.35932602722598933
0.23518510602604453 0.31967155944542169 -0.033023214551875096 0.57632794488592998 0.12405143322525172 0.26066482401985991 0.21893839599765544 0.35745217108498567 -0.3996770649510733 -0.24209797163139579 -0.16802785549654234 -0.060217094490057702
-0.54132093391691227 0.10342493832369264 0.35232449995838028 -0.27815784624527906 -0.091032624063111522 0.4327601697955803 0.21807552806310035 -0.0080513393171047654 -0.38550758667761104 -0.085610969586085675 0.29454904578712332 0.094212774365488833
0.33395874210240989 0.30576238013577495 0.48168806709231182 0.097560449971282076 -0.059527190307003715 0.44558147316424762 0.26175958654411835 -0.041155163873312785 0.31937381454210795 -0.23553622566638222 0.27906278014268332 0.21398211032185763
-0.19440591604123272 -0.28024071889553837 0.0039910718207700931 -0.45720226682474108 0.11541562509322043 0.24998481791526719 0.15778687626951401 0.38200086106843834 -0.5278038180224216 -0.30810051185995063 -0.2191437760313604 -0.080376088812042334
0.4608050233170588 0.10900676235449559 0.061645693146102333 0.21734641844912453 0.20907264219856334 -0.16641722835028014 -0.50914546301772723 0.28975708504218761 -0.096538012278558141 -0.47318432387442466 -0.27717238612270123 -0.009733493469857888
-0.14409173917433557 0.13259436152823093 0.12350172508975578 -0.43407423284008656 0.27165952264016591 -0.25941530760292325 -0.41091831495096998 -0.29915584106135479 0.16345917079008965 -0.38128601507795018 -0.039220945724051076 0.43000430814215351
0.35823162314259394 0.33895907464095987 0.51196264376488998 0.13140835783401847 0.11373087243632406 -0.39331999614563823 -0.24456963160698617 0.030320785147877661 0.297898760674076 -0.22502731557217717 0.26193875985459053 0.20258598439026657
-0.19882182605765081 0.21879417100177723 -0.12421873648612572 0.38053111201016548 0.017652491015880577 0.58406114972567014 -0.039392544341668535 0.23023545302348522 -0.065862594236119065 -0.26727311274441795 0.46705423778506178 0.24990625828834179
-0.24582530299911715 0.12583852811547305 -0.40666983701644249 -0.0093760063304239565 -0.3074527112204643 0.28074981449098574 0.44632558052012383 0.35909114383320317 0.29484867637411044 0.33377250931091679 -0.17604673907196389 0.16563041316343899
-0.16590562459984134 0.59906336533736293 -0.32195886175256699 0.13711670211497989 0.20771987060260438 0.12581192032901106 -0.1611093651160185 -0.38047238871132411 -0.30249654205534288 0.22059473808522054 -0.27582066959881474 -0.21261472463783965
0.028443984565776938 0.35909359960942744 -0.20894692401265449 -0.27522693254164549 -0.17659139001732457 0.16471000388826354 0.52119615852956047 -0.29065608193941711 0.07372404394700785 0.24994814301951832 -0.4576064614314368 -0.24306535040778485
-0.07848592112957814 0.033500842086022019 -0.43848100130975742 0.38702024166752719 -0.029800189474122118 -0.025941635690348692 -0.47533644768156613 -0.08857453303519984 0.023494795445444888 0.18510815793696861 0.58427941986081899 0.19777946208167288
0.54063129565042811 -0.10374705249054821 -0.35232665732182755 0.27793762040193565 0.091127604120307001 -0.43322022496910723 -0.21734163711546642 0.0076355386013835938 0.38568527201149311 0.086008876732925316 -0.29584822716598558 -0.092813982239471543
-0.012736864054727256 0.0026332162283126395 0.037986073900681441 0.0022980274409394367 0.17837680932463701 -0.82454886163241781 0.47656392701398759 0.24381053035186978 -0.009206441228444967 0.0021757383368295421 -0.0031729537338183599 0.0052147030051330444
0.20105002320036028 -0.21532632619596812 0.12232700353419589 -0.38140191386938121 -0.01988045645855702 -0.60774389831054998 0.041187237153124175 -0.23846156870077145 0.061832952404861717 0.2519634042859128 -0.44834787117208852 -0.23695838094476243
0.20643419656538478 -0.24835856613325008 0.074303399744185844 -0.37907221184806428 0.0446314797968618 0.54007003022896438 -0.061478671277456723 0.21979384333916402 -0.070805516127490781 -0.27507779984375086 0.50117022045864645 0.26244396358074268
-0.1404946691375544 0.10982584130057181 0.12431768565340505 -0.46221031343180119 -0.24980547226824862 0.26436128530818909 0.36757668326132964 0.32753417081661496 0.17097460259302008 -0.37618002520587168 -0.03729254473068918 0.4385098601565286
0.094598893223766578 -0.022613410515411849 0.47774260771432553 -0.42556990157625474 0.35865938068721842 0.38371032891562523 -0.023724107824044487 -0.0041309271175808829 -0.32955573727973475 -0.018292871302265232 0.15681995427956819 -0.41377260157640011
0.094881183991817122 -0.027018749613831338 0.53871390925650864 -0.46768136249254449 0.025631131514427537 0.026109724014005829 0.47328973497467886 0.095046274291336594 -0.018419045668154731 -0.14741170854816435 -0.44991521702685133 -0.14986727325105792
0.069560900516662916 0.38429741183148369 -0.2270630438115212 -0.22127081786421982 0.19825187787523307 -0.16940642152829913 -0.49615137268248954 0.29856851930497885 -0.065345025233018689 -0.26599160566554825 0.45740395598902134 0.24373511450602928
0.16605499114334002 -0.59926980628878745 0.32202623743034853 -0.13721999307508354 -0.20850050796001016 -0.12589724664547747 0.16150482747908051 0.38111703649083201 0.30155299802090718 -0.2201110333558613 0.27534599414451155 0.21193427671569229
0.24579693459999796 -0.12498940921516961 0.40697173686752014 0.009894560631239958 0.30755148380778641 -0.28098639038088202 -0.44631840758966074 -0.36003403414696006 -0.29430041612714536 -0.33385615530465806 0.1761986954377899 -0.16356367712815867
0.63838363952145527 -0.12116270053633456 0.18551194468439541 -0.19067465182494589 0.1126319744324655 -0.40468624394114067 0.24844224999413952 0.10744974733795978 -0.40981306798403722 -0.2409644461032952 -0.16676540621104599 -0.058882859568424158
0.13330873233506285 0.14171902672060729 -0.6617473387131505 -0.15741364359511059 0.42538552271440361 -0.078672316125702815 -0.23998570680926362 0.014646459700783213 0.27997914542070007 -0.3705716762836222 -0.19093985110619457 0.048335840491757341
-0.27736268874081799 -0.26588155317346501 -0.42291824905667869 -0.099839685309972295 -0.44447011635823364 0.031596467475975235 -0.25037228527425931 -0.089959118898648577 -0.029790039609625174 -0.47725072907914201 -0.054661725008133426 -0.40320537692626329
-0.056892985897019521 -0.36060750636646277 0.21317650880361555 0.24778792754573192 -0.20192990654752471 0.15095841887606534 -0.3765368653865736 -0.44042611208507793 -0.11097888970848935 -0.5121917199405307 -0.29296989229482723 -0.008660326067047969
0.041500030293854205 -0.57231162475801378 -0.20433299719326123 0.31708905402360943 -0.14957869123379627 -0.26431446912528062 -0.18001193748517319 -0.38651902039942981 -0.0071390695456656893 -0.2291688632000268 0.41720762535969164 -0.16664632809739519
-0.14056985862590909 0.57906837695103541 -0.2865595796429361 0.14312890229666614 0.086151801118017388 -0.41614271849645545 -0.23768706559889907 0.037751679485087682 -0.1122179141632049 -0.24641035414922685 -0.34218650372740583 0.33674605065043939
0.18765422645759533 0.24986751892549675 -0.30546693752785625 0.18193104419983419 -0.33185305063417075 -0.36099473324496811 0.51840334201942584 0.094262204319000717 -0.34193562533937144 -0.22890554285575712 -0.013544452718214852 0.2972725265825607
-0.18271644566910647 0.02691866685479502 0.12137334867449515 -0.084906593666776317 -0.0019183616861534899 0.0030890656904895243 -0.0017923591090687574 0.0043180858207475326 0.039809855628642116 -0.19459445548125257 -0.61502485308684995 -0.72540126065633737
0.40178618909371588 -0.24879975365538834 0.31068978532170838 0.43429529740116612 -0.33663333819214042 -0.35649702304507674 0.018563983650553815 -0.0038379491455450194 -0.10804566558356 -0.45489214313320581 0.10385285324481688 0.14617922820543811
-0.14848579551872418 0.100874246880965 0.099066803243240464 -0.42456835610500782 0.55742172329600082 0.19128245559154089 -0.091710182973637658 0.40641016663705665 0.25953102925279742 -0.20898638331039601 -0.24016459883920507 -0.29682520044400251
0.19332972027719544 0.11636302931196013 -0.076312490910458108 -0.52320159981980829 -0.094170420400732174 -0.24107116427504049 0.30494396268428137 -0.28327273125657992 0.1401224061299004 0.28105411407217068 0.41487112094868461 -0.3981938832222901
-0.18815332095934245 -0.25368055397576872 0.30541707299352466 -0.17862778505814603 0.32282424800948911 0.35245357868908622 -0.50303750930621849 -0.089774009753219947 0.36523728331059341 0.23827181813504553 0.0086242196280667382 -0.30865157029297535
0.13926548374982647 -0.57158779191142595 0.28356721380563971 -0.14122052063119386 -0.087199885280542025 0.41648207309718094 0.23767056494846109 -0.03890981917367875 0.11172062374343766 0.250842143344647 0.34831483780299521 -0.34314720955372541
0.071047972478333471 0.37725643572220235 -0.22977199970584999 -0.21559120140863236 0.22062383284754325 -0.18536982996789042 -0.54891435164785385 0.3266060021584592 0.064505130740395031 0.21735018515040491 -0.40420262717970834 -0.2180778646950341
0.30413210463763263 0.24120112993827952 0.22255310610218723 -0.27083729218963781 -0.26151813632331572 -0.29045437051259632 0.43044404421558313 0.087591548462663552 -0.23636024644067061 0.52453601545178308 -0.1976617355581988 0.10324128594116229
-0.081533778392223616 -0.3846126997127548 0.20672267920803902 0.254701495132028 0.62574488263991523 0.084568516048720219 0.030353043439915565 -0.29433320170171323 -0.062790860478733085 0.1142983039602859 -0.17825394643906112 0.45030556257233362
-0.13296400939118552 -0.1423009617168402 0.6624147574815481 0.1572319874300438 -0.42466699318572682 0.07772480460399063 0.24135671436483339 -0.014271545159651193 -0.2799228087197056 0.3697921328978277 0.19079073986108647 -0.047029267129978063
-0.47688031636704142 -0.48047944430040829 0.1388388587938236 0.055072518997485234 -0.33080534171588039 0.28378832373505142 -0.08100750751538878 0.28169119180943991 -0.10695057184757087 -0.44637046486617754 0.107951563144187 0.14559110235488079
0.54337015442795833 -0.11531613860856894 -0.35142711143995692 0.26256574748341882 -0.21004900070656485 -0.13677142182281651 0.22366225718551383 0.36523290048283852 -0.019889578424917415 -0.38530610061101617 -0.04697763392285581 -0.31890298062282679
-0.077438203456353411 -0.095308471859506624 -0.3049637060558763 -0.38902575965400876 0.084296302304202403 -0.12719096120649498 0.10252071291026026 -0.62686816552343372 0.21318809747722053 -0.47633941845596128 0.17967321498239103 -0.095850116178223393
0.37664504060811904 0.0060141867568341365 -0.25395963284655726 -0.19994790898973966 0.11947456611229493 0.44992563879690178 0.065080524971379755 -0.37107660586465657 0.1742142610524898 -0.39728718107903116 -0.024092960998698239 0.45411333739437448
-0.40976940062709444 -0.086056456734084366 -0.062131564029720102 -0.19566984167798246 -0.63226794640731621 -0.081040240749990847 -0.065910099696632432 0.29540993877353816 -0.51474094107090829 0.11077178168494756 0.018434633438482333 -0.083823605193528494
0.15379095858271266 -0.11602433094411159 -0.10455485101306904 0.46025347498177616 -0.13007405416223247 -0.48973363688597688 -0.041285798927220223 0.36897725574194973 -0.34057532205694308 0.0056977710887599871 -0.47071661004380944 0.088974990371597895
-0.44706066810089756 -0.092704879795233078 -0.042192741003007982 -0.19502734276238115 -0.045654889786976467 -0.58987699653421355 0.027292646785178253 -0.2087527057383107 -0.074285233677822499 0.14058527860886338 -0.21453092883902689 0.53484466513661766
0.21110749356615505 0.32559750913601343 -0.023239394623911655 0.55717724059682272 0.21807617041646021 0.14508089745377911 0.33446463993868114 -0.32005932605038168 -0.08287442860435372 -0.080411816500893199 0.14753371227496404 0.46949192051122834
-0.21099738716646979 -0.32624875447531682 0.023020283442160415 -0.55762532362972062 -0.21891635745943469 -0.14560556921765766 -0.33389116827237297 0.3198227214963692 0.083174988689020568 0.080080761411620988 -0.14691743919764727 -0.46878026621339558
0.37275886409388642 -0.35928809090461594 -0.036590338496041305 0.080684987851567913 -0.086368584168147994 0.10275989490370785 -0.11151887883474922 0.66577948747377935 0.34927977814743449 0.21886028031171195 0.0099863581508342989 -0.28354920059575422
-0.19696851670106247 -0.92630578111286455 -0.19112323584072585 -0.25248002949175791 -0.026514609141737158 -0.031384839112052455 -0.031179508157240896 0.0028125222710552286 -0.0072945374376876572 0.010260576299824608 0.0069308260275299516 0.0034808115061305852
0.27995293809876171 0.20990592757855578 0.1854880817580985 -0.26002424658780166 0.33394066994659527 0.34333020255284308 0.43964085370964751 0.060260672121051205 0.41542207617021398 0.25137390921833946 0.012248560129445004 -0.33663870546105196
0.089399471189017643 -0.22178718978146747 -0.42775391371535759 0.072851313966722273 0.17693766729824772 -0.16826252870428923 0.38966518652743282 0.43280893834146811 -0.57902982907632161 0.10974219778631933 0.022607157171674098 -0.089026538118330723
0.078105767476165155 0.093732733164960724 0.30505054731916775 0.38759845971898199 -0.081498520021721366 0.12624547290225377 -0.10114228569302752 0.61654701051779837 -0.218704787174899 0.48838419548657347 -0.18317013437544102 0.094779484251831345
-0.52045844895421178 0.11086885048955621 0.33612161514327982 -0.25105069818166004 0.2106665133930033 0.13620666980324378 -0.22186023340868555 -0.36600750259291714 0.021764028448620149 0.41551866557745137 0.050264248520424874 0.34504331139127753
0.26848724539389313 0.25207748065599611 0.39977773182529824 0.10265400501044843 0.45015713852377653 -0.030211697347473584 0.23325164039114807 0.098266036955999822 0.017494800737555296 0.48821885931992126 0.060542257403357669 0.42902871446343183
-0.30887836302406513 -0.24023800881747778 -0.21781662734427945 0.27112576619480921 0.28601852255352006 0.31806633650908855 -0.46180111777927585 -0.094845154064352691 0.22401412142872026 -0.47885447204535408 0.17790565287676327 -0.0977935228638077
0.009259547902231359 -0.60834510806346076 -0.21269784242033421 0.30652175292819483 0.19343835047692157 0.11097754083514096 0.30672742186066543 -0.3204030843161953 0.27824167584124837 -0.36273730031943158 -0.17860460941646061 0.0571304611482557
0.38867459651017994 -0.0049509585659082665 -0.26614512260771334 -0.15990333786921931 0.55771908924997904 0.18302425380269527 -0.060112013219674736 0.38632897823352269 -0.28764032313261007 -0.34015502733438563 0.1724393619489745 -0.16405949248713755
0.28484262100916719 -0.45013129460094287 -0.33578013162946257 -0.32681185201866431 -0.21068579255427003 0.15153232776935172 0.070467397055911096 -0.42356853655294557 -0.018282405073298459 -0.14478026381407053 -0.44785057720033278 -0.15198682866509453
-0.36261377255101845 0.0050373480164646314 0.22559658627028184 0.18797006287365625 -0.28546880452186552 0.26539236855402826 -0.50144871520979573 0.17870678902820269 -0.29729710514525026 0.25088531439036149 0.28078531379876365 0.34172713176743241
-0.095685370347289453 0.023081516374719308 -0.48428112422480768 0.4320686805300672 -0.35820789682162646 -0.38467525391574359 0.02457151984585584 0.0046184355819353234 0.32338643465766359 0.01733955025932539 -0.15539662821247108 0.40392995121560171
-0.37187909693381405 0.36051272456250921 0.033697487211355522 -0.077461270745197652 0.087709491179132265 -0.10251035485316758 0.11031981045566205 -0.66650539140138221 -0.34496170714975555 -0.21832563945697764 -0.010755651666828748 0.28847733057300989
-0.22008410830264524 -0.24525345248815267 0.35239522301149934 -0.20697556949132859 0.080396214714677727 -0.094275786174711773 0.082921425130742049 -0.60437200155226989 0.22461553264147766 -0.10264164407301188 -0.49185701752558697 0.18436031365610406
0.2475125334708177 -0.15181429121897658 0.38437296144613209 0.016577152065063203 0.5612260521985416 0.1997489618778831 -0.078874376691960235 0.38797374543958391 0.28878940565840766 -0.0017333968551722484 0.40807005867090917 -0.078294119444500057
0.088075954861584121 -0.24003396354920367 -0.42199391167035311 0.078267824886199697 0.18198507886756862 -0.17298333071383812 0.38202182952727792 0.42979587439865058 0.57774600137796051 -0.11422965802338625 -0.02240891302140257 0.096817451086552347
-0.19835696436189684 -0.24969468348474197 0.34663268038085654 -0.18079185231890829 0.50803227542328533 -0.45885493411596795 -0.044054822590956014 0.15069542604885072 -0.2345330788317978 -0.10637304012583074 -0.21533919386012437 -0.37347105825152171
0.17037313761003481 -0.036121889072983013 -0.11613380024223924 0.083852102272660822 0.0053711744782259851 -0.0050614566562078977 0.01637954252539878 -0.01045811187555157 0.31895125992646178 0.57415424950766214 -0.27885733582777833 -0.66300333101652709
-0.36903181361515053 0.26845717206740743 -0.30070927557332827 -0.44123922976047036 -0.30548201423674121 0.27726423406760836 -0.067447438871746465 0.29297374545129684 0.022110909367238297 0.14847650190898537 0.44802160854249973 0.15097392591933481
-0.48570828703829905 -0.47157250705877707 0.15240528003739984 0.039059272561836805 -0.021574264438481608 0.0014846283481339312 0.46591255752362665 0.097048261902534252 0.32108861746566253 0.022934200099457316 -0.14568045641068406 0.40638237135503552
-0.0095934500142590886 0.60913589210087471 0.2132967662999381 -0.30705546353873214 -0.19328843755037003 -0.11077182863790315 -0.30734272388237432 0.32002429020622319 -0.27698805117359721 0.36263212827937974 0.1770541397093878 -0.0548118488176201
-0.039237701152443696 0.60268062153677981 0.22566648983678084 -0.32210704257068778 -0.10033636825074405 -0.22262320448572059 -0.18644666018891778 -0.36452710391396886 0.0054432226039714182 0.23281368499574787 -0.41477964025866654 0.16435730772908166
0.016301389131091408 0.35530185442779161 -0.23130829671648936 -0.23947507919817548 0.65003746259965778 0.07219524180339025 0.053680482299391222 -0.27824509307958123 0.056866710002319278 -0.11761302147937677 0.18241778716149243 -0.45192625387336138
0.35768210041365162 -0.0034346384218232008 -0.22430802031511937 -0.19356665437805617 0.31463130728656163 -0.29017472289137325 0.55357014403974913 -0.19468500051921986 0.25693183111158496 -0.20991244870719988 -0.24126438266089228 -0.29740123269271801
-0.79040175487802966 -0.031397289634752489 0.48615644133810498 0.36816244431744027 -0.027570486827889578 0.021003118352758261 -0.027669188492245811 0.018388905399649606 1.2135883938341466e-05 0.0071591372660014009 0.004989227671440521 0.0025418269976392625
0.10378508503843992 -0.51187283518811244 0.25984725809116355 -0.10062525535656845 0.42405734914017945 -0.042091782531696903 0.22087673555226586 0.10913192742636632 0.49552595105054509 0.1278943633186701 -0.36331613874392454 -0.11564860895590616
-0.26471956419957765 0.36256459083009152 0.27969464113822218 0.25593490092510429 0.30470397391176568 -0.27220147521960519 0.047668427966832759 -0.25056468847967056 -0.39878913103186175 -0.017008970106567448 0.19001959776562105 -0.47677676476300268
0.12938396636320157 0.14441404937740857 -0.60003291119762048 -0.16568930494495995 0.090071985239092392 -0.43153411242087142 0.25432176556440161 0.1165638154958171 0.0010477067320864607 0.25377422408416012 -0.45193180433812402 0.18348238279291479
-0.42396573641131441 -0.022352304314495797 0.26178331408959432 0.17596473829623555 0.29010601838304745 -0.26739914752312816 0.52528174396453664 -0.17202476454540455 -0.26494843855488204 0.20989104783200618 0.23797247666787871 0.29698362466646394
-0.037494518167162212 -0.0010801633697804589 0.017666673639243215 0.0041484264179108389 0.60372084996803976 -0.57738751451569459 0.097332090609297123 -0.53930386869160585 -0.0084829482356191237 -0.0016847090301699574 0.0027246983622438116 0.0020113840965493689
0.10110311507063713 -0.19900535541921319 -0.44223873447135836 0.069283068144361915 -0.20618043694601165 0.13404973943608056 -0.36617307458890141 -0.45410205315728058 -0.57214436682320713 0.11184728373339393 0.027081966330728176 -0.091849126915172552
0.18328350061555204 -0.43820542944451452 -0.86620447479109863 0.14500174193513529 -0.022301191534009845 -0.041936987082656779 0.021157044729504658 -0.018029995273815932 -0.0031272703245693251 0.0014864478558123848 0.000420769498549198 0.0025575379882799955
-0.13610756167755744 -0.15163410747640668 0.63123607898861911 0.17355249499330458 -0.090240880004620744 0.43354855543705101 -0.25425921463645929 -0.11584391112219852 -0.00061274528531028868 -0.23181330438897602 0.41593979579452278 -0.17024496931594663
0.056899073692070125 0.094774311590808763 0.30750515027432695 0.35564105182058897 -0.45544648981447289 0.43138464713103908 0.027793926653310246 -0.13102044158046411 0.41624262595754014 0.25792022058598779 0.012854089286748539 -0.33960459551100192
-0.13394525527083959 0.61904093543809791 -0.31280619820290667 0.12996330500436021 -0.42724187291254284 0.049044650761151949 -0.21386947070972062 -0.10127782512936138 -0.38185436272380763 -0.092127703356080351 0.28433440864406356 0.089577577897659258
0.083847883457818323 0.38594636093539286 -0.20521645999507906 -0.25694694398964285 -0.57840933819597085 -0.071558271686522526 -0.031900964796924475 0.26748656419392958 -0.057730229306615394 0.12218768716683123 -0.22009179360709449 0.50688432725758115
-0.22481683184964263 -0.119201375907925 0.12095875113642394 0.57854422657446436 0.063170671862727276 -0.41641586184582891 -0.24132533163729084 0.032963971851956278 -0.023903881766256737 -0.45297357847336955 -0.053211362677338246 -0.37496510788695625
-0.014384094087637212 -0.35744986421693786 0.23025798577413889 0.23459822343738687 -0.63781366632121406 -0.073347622326093168 -0.054510449207208454 0.27278859783311754 -0.063119555201474192 0.12499071943934542 -0.19414217715335974 0.46593833066582452
0.12708524741299443 -0.15664085234269504 -0.13791462805286675 0.4692702619804856 0.5375661342435164 0.18613278053438262 -0.053739667258435764 0.37758597709109626 0.25460534243118027 -0.20853618887185793 -0.24128325260066524 -0.29063249439802752
-0.099572923615648359 -0.4760595846398869 -0.11994548964787924 -0.1055201007812301 0.47160796241174735 0.1563518734763546 -0.07791672307179795 0.35728039715642435 -0.16373442640157387 0.37597684461295017 0.039942995273604079 -0.4331140994906128
-0.47511849730280259 -0.12852607658593659 -0.068209978962139137 -0.18284848330491799 0.52823052983718322 0.0546200379892956 0.021104205851314006 -0.22426882392717568 0.60529669113496165 -0.11059055083695696 -0.014972700470422177 0.089811034935469408
-0.1318645030289802 -0.47287341237926583 -0.075425072816249633 -0.1363711901329589 0.29246978420272418 -0.30067614023391387 0.52359955384823098 -0.17850979424710495 0.27868847824674242 0.0044012601317250551 0.41263713097830612 -0.069234740759896704
-0.29242100366779761 0.43893685956566852 0.33834128164263305 0.32946129913369049 0.20944259638685062 -0.14913042199609741 -0.066370635996058955 0.41700017549973167 -0.015380170348144409 -0.14790242875997223 -0.45680538173812918 -0.15369350326160788
-0.02379321212430844 -0.020504603701181838 0.019199798107507989 -0.024862954587409381 0.0066863869250009542 0.015475903807889704 0.9841466635823678 0.17071950505068378 0.00030445936663827511 0.00028478735474886488 0.0043009690165214118 0.0058272787832380733
-0.31082211525447651 0.43849259209208635 0.34267680125580852 0.3061023747592761 0.30465411487701488 -0.26510624074041578 0.04892088319643019 -0.26333520776667424 0.30929686535450962 0.014248365791595156 -0.14797674953069484 0.38391273369886975
-0.046303876225579639 0.59197029781339705 0.23216152184123878 -0.31963470462943366 0.11294041039046812 -0.39265433252044823 0.22998594168154146 0.13797947398849139 -0.086373382944544691 -0.079575419410298595 0.14091215753653699 0.46781206308652973
0.42483056412062697 0.020598636176994544 -0.26142757795695032 -0.17460899113562722 -0.28901441644065318 0.26754327909637926 -0.52542531474543441 0.17190599614946772 0.2637044856275525 -0.2102099678187678 -0.24006475516229825 -0.29693511868000949
0.31580950021999471 -0.44625166103647285 -0.34830210352228314 -0.31092806745605678 -0.30479308072874495 0.26482372244721369 -0.048673479484925855 0.26288710084477213 -0.30020067030259967 -0.014217322285277311 0.14235125522498651 -0.37153409015741901
0.22010217399502038 0.12427748104802543 -0.12419837914249982 -0.57662183271101486 0.23469680554954475 0.11436141031539179 -0.19188336729763483 -0.38261523244827417 0.44531240160644975 0.10204486947471542 -0.34009641031844551 -0.11151475773577978
0.12068838142266332 0.11531395902427213 0.16303942443513347 0.039034662028544755 0.0081821862719475523 0.0058361532701847055 0.0031594004264031512 0.0049373960092085993 0.049969447097878844 -0.0092819577463382364 0.96188268085348638 -0.12686483369142665
0.12794880393884081 0.46982827135864225 0.078598470385807181 0.13945427290601645 -0.25541526346935711 0.26367598089051481 -0.45624712259215672 0.15642750506645911 -0.34297990808935958 -0.0048833843686142452 -0.49523143376550172 0.083421019605901953
0.47625197026058202 0.12468233216193235 0.073434015788455265 0.1804439210853673 -0.53962279663173141 -0.052940008534971675 -0.014636434079242292 0.22679092457737812 -0.59175359621641566 0.11912176268125758 0.025216564223777927 -0.095099261963170312
0.33837672984523753 0.30970600348885791 0.44820316947554012 0.094612107192359365 -0.39960870453909608 0.075002732018946541 -0.22256993365481947 -0.11454396493924422 0.032023178790483935 0.45086848903259952 0.05319759594566284 0.3803127183322772
0.14491308110412715 -0.10161795401376353 -0.09933183802554256 0.42533534687596442 -0.55883499654152768 -0.19352382417519889 0.09100219349638175 -0.40706905389362513 -0.25897043718582019 0.20616586670600906 0.2377549789877042 0.29675730705927211
-0.34350802858751561 -0.32578036954346357 -0.49183358662943794 -0.12967274934630393 -0.11023005945014304 0.38830630338457606 0.23759131250755713 -0.027900721855343442 0.32389592136674716 -0.23360753450570335 0.29449454684846799 0.22535631067981093
-0.035842424145685628 -0.03337243997713165 -0.0026577940728730355 0.010979775315085849 0.85316698537923941 -0.089790325049731723 0.46581982407357519 0.21088335083965379 -0.0071457572403549555 0.0022778256974601762 0.00018553583189224592 0.001262224665472912
-0.26545245324005157 -0.34990230995216176 0.023733659868903936 -0.58411455052919881 0.21240363116688671 0.1161614213171141 0.27371787883484916 -0.29005413381283146 0.083001308857860986 0.079356115955315068 -0.13997121019225681 -0.46358393807692549
0.28952381019744222 0.22612933921585726 0.19842240156340862 -0.23798539414538974 0.53881619708931805 -0.4540819472238628 -0.017624792098594997 0.13875092382668425 0.19666296618402682 -0.098669323101277726 -0.42512157143855295 0.15432731033162236
-0.63783270742247755 0.12642208421013015 -0.15342933529081171 0.17154281711836547 -0.45023498176076387 0.051481407125709526 0.24597537389017174 -0.0046904199529259043 -0.082731816721302601 -0.069216154323215415 0.14951013976228827 0.47364852458742995
-0.21028213518118988 0.21546902533581394 -0.083341026021905865 0.38575836805751967 0.18384023525205723 -0.14751464872685191 0.39856410779997581 0.45621092408486402 -0.063661373431909377 0.12893577364376188 -0.21350723986710993 0.51458446630691324
-0.52613765504543852 0.11136913716092504 0.36847175615309213 -0.2665324749912299 -0.12599239271118193 -0.22164752280053154 0.28108604755968269 -0.26844100482379668 -0.32129924707371654 0.2395731169812168 -0.28314072152301467 -0.21701679336121157
0.069203291666490904 0.45078603563841013 0.11572682570129784 0.11477298127207954 0.27823566649995263 -0.22780017043574025 0.49329687673715505 -0.15858980355909599 -0.34517187343929401 -0.0076553244836129308 -0.49039678957218624 0.08913777815792201
-0.063685718415746648 -0.45198940892460271 -0.11509747481067166 -0.11293468875330195 -0.31126145043159664 0.26231348908438068 -0.55290063330055372 0.18347512915384637 0.29042869084416728 0.0025045903770756425 0.41224816052704588 -0.079310132765848029
0.52592649420854976 -0.11199531861588145 -0.36784281990886958 0.26707924618119272 0.12586606815245183 0.22148856066208181 -0.28321870590600728 0.26686335949539275 0.32091402194207408 -0.24062413660463877 0.28312300924625677 0.21643924506758819
0.20853382641591189 -0.21527270125563042 0.084379202341165499 -0.38625702655539151 -0.19533187337232669 0.15691621597896754 -0.41869981842711801 -0.48182175075738298 0.059190422371258759 -0.11448716530126282 0.19752605291318215 -0.47748364499584584
0.64019310586447253 -0.12690829482766991 0.15346953819675452 -0.17170063176546876 0.45109137218105028 -0.051559610072282623 -0.24466192071781362 0.0041590760603811734 0.083233790654554329 0.06994883566831793 -0.14914497515521782 -0.47003145199276081
0.040178011288959738 0.0017957657603014773 -0.015293412414307771 -0.0052553427503007422 -0.60354686760152743 0.57744067141543987 -0.097305399021535149 0.53926043555663683 0.010656228044139406 -0.0025728043118841792 -0.0031819308246194959 -0.0037400414127657074
0.3758200272648633 -0.25744509313586733 0.29797496889891567 0.43899065580012475 0.30482509948246322 -0.27809546971279614 0.062736068873291098 -0.28707398998491052 0.012969979284931051 0.14554307969214603 0.45685668632384951 0.15590924057357711
-0.086036777509487045 0.23979432417345667 0.42265998976320573 -0.078655970173245549 -0.17554025815561136 0.17354010624909105 -0.37384355718323492 -0.4239421112820318 -0.58899910476535955 0.11313609179701314 0.024359110284175627 -0.097665601969941646
0.3806159572385262 -0.25957261151728644 0.28843862837739098 0.41440995306156908 -0.20464962835460712 0.18534752258067375 0.081678389160830103 -0.43040527463778772 0.311313105436959 0.013406502610930066 -0.14135514761963885 0.3841731445803237
-0.1429146781769513 0.61075479414365696 -0.3028797853897332 0.1497795238796944 0.087434991704856024 -0.41911249328193217 -0.23065592719955197 0.040525869258574161 0.10446602069998237 0.22242628917593069 0.30377340114186407 -0.31870732741988439
0.18755235937331757 0.24548002316451525 -0.30746354770737022 0.18678579754731839 -0.32813228549617179 -0.36985679302256763 0.52089424419866848 0.092793324422827894 0.35737429245524427 0.21448287820322132 0.011133415466266982 -0.2772929888577611
-0.65252783516173873 0.1224057911214933 -0.14671787198164424 0.19300533447318208 0.064462546684688288 -0.41943731698671455 0.22803535855723644 0.13867216036457966 0.40104699989761011 0.24059072634980483 0.16113202860913739 0.066691480343718162
-0.07126262191782505 -0.38743795164716904 0.22008590142311507 0.22284859839054172 -0.1880857797550291 0.15666708845325072 0.45814511386307716 -0.27517952775524473 0.069448772375632434 0.28764107577055942 -0.49755735826572367 -0.25699955312997896
0.14140721109272381 0.15437431779404107 -0.66339709104948708 -0.15586452552447738 0.4245127706053981 -0.074808162184821614 -0.24028357808823603 0.016901119470561773 -0.28327022632927706 0.36313265486740298 0.1811390490576037 -0.055092825329108641
-0.3122879570583223 -0.29266569054133917 -0.48216912168516018 -0.11804493266030713 -0.45046381621670173 0.018271766066704016 -0.24677992584748865 -0.10071199845425141 0.022227925829078291 0.41659662491543847 0.048784027130526479 0.34594783125865086
-0.12170588342217517 -0.47690627998832241 -0.11396176885045448 -0.13954075640065872 0.11022463584546499 0.52818143052397493 0.048962657997302143 -0.42535905381560901 -0.29199394477665175 -0.32684110051281035 0.18167263055343696 -0.16045527940889232
0.040189183872953706 -0.58747173076796622 -0.21637793985006434 0.31221093741844475 0.10074612830680592 0.22909799724272906 0.18642195722253796 0.36062425680633592 0.0030141836086978492 0.2519946915572871 -0.43012030137378726 0.18169797406590038
-0.041629967160016781 0.5762612306797873 0.20230927656515713 -0.31782913779289945 0.14646882664282673 0.26006318607067785 0.17806686040975891 0.39228171483122909 0.00082380954644191515 -0.2392289777468613 0.40440632487475991 -0.16967954822551296
0.2986505423485401 0.2345999478542817 0.21960553962975576 -0.27653637148557786 -0.30627571703853679 -0.35286067684882355 0.49688184916066142 0.099809429916774259 0.19772061176731895 -0.43143582114279072 0.155193479118585 -0.081163229039807244
-0.656205800560134 0.12135599632832382 -0.14511209420470272 0.19536787875239614 0.059000355276563887 -0.41296168901335117 0.22859347061896079 0.13518303635430759 -0.40798092529107155 -0.23293836600016865 -0.16316449767143101 -0.059676995852992611
-0.14164163717548869 -0.15470718043834697 0.66392207778722245 0.15607797348600277 -0.42447458104045416 0.074608164810953961 0.24040637069616647 -0.01682232632716079 0.28280615599179165 -0.36226874407209159 -0.18098355886390324 0.055264821003130862
-0.14238648797706102 0.11867066224503116 0.097345218422255061 -0.42771310933990658 0.49860903551723484 0.18092272549447419 -0.091700044705096018 0.37235579055765977 -0.30288536794428766 0.24780332933836063 0.27616899364514258 0.33972294808504033
0.21867489451197822 0.13261971567477354 -0.091365681750040575 -0.59797633964354191 -0.10262020238369289 -0.24149041981141267 0.30366232208204635 -0.28460307582534294 -0.11847476985163169 -0.25398182472831748 -0.34869110259668989 0.35564468520714931
0.29918454411895751 0.26523401446808159 0.38967674262552437 0.11537298313178165 0.1423495377773985 0.25759381457284536 -0.29590339971483515 0.28312822903468982 -0.50503807069066309 -0.11338159362434116 0.37677454029537089 0.10375145331143708
0.1377999428560012 -0.58982264154697739 0.29137593099146541 -0.14483782417812679 -0.087879054942124446 0.41894313433634656 0.2314508020037728 -0.041302945453030371 -0.11170496653744617 -0.23728698805400011 -0.32397715342603051 0.33909689389075515
-0.049982344799453689 -0.38980128037282985 0.1979439757686961 0.24334778293223588 0.020979766102247145 0.56749704750215191 -0.05445448089430046 0.21203814483847738 0.59482872682859878 -0.11476848813558541 -0.012490479013601298 0.09792455752299227
-0.078554691111995117 0.035327921908041057 -0.41175791964579239 0.36944077185444824 -0.35758282938995084 -0.38094558249083599 0.013880259567572738 0.0020395468162806717 -0.39498822956679591 -0.011926219380150045 0.17658611111730235 -0.47542360189970123
-0.36420115936092035 0.35973170251705655 0.038819499784433963 -0.071279427620228167 0.082636157135197674 -0.097517722687747985 0.10326360944300868 -0.59771676257127015 0.40850133919631437 0.25740263857377288 0.017520566822133286 -0.33713399803210747
-0.25512163025182688 0.15566482349812311 -0.38477642674883977 -0.0068495327762886299 -0.51952115025670476 -0.19530847962552111 0.071647740683212169 -0.35451923636050031 0.3308744554674426 -0.0014421719087329538 0.45570946350706831 -0.081028304185484998
-0.29283736318506609 -0.23764414619657404 -0.21846929492579331 0.27304048932510799 0.30257512814953286 0.35007345589586747 -0.49675466595364781 -0.10207037927068369 -0.19846280004323971 0.44149065436396268 -0.15307170734546569 0.080451694916324187
-0.12858567119760292 0.01307872689378627 -0.50571894011932172 0.44697269711572934 0.27761958273068926 -0.30084850206796093 0.071192290922770768 -0.27933911859903188 -0.40437578102534322 0.15087232913927912 -0.12582338222850828 0.27379470197463174
0.13762479768968844 -0.025424488153664312 -0.089911322188067744 0.063710121344189491 -0.00031322804286459271 -0.0031936877773915909 -0.00036912741413450459 -0.0050434901684143947 0.11852191255737653 0.074377664260018198 -0.0053668125339473684 0.97397424548513434
0.2923340650153492 -0.43849300247431255 -0.33878432367552525 -0.32882470761211108 -0.2094881495157109 0.14965012559269428 0.066052295593689803 -0.4168537763440236 0.015091157427262962 0.14808963342375309 0.45712372568203974 0.15438060203209014
-0.22326165025341696 0.14533506620635975 -0.42613316258926309 0.017039620326403517 -0.30944350161019624 0.25262014438876679 -0.51937608082684816 0.18244838691032772 0.15282622543278174 -0.33369088502781141 -0.033659380170341646 0.38561972469334793
-0.52526059497417321 0.10799694340607605 0.37237680706575538 -0.26297338928216396 -0.218535280047532 -0.11130237961057574 0.15743609513907553 0.41651568237207964 -0.020490627832784641 -0.37631880700260556 -0.0438977347086578 -0.31974744749401901
-0.071456406237896453 0.57046778364224471 0.21487355962648019 -0.33426046008178767 0.2419439959141482 0.14779852501371205 0.30018444745603839 -0.29340417875250213 0.28341132612512249 -0.37006724731194024 -0.18724524559424674 0.051470797229965948
-0.041275494323535313 0.60310942389158106 0.22268791794343124 -0.32011252297601678 -0.10147160983154846 -0.22996326568612449 -0.18656004430830259 -0.36210838757779179 -0.0031288542353073039 -0.23944251216111392 0.40775658664371583 -0.17256521739313424
0.24740148064831424 -0.1590626125968318 0.38529459665998961 0.012803442073940159 0.55400253062488303 0.20664948450665252 -0.078013653893424462 0.37978864352592817 -0.29711365449230331 0.0021721958695014179 -0.41368826830005057 0.074216949021758377
0.21723729059167124 0.24710815122540816 -0.34903439707827133 0.21242046864834777 -0.077875160023095052 0.092081696836332175 -0.079891804912187628 0.5954093912176488 -0.23082386871558827 0.10143314689814122 0.49817316761590619 -0.19394480053777882
-0.19275287136514455 -0.24620323049753953 0.30618430789030071 -0.18278258061461009 0.3241743191433758 0.36005597609074202 -0.51887332132896025 -0.089404678412135674 -0.36377794837675625 -0.21862391409002827 -0.0081977516389490808 0.28796174712943484
-0.11423967254998842 0.12211464351721389 0.0040992995640972089 -0.02698168199584311 0.012751463812394169 -0.017625104786670398 0.0092970112459619947 -0.097283850153168025 -0.45437977556496012 -0.088846846106174271 0.6222300889650344 0.5997863314951003
-0.41924863986085187 -0.10304684576459935 -0.045497621155881629 -0.19437622027042745 -0.55972032489092938 -0.080891137334281688 -0.060252981494017643 0.26045717305682486 0.60160108185865513 -0.10531790650738851 -0.024749888091281248 0.093983604736593174
-0.19028586133012454 0.23287502479623134 -0.10225218829807631 0.40962969431866314 0.18334972179189934 -0.17363117359845709 -0.51414770960553957 0.30553047581251574 0.53952656276176736 -0.10426573330900368 -0.025131316869537092 0.085176494996467345
-0.4497064457320995 -0.08913346575137529 -0.045838539934834784 -0.19232376644993945 -0.049205252008754835 -0.65783300958700242 0.037467986701327866 -0.23139029293382926 0.048759601308624646 -0.10595730459621702 0.19317326544587995 -0.45792863248132237
0.2082299979756867 0.31918732501462099 -0.022962664959518275 0.56038905571796638 0.21806141704590878 0.14355473624125739 0.34254727031969934 -0.32215328526052001 0.088440259360424628 0.067947848290157847 -0.14705378494615973 -0.46567480177002973
-0.48164305337421415 -0.4767228242522738 0.14665701958024066 0.076014056602723354 0.18172546877240445 -0.17756044118600561 -0.10146496204235289 0.42472731358344751 -0.39020768386372162 0.15222835168520521 -0.11740844134205949 0.26269443156963723
0.54961410128366728 -0.10593793224803569 -0.35101502422830733 0.26024294024747324 -0.20893353364104619 -0.13603648186141293 0.21850648943947287 0.36722145589678185 0.021615050939112802 0.37930544832098451 0.039589890967806296 0.32419212899683858
-0.064819667541869422 -0.079952346463140728 -0.30621273326729648 -0.38710902658719182 0.079722636080915565 -0.11503422852100126 0.097761745044741541 -0.60465484004710213 -0.23224271849747444 0.50378487805453964 -0.18063758500497301 0.10328198741718239
0.52210190718326088 -0.10730859190846856 -0.37035971382893579 0.26112708068464197 0.21848851155754709 0.11153809293551084 -0.15729672866461822 -0.41612762265744668 0.020589573459807168 0.38102080289195067 0.043565847561192521 0.32397468085180414
-0.37630312923759762 -0.0099869828737090167 0.26612111524494825 0.19387123213702895 -0.13987124024465841 -0.52177871739070902 -0.079930043804269005 0.42593228833452124 0.14014191132153964 -0.31852925695395734 -0.027816972649120555 0.38521573921604557
0.066898180505818278 0.081074048223248291 0.30617294002929452 0.38767762417283053 -0.079639549891660194 0.11620050941035649 -0.10103105500302263 0.61507644657908689 0.22747954995540787 -0.49332716960668116 0.17654534445526215 -0.1012797935661366
-0.55083515421682172 0.10634798471630059 0.35204665862357504 -0.26087963709111689 0.20930555580772439 0.13608895626113357 -0.21853651420213485 -0.36729458165960743 -0.021713029019214104 -0.37719168248139479 -0.039363740093681543 -0.32247269910497262
0.32767518662262418 0.30686705404549663 0.50292041584922975 0.12335931769160828 0.45193258901005329 -0.017039497775648966 0.24693567438851946 0.099502817639348234 -0.020615225440686752 -0.38738187005940217 -0.046540223129847617 -0.31976237526738721
-0.17560651781993394 -0.26784686425051119 0.021180342639124446 -0.47437735735276415 -0.21912980913788499 -0.1454697119767881 -0.33180744671405304 0.32156006437751433 -0.10333342332098885 -0.095289757843860359 0.18491088334447872 0.57906095358763854
0.36782879360445686 -0.35644516139278509 -0.03779708747499904 0.072310853792744642 -0.083206438931100218 0.095859937902127726 -0.10447010956317669 0.59389620662911924 -0.41413588649296157 -0.25897854456607694 -0.017253634390241995 0.33522543456007625
-0.086420315982446511 -0.46678496131380059 -0.096070524118570089 -0.14336713233209042 -0.29054907305891436 0.25836329383033962 0.39027844829404545 0.33161082160941419 -0.29374841312799549 0.24105579061247889 0.27270273987186205 0.33562401618037618
0.3166999935933954 -0.38382505219899221 -0.034743296004566972 0.05873060302333586 0.3148204324422515 0.34023928109445006 0.46059153859661278 0.049255882453981069 -0.25910585489271409 -0.12583342003149769 -0.24224630209726808 -0.42026719837672372
-0.62135400841020183 0.13478888896189808 -0.1665832702378986 0.20535170959131457 -0.24304566246409823 -0.13634159643215579 -0.31268658760380597 0.32097496411580545 -0.0025522463934133412 -0.22860057871432571 0.40826881078495958 -0.16859900967409253
0.14352836988701018 0.14889856614166541 -0.63963066773125343 -0.19534636244363382 -0.42277920763493038 0.026760943505114067 0.27556448477499179 -0.025008458316078053 0.28438712197573246 -0.36722245480861015 -0.18833724392027029 0.052175980538006608
0.075985773979103888 0.45135972515777784 0.075769883792147233 0.11247405063703754 0.1326493249233886 0.53260244272964419 0.078554932739924491 -0.4032850964677116 -0.31025906867885134 -0.37076449216551194 0.19269629593990423 -0.17657650067202074
-0.25976672152822927 -0.13527738855774082 0.14090856387996092 0.58326689479622018 -0.14476538293757235 -0.2265493051602876 0.31422869081633842 -0.29802066290089058 -0.11320367454469053 -0.23666453622965916 -0.3281851018488412 0.34321649066307114
-0.26042696301005475 0.14823343440398204 -0.40991422347951989 0.024914574018918709 0.28281851723022766 -0.30826079384265609 -0.43836933626631019 -0.34911360576411593 -0.29398573678040441 -0.33104323936503793 0.17266151098897001 -0.16329723420557898
0.081715199441743686 -0.20843054881518264 -0.40185815960758764 0.07240668333235889 -0.04871025562915976 -0.67621841552559914 0.065138878663910132 -0.26223914914584284 -0.094457878482957627 -0.42564866334102092 -0.24568946042137624 -0.0052686369228580046
-0.25251392740465567 -0.12951030052996557 0.1049995023613004 0.59281820759822557 0.19248286430752087 0.1342609278923749 -0.18589330659763731 -0.39911961242417743 -0.4292461022473541 -0.097984400625587706 0.32234159730912459 0.10158629376517135
0.13537255495875278 -0.60017954117289751 0.33421643771531312 -0.15031795479065019 -0.12422733971301032 -0.23934056671181819 0.29246591567713104 -0.29436367972613997 -0.027031969425693685 -0.37573491303025408 -0.036765337054109892 -0.31464409436600482
0.24200577054632871 0.12893649085114714 -0.12841700222262967 -0.62055999890548219 -0.060641263509441441 0.41379872624019837 0.24650831432758891 -0.029201932819968145 0.026096136305607167 0.40658717093672569 0.046801829852071646 0.34425652045945959
0.26062224516953292 0.13475189550498062 -0.10949148419005927 -0.61398360662207718 -0.18971971375036073 -0.13447869172198748 0.18660463441130362 0.39958278129674446 0.40503783174949304 0.090774787129699788 -0.30705661240616788 -0.099037721678622737
-0.080562178312876487 0.20823659170483597 0.40234451223198037 -0.071911778052197214 0.047861183723017474 0.67570927558137395 -0.065730681110826486 0.26288068409675019 0.10085867429748513 0.42356409812061152 0.24739494084894548 0.0033284042498723907
0.26069127306316559 -0.15076011239399364 0.40890476326407632 -0.020908093304400042 -0.28311839731719068 0.30837905683120287 0.43845809195997526 0.3448170902974107 0.29459961847793087 0.33456262837789041 -0.17423986912531272 0.16184122345310578
-0.41428762925933937 -0.094892048094080708 -0.088996280413056503 -0.1606980962930237 0.1886192936168839 -0.18978784199725074 -0.57479451329787845 0.34237132706185475 0.091383100469796461 0.44244309518715014 0.24957854574435751 0.0041603292601330479
-0.13784167318107252 0.1393773122858509 0.14116715605479765 -0.46723714372291608 -0.53238860497821194 -0.19045856098147992 0.060066017652092955 -0.38165951718621766 0.26115157576763398 -0.20276586669386784 -0.23830146458459886 -0.2970676515362905
-0.14298329416612854 -0.14866339940819473 0.63830658682623009 0.19469625872662516 0.42234995188392338 -0.025571366497501195 -0.27649161217097928 0.025017560011225903 -0.28576499195619087 0.36854159462177338 0.18943060538542417 -0.051358357804852893
-0.14810948976920171 -0.15267604222808701 0.67188267070950369 0.17689316559085336 0.08856644214190712 -0.38635151711731835 0.22036184146577345 0.12516671844212945 0.00074511228751705729 0.23727105719230271 -0.40652628556515585 0.1706950534614935
-0.64315306213291024 0.11887080358062374 -0.18424400005166164 0.19193729878869842 -0.11807367920157691 0.4128312028995077 -0.24664180240449485 -0.10795961226853813 -0.40148597338319786 -0.23148054755087019 -0.16031488527263069 -0.064066738357553776
-0.24981229290181109 0.12378678132513446 -0.40636247210495013 -0.0084287702783167884 -0.31452564343916051 0.28358491118966606 0.44742491004082785 0.36284575342534459 -0.28760440682999072 -0.33071997536739889 0.1693769425163002 -0.15841631686894181
-0.15135222112965138 0.53809236746437239 -0.29681044704643611 0.10837260017192324 -0.087183493444850962 0.42286893182528196 0.26977561535195349 -0.032107066552014826 -0.11188185335965491 -0.25755970951156382 -0.34868641036192849 0.35643013347978275
0.021792306944929132 0.36109780508092321 -0.20598320623761202 -0.27774825392371016 -0.19971664419558677 0.18141786666670889 0.56200006676459313 -0.31745381720926652 -0.052856016290746488 -0.22840509219667313 0.39860525031910748 0.21515418916190432
-0.10237284551647784 0.015113403549646418 -0.53650679369814669 0.46896479357353177 -0.025166587415322843 -0.021818859884690935 -0.46694710548500407 -0.10054605905112771 -0.017202647208842389 -0.14608137800819301 -0.45478139794062894 -0.15428389149013422
0.44813356389656983 -0.078070690373933799 -0.28928838004594259 0.23287949904442737 0.085546976613734255 -0.4259116151081217 -0.22643382796379183 0.030796261353450278 -0.50130118546020741 -0.11207136494214297 0.36631531562029052 0.1271659986626307
0.12887251350236542 -0.11913071827116149 -0.11420961741645616 0.46215171625156348 0.25153052235889772 -0.26366255072485872 -0.37441388401972481 -0.3251461664103738 0.16418792121702194 -0.37628247146278526 -0.033869068232897877 0.44066663781757998
-0.21308959522670831 0.24673274351865415 -0.060598827469392505 0.38119260400720056 -0.046656799500569009 -0.65120906684583302 0.061814840654053856 -0.25124863310579604 -0.065197766273951782 -0.21848235334081878 0.3945934563564743 0.20940252947169022
-0.19535387096349824 0.20749666721416712 -0.12543863644214334 0.38782392928524118 0.022727380533854914 0.57818474416584342 -0.036226016668991209 0.21625710024001898 0.081378301324657176 0.26500288073464262 -0.47786137503594267 -0.25405847393959996
-0.12974297390513628 0.11605129824276234 0.1184028503162219 -0.46141593241698581 -0.25295962210753498 0.26356318699228143 0.36830078253132131 0.32440431680416404 -0.16309336165217336 0.3776689592408547 0.036037902025314088 -0.44486536204456295
0.099879381673003087 -0.027638910827944327 0.50077769899986746 -0.4480887947652416 0.36317482877064816 0.38260239958258302 -0.032111585629522876 -0.0078464514138863913 0.30825890040175474 0.013894657557797598 -0.14302432788046593 0.37769363936068046
0.10230403789644463 -0.014755601881153426 0.53571370407985086 -0.46905636328994893 0.026082007528013498 0.022316733795814399 0.46690419376333997 0.10105413307599161 0.017760210386184309 0.14576106661281052 0.4552415428690092 0.15529572983536954
-0.034665945857889 -0.36570942447044208 0.20613522053133534 0.28017189480333449 0.16911795060213644 -0.15352346194900626 -0.48513861543975906 0.27031873839814335 0.068696962276441023 0.27488382162742847 -0.48385327376565035 -0.26281259409166446
0.16242093631623669 -0.575737885625909 0.31224763698624919 -0.12929294159056781 -0.22003011374832809 -0.12478034835821869 0.17681491713227021 0.39404907828050872 -0.31626099826518456 0.23428301816611066 -0.27752967781798832 -0.21325155087676631
0.25193365893010999 -0.12562498109354989 0.40676599433823002 0.0069213312832540671 0.31115203433942962 -0.28070819247910606 -0.44862976297394702 -0.35497518838408648 0.28328323957493945 0.33967682378614322 -0.17637205071613873 0.16004921598829974
0.19633715708810895 -0.21336601341934627 0.12173917540512014 -0.38565338691184825 -0.020826233258156961 -0.58108591842643409 0.03301643656257066 -0.21679572006701581 -0.081203629790362025 -0.26306047031776075 0.4793596105193903 0.24619541173442155
0.058775906726220156 0.09443921415375045 0.30661343562978199 0.34647761653421688 -0.51177112560868088 0.48190746149970559 0.023710864349907226 -0.14713319446026782 -0.35113854508428405 -0.22250810259966392 -0.0078433002755002347 0.29041964563164713
0.13679383269033868 -0.14605482052261828 -0.10681709682957878 0.43184632277241514 -0.29919931073057304 0.28854837697319879 0.44964819758749724 0.33176868820611133 0.14620001804988692 -0.32901115331424807 -0.030643474974717418 0.3826984893726984
-0.4676432736058414 -0.12516098659450012 -0.059401750967525022 -0.21658345446602961 -0.19839896413115515 0.15908151920661556 0.47189455873898167 -0.27100789719389096 -0.10810995686800845 -0.50631531627241277 -0.29374425645179314 -0.0089471349990523797
0.4154579979938432 0.090847473950322138 0.086264514464641215 0.15938337004175879 -0.19063694596895436 0.19305575781607334 0.58086346971394942 -0.34312173485379061 -0.089045510732292735 -0.434344290090037 -0.24690338042095483 -0.0018848150851871672
-0.33630642649305309 -0.30736371811877644 -0.48548977545186894 -0.10147249221192996 0.060718138071505903 -0.45325839694227998 -0.26746179551739024 0.044553300911906443 0.30395813067467164 -0.22212529343413423 0.27697952607630233 0.21290847591085893
0.26596936369216767 0.35078233047395918 -0.023589786650983394 0.58419075566800516 -0.21309151617512986 -0.11664116319241151 -0.27385296993442543 0.28917325106496938 -0.083758136618413803 -0.078414887951168105 0.14046587323330392 0.46244132819935835
-0.21013420656844339 -0.28033504283489025 0.028563745468428117 -0.50340823199719908 -0.12993871914032107 -0.25058427641213477 -0.21139710232763631 -0.35867059127581397 -0.49455706906169555 -0.28270215523023462 -0.19867023865291561 -0.077673665410329634
0.23537431270265147 0.35060137927689439 -0.011963256126282859 0.57176912698182802 -0.12383449666900882 -0.22720558061373686 -0.14709776665584745 -0.39434189207970233 -0.40164355034620791 -0.24036838584072351 -0.16644833341280074 -0.060945568571297758
-0.46958517887875301 -0.47645342492305331 0.13855284633806081 0.055848415923038151 -0.32968645387090711 0.284101984147695 -0.076746544610296633 0.27970980828381808 0.10749971762551207 0.46379014560385512 -0.097106942360859594 -0.14333180366235632
0.23965968376365615 0.32098185805456669 -0.034197441320717586 0.57398233616193439 0.12922607581215231 0.2528039528955594 0.21711152601100769 0.35702498426034518 0.41210492319661862 0.23242297137510937 0.16099931442946686 0.062638163961805549
-0.44036450964632656 0.081166587575289606 0.28875919009005546 -0.22911024125761534 -0.082162047714662595 0.42448628045876735 0.2261014367395725 -0.022933102975683829 0.50605101293119326 0.12207522268815217 -0.37388338527656584 -0.11938151630656316
0.34092155900831311 0.31129735835054223 0.49147046285524015 0.10287834893984148 -0.061064690562671879 0.45351770016253817 0.26732745529022278 -0.04447980995065251 -0.29657076965480311 0.21716140138954665 -0.27040493463030896 -0.20894383879076919
-0.071795788863032853 -0.45271698556935885 -0.075973835070791015 -0.11293509237281517 -0.12229863897901624 -0.50888339492795465 -0.075649798541979549 0.3862797312210115 0.33421291172450313 0.39036713127211065 -0.20528772727171604 0.19048445858755589
0.46878873362862389 0.12066661440312716 0.059932792828056795 0.21600370275468517 0.19631340404051206 -0.1530208501659725 -0.47773296548754618 0.27442880886735604 0.10919248868509258 0.50199295106721409 0.29326235555190266 0.003182734644445755
-0.13775405445007222 0.14709515781740376 0.11554406776137134 -0.43002331695119544 0.2692488843103697 -0.25964627832901233 -0.40299262512311762 -0.29536181891967572 -0.16890664893186866 0.37774313761244727 0.035614559202315293 -0.44617912085526301
0.35517250462628924 0.33644450799506498 0.50800583063641869 0.13281120376880962 0.11073067526312208 -0.38758454284152649 -0.23826142044994322 0.027824386763457911 -0.30675244297645399 0.22004260255169644 -0.27782803807137729 -0.21264725950386243
-0.38521768816703356 0.23334384107981099 -0.26322010352965208 -0.42564866150831249 0.0016734327738034322 -0.0068683376305549108 0.47994550345518955 0.10731101753898355 0.42463193885886819 -0.15968460436453402 0.13129445062757999 -0.28589049347700718
0.16760068453603713 0.22018295235749319 -0.34703740760538482 0.18862989063833629 0.332485524085054 0.35648870125430382 0.49219059359209971 0.057468745140663441 -0.20482102999913143 0.45197804937252517 -0.17204818460577789 0.091606964294054752
-0.22043172819752074 -0.27602412814539634 0.32553563545424219 -0.20722839849679278 0.33667325380067659 0.37658665256177964 0.45843756230618454 0.082581662870123126 0.1933784516659354 -0.42730854776371729 0.16611757669893412 -0.081052382162739953
0.024102689167281088 0.067583989492763577 0.30140867596821164 0.36569719770792852 0.336688587670958 0.39397783577553191 0.49227967339244116 0.066650217918097499 -0.20177438537940015 0.092970236754999686 0.42672056441325451 -0.15317884395042536
0.04397889233219561 0.39198362881781323 -0.19151713025812717 -0.24504710823300782 -0.026015202171859281 -0.64042556386585192 0.064669235774760206 -0.24200068718985093 -0.50746787362468715 0.094219548546741097 0.015186979416986005 -0.086533511693853801
0.17582444409587386 0.23761333765843326 -0.32867830190551595 0.22387059228657635 0.50509000813235572 -0.45886174380569766 0.0074200531785686089 0.12763362198136255 -0.24213159218069924 -0.12260088907728818 -0.23242770139790259 -0.38050159156900093
-0.50994877879870359 -0.47672798732365229 0.15687977516589158 0.060935762889737857 0.27735392780322143 -0.29430879491499462 0.022008843049270393 -0.25958473292033585 0.099909349588946469 0.46254630709579164 -0.096080853459656043 -0.14065650548175299
0.29594169181551933 0.23908737914708042 0.19339453999010842 -0.23629819069459512 0.53388858574842102 -0.45092766843941262 -0.021324182664777102 0.14545770923884863 -0.20802017178099119 0.090585485720312997 0.41927017355605534 -0.15737346196145174
-0.038968936891777675 -0.089201751400888096 -0.32123993917076599 -0.39242480211277869 -0.46385303181174603 0.39917628842759978 0.0075970276352066391 -0.11914477538290048 -0.40400123192840914 -0.26142760848809954 -0.0071452086849010396 0.33610290848563501
0.50923407474384086 0.50020547633305978 -0.12810203326160824 -0.062511390800316327 -0.30952365257524223 -0.36299442024200246 0.03224322371670886 0.007595172653745718 0.019737237585702262 0.13991452941298307 0.44531583518745271 0.15237569934195924
-0.38023030324522228 -0.48811316542538469 0.67506861540783714 -0.39747985297504296 -0.0045646891135234314 0.010911006746192442 -0.052332397566287721 0.021335307326992958 -0.003884597902714261 0.0084138591015080217 0.0065521415303925858 -9.9446314737070563e-05
0.41418774708167622 -0.25847889364892673 0.27849569719546025 0.43434927265952938 -0.29928819750188684 0.2995483692340849 -0.03675892438548696 0.25100682531564511 0.020708170555771906 0.14595274505591715 0.45420871755950376 0.15402318303835377
-0.019524219635946045 -0.067823977662878732 -0.30094476631798395 -0.36660286904534789 -0.33852674812439276 -0.39470786446227785 -0.48991560107015697 -0.066167358158837619 0.20211425113563428 -0.090814860130241343 -0.42665824399926128 0.15533337538435971
0.38025154848798853 0.48812058790553797 -0.6750834025397402 0.39748811572951975 0.0045818540410366634 -0.01064186367422772 0.052126619010625132 -0.021169808469863532 0.0033907083509684397 -0.0071375341673685149 -0.0070729367867738008 0.00077033983203760709
0.15226054313636381 -0.56112814264751265 0.30804545301503783 -0.11303672006259108 0.0852099478145735 -0.42115886089902588 -0.27503409512368998 0.031714093197231265 -0.11880231938758933 -0.23711915397657174 -0.33001494908265788 0.33726580604384088
0.37860722550991188 -0.2389285407797711 0.2593796837722695 0.42228043505492319 0.0011426921724449206 -0.0035464544065030067 -0.47488692048092185 -0.10841779358653919 0.43091339682215568 -0.16452580568298714 0.1313430783412515 -0.29441322353058874
-0.32853793746560978 -0.25904924821249414 -0.20257616044108528 0.24375229706202076 0.27793939006086726 0.32919910869196567 0.43154111198084033 0.060877612331221138 -0.4101093310291864 -0.25381852695883994 -0.0018045682309317933 0.34107343832268222
-0.375206983244254 0.32296976179180148 0.016271627153312034 -0.074056746643302099 0.3385090825455323 0.38357479896701246 0.48401697452022413 0.08306356504393711 -0.22466751328834431 -0.11446015582251617 -0.21996176478149521 -0.36648502769621016
0.31495558828211373 -0.37666547708465653 -0.035565848908061158 0.048580724134064106 0.34176937646620115 0.36364653458739843 0.48598539386752104 0.056804346221496126 0.23132901415188251 0.11312801960034848 0.22812434934157222 0.38535133766094476
-0.052806096184646732 -0.025698092429292631 -0.0001149613328769736 -0.025018829597827891 0.43191142395870863 0.26268540532792711 0.60468116217838686 -0.61210921880906388 -0.0029810028787629356 0.00064997505787708519 0.0054445892304123599 0.0042559182639677921
-0.23746433023581745 0.13780868300688681 -0.38382285195544574 0.019300634203944626 -0.13734357042975717 -0.54901609758053871 -0.055724860182158623 0.4275995738831273 0.26570282675078605 -0.21212088911449667 -0.25308260646854669 -0.30175206011288314
0.16307952765723902 0.038383502245056433 0.024366429751496346 0.07631445193173661 0.019085797027835048 -0.0091631254145589664 -0.035357591069885556 0.019389784925763778 -0.57637964297941791 -0.54943323167529967 -0.055041080512019724 -0.57124417980979103
0.18745224075939873 0.24038940801682929 -0.32980024915532491 0.21563203074427964 0.48687823059630064 -0.44456388926274043 0.00094987622565902684 0.1235381447798536 0.25225693654405695 0.12158336262602348 0.23653861590624162 0.409258575303448
-0.31435828764755969 0.43453332180479021 0.34937094048467898 0.29559658071371564 0.00047447650191577271 0.034021655226093399 0.49181780380590828 0.095957185348429147 -0.10281087879997539 -0.45588799969541016 0.10296500089996873 0.1471947636800639
0.45413022426755406 0.42265332460423 -0.13639903237156081 -0.049741676298248126 -0.27556854145718618 0.29576046351043805 -0.028562771998683921 0.25827601364566721 -0.1289892988936458 -0.54949262122139464 0.12566113049119462 0.16954430838863499
-0.18049753234074215 -0.24093470463887467 0.33071608081646969 -0.21919047494438948 -0.51530075678387544 0.47151681083240915 -0.0023587568144646841 -0.13323982174181351 -0.22658252827037287 -0.10680983233806778 -0.21519566099600898 -0.37050637905228839
-0.17572806104145622 -0.23970065410824562 0.32836856977625761 -0.22123735184627386 -0.50615912405000796 0.46031659923157525 -0.0064060669412125083 -0.12631235288789827 0.23689414559822466 0.12046767929181848 0.23245662773172077 0.38228222714616655
0.18715322263211404 -0.23502879051842371 0.1003034652898086 -0.41174574951623638 -0.19470611160118576 0.1758986671518214 0.5383434674173162 -0.31737997090492065 -0.50274499985990095 0.10095219505884713 0.024439283488915789 -0.084876890259359947
-0.27191445497831751 -0.20710073535751547 -0.17923331471566262 0.26762519792836797 -0.36370707344435643 -0.38870260107467425 -0.48504325039361962 -0.069930053369756939 0.34651471796643635 0.22770663475030462 0.0065974541255051583 -0.28970327020603842
0.36789098620787702 -0.33216256878439798 -0.014333879441965864 0.074903721663457296 -0.33466658281880557 -0.37417204558613865 -0.466742578045032 -0.085185390853574725 -0.24072520741626649 -0.11271544329811153 -0.22592485343701235 -0.38691234171823907
0.37093939580419566 -0.32181967523872151 -0.015698563102852239 0.070752964421621448 -0.33265687897748869 -0.38688311278230908 -0.4752515973490547 -0.083499376301661987 0.22841585261714184 0.11161413716295379 0.22442279360586648 0.38132815011174553
-0.00091844872160798949 0.027861361172239935 0.020027497172690242 -0.0052065815575225594 -0.24962595464509743 -0.48763301072626503 -0.36845537076052504 -0.75026225609532682 -0.0057259408840502242 0.0027121523088310933 -0.0010629759311719933 -0.0012394507294997592
-0.36405615371303074 0.33527989786024021 0.021365566880251999 -0.072339517680831522 0.30237436391108657 0.33840016827812552 0.41972609247091319 0.077426043848175752 0.27669289658137791 0.13430747099394766 0.2622625765564523 0.44482826361923111
0.019962288891365604 0.058868391292895852 0.31369715496437084 0.35919159013934815 0.2995728010131658 0.34494750828472404 0.42512355464309803 0.050615245645031212 0.24409751037981145 -0.11493405323570671 -0.5135801754966659 0.20032199543841925
-0.070843623275989309 -0.11227710458970638 -0.32722223286623753 -0.38379252196664476 0.3380437124701221 0.35729679863549113 0.47832269205762684 0.077898592112025433 -0.19478487376243458 0.092847160999017617 0.4265453199025554 -0.15068493188622326
-0.090810597432869844 0.21584367856896397 0.43971225556703397 -0.068330907749332662 0.19312513352297131 -0.11659045561231041 0.34766429875394639 0.43917546137142366 -0.59782509251813143 0.11815047112557714 0.025523530096590211 -0.10250333394031148
-0.0099558876140557334 -0.0075139044365805209 -0.023406772369353474 0.037953821243036631 0.84662954110799638 -0.10517506331493023 -0.51803795640546668 0.040042074297398672 -0.0046173457576045036 -0.0028642473599143903 0.00021239167149176143 -0.0040518250705582392
-0.31828146363121784 -0.24080136473962963 -0.17713381205077638 0.27931253517271021 0.4819241187382009 -0.47561660840914938 -0.024060415609531993 0.13723116287942119 0.19260591991846726 -0.089288491421294205 -0.42680090026871209 0.16191954586518439
-0.31196165190388359 -0.23333868497567548 -0.18381719674060862 0.27525843786717991 0.48291442865589046 -0.47299623390765388 -0.02459452003324604 0.14698638285039745 -0.21142129594896183 0.10090641279145661 0.42603934022523005 -0.15213401527554921
0.035159957833222788 -0.58600737003085723 -0.19459171437285885 0.32028057630958706 0.065134904478636402 -0.42968718540859513 0.23804937551544689 0.10913051438662502 -0.092182401173543385 -0.070038855221380966 0.14956809435307666 0.47083893016219119
0.012734604228559938 -0.0026333460131008697 -0.037985973597105357 -0.0022987420998593204 -0.17840646041363725 0.82459803999525183 -0.47651428596712825 -0.24371929221236369 0.0092126099546789245 -0.0021624218583278197 0.0032096526614720411 -0.005203461279456905
0.31303813867657371 0.22746200994169707 0.18307622280922145 -0.27781844950431017 -0.45905100270387811 0.4550415866833365 0.026563013208719951 -0.13986996414514016 0.22952945870580913 -0.10675272143244602 -0.45914396768673038 0.16314164176744309
0.31674210416991339 0.24072642563647378 0.17982227001307277 -0.27601311600796841 -0.48552406430814471 0.47721302616508554 0.024054177965226093 -0.1391993004655612 -0.19375357996953554 0.088105969733211068 0.42398226315919907 -0.15722890709523105
0.010139542011489953 0.0068513972890594087 0.023092621757278546 -0.03718425762262375 -0.84665439629574213 0.10518673509085036 0.51807906189473341 -0.040061936481936775 0.0034536955664241854 0.0024529364884375788 -0.0011162612169225048 0.0040410103239404633
0.32626774349481696 0.26548487834958717 0.19539827419892852 -0.24836403186998005 -0.28440673099728486 -0.32713397073834133 -0.4380928336401344 -0.063364583262210714 -0.40669860062003926 -0.25817604387223941 -0.016976651654796192 0.32712521793988031
0.12287138134037762 0.47526059539112825 0.11500250003811918 0.13772353778777677 -0.11033344413183446 -0.52556047293657049 -0.051034929696367644 0.42487729869993646 0.29029525304771453 0.33133730546958945 -0.18278924916597428 0.16690244481331334
-0.013337280798991408 -0.05301100354451499 -0.30778243259395383 -0.36225168061721752 -0.34209543293289002 -0.39322457167767 -0.49411053959419204 -0.059034548288077089 -0.19075772051129272 0.093839149234509672 0.42672035986870921 -0.1564798162581072
0.40925811072524515 0.02119975140472662 -0.22330252483521174 -0.17876818886198045 -0.09674733547522886 -0.48057626951885107 -0.044525657009964588 0.36021674339196524 0.16747501425337197 -0.38813077925494505 -0.042445287010372264 0.44462238777113228
-0.50547228385771215 0.27286876204340133 -0.8174301208576098 0.017167214514568038 -0.025413673105316826 -0.02687659675139209 0.0076701176060712736 0.010559143847098402 0.0010302642627518575 0.0020944748637423691 -0.003027285348162728 0.00074029088463901883
0.1454158151092203 -0.13089830206533298 -0.12138865285439174 0.43387933762590136 -0.2871369346811693 0.2693819457581631 0.43142411454197127 0.31293927171159308 -0.15209050670379765 0.35746068661461788 0.032620088813792469 -0.40949682456296171
-0.34728025171271282 -0.31327567773197923 -0.48605908354411176 -0.11085403203727197 0.18772581809275871 0.098065449299638091 -0.19998651681155569 -0.38719612978123519 -0.11651750479914828 -0.23860187447886169 -0.33186441726915761 0.34248837581660618
0.2786068145869936 -0.25435187686065602 -0.23765862910677446 0.89344719439681664 -0.020693735954628405 -0.0050081618739035378 0.038775984710576639 -0.031278366525715362 0.00019327587975069696 -0.00062597993121075036 0.00150248520501732 0.0039925148162203118
-0.37586325341544502 0.28101185985162019 -0.26914411353990414 -0.44076967049373811 -0.33813434152665617 -0.37836760339086994 -0.0083192379355048196 0.036371173211338467 0.10605267306093677 0.45863591283015037 -0.10764275758011625 -0.14481958306103335
0.51606533555394418 0.47955230616387262 -0.15752849595076682 -0.060158761287439154 -0.27248244084733197 0.29435770235051251 -0.019863552852234543 0.2565684423663161 0.11383434966643478 0.44882794412722171 -0.11057681532500259 -0.14671323376609396
0.3820099611565036 -0.27856040948603733 0.26886529971912804 0.44175531336664831 0.34177829633003087 0.3773349789222174 0.011966208577398741 -0.037477666911067298 0.10733601854460206 0.45410805965400741 -0.099902857120363994 -0.1434524107765564
-0.38259390330783766 0.27834239737132355 -0.26897681162979398 -0.44265893067419093 -0.34173959586132835 -0.37741667396247247 -0.011969551365916648 0.037381794980759199 -0.10720904347974787 -0.4529872553930005 0.098537126053567639 0.14380958658463111
0.027273473257965496 -0.014546815663997821 0.17642540211418284 -0.15104944785882288 0.0072603316262467221 0.000536849155348731 -0.0036114119243368099 0.00030196676149640605 0.22005993998677695 -0.90011354532842824 -0.19724315180174093 -0.21794706443342279
-0.51619993737031011 -0.48046341064008657 0.15706139474654704 0.059089080452791098 0.27281315528467392 -0.29345381139839305 0.01805947302018952 -0.25753652000016902 -0.11403419145976537 -0.4475139923770674 0.10958081003528665 0.14852221922384173
0.37626567409165007 -0.28110848802504118 0.26934778939245813 0.44105862465574786 0.33752292428491848 0.37894293717261629 0.0090914996388264408 -0.036600240124597713 -0.1059819982460822 -0.45800273269961722 0.10727116031165322 0.14447741168063727
-0.27862070075809342 0.25433445776451413 0.23765497806582997 -0.89346551754113068 0.020744749236896627 0.0053410025941182182 -0.038486451085058694 0.031056094540706791 0.00051578401358345818 0.0015941256552017599 -0.0024547123612157704 -0.0032522808617000284
0.60711868418906756 0.46957182899772343 0.37997725922472847 -0.51314565512395416 0.050472864818975817 0.022152728422474087 0.0058460822247087827 -0.00036203637609061496 0.0033140837720944498 -0.0083021478764977053 -0.0063084423185566629 -0.00396904992799328
-0.19567266996951288 -0.24093662567836494 0.34362983074970688 -0.1870664440101831 0.50588553776170342 -0.45621744727271063 -0.051628843941518565 0.15252775530589244 0.22378563714197 0.12268882840629698 0.2258889365957954 0.38005693220495768
0.5054726103886088 -0.27288671160491884 0.81739555770104932 -0.017153863929433234 0.025675924066452173 0.027484736245496029 -0.0079809092622261935 -0.010519466458313899 -0.001311424583409126 -0.0018720642950230753 0.0022193050211720016 -0.0011671824839846968
-0.60711991147992028 -0.4696003241780235 -0.3800294807456911 0.51314212121065539 -0.050411729181684767 -0.020992449956198218 -0.0062739178071364058 0.00010626877887542125 -0.0026470337672843845 0.0082803518558766907 0.0053029907935114359 0.0043144364829591818
-0.32770888258799147 -0.23333297847250586 -0.1830646520947618 0.24691876115249536 0.053365710659943846 -0.10513419542344558 0.10423717306658979 -0.60222682446564602 -0.27794201914046107 -0.13033405456068289 -0.25348120533208096 -0.44468638416219308
-0.32588073008949836 -0.22638847910607754 -0.17599333705776268 0.24627718012261893 0.057808381613681251 -0.11229654263672303 0.099819979622080876 -0.60150347446329711 0.26455846509868725 0.14090889143898397 0.2693618903453821 0.44810578710612181
-0.015262409902422587 0.0035237006359689314 0.0055011911651048889 -0.033065427537585214 -0.42134587702714887 0.35256800329522775 0.13888478264327958 -0.82306694968554694 0.0032112160792077266 0.0029928628329503105 0.0057455421297096746 0.0037476438477093053
-0.10244835157146043 0.0080765489003585093 -0.52869202548959759 0.47363685425511798 0.18888891003225491 -0.19297667499905102 -0.045246499446836862 0.40050965653839865 0.10497514191262335 0.45527046728146109 -0.10709795807682791 -0.14302719164945851
-0.049088972559142942 0.58849621819726528 0.23376101801395138 -0.31766794178886909 0.11320610167163819 -0.3945238815582896 0.23905447183879411 0.13464474474898311 0.085562892972483928 0.070381874590895663 -0.15290240949626974 -0.46509204791378955
-0.087075749268841415 0.15383525578191798 0.10706807577550626 0.10039752099342593 0.00022962714043057655 0.010613074041607811 0.0026558981517567667 0.0065797191456301064 -0.13747040303483007 0.75545803322309046 0.4508652262502964 -0.39262176762634177
0.093282586027677097 0.0026276504440974594 0.42720156803758019 -0.38218601174898709 -0.18533908640003172 0.19031631022099155 0.051718889348429019 -0.40450949078107079 0.13486305247669628 0.59225883389134304 -0.1286661121964604 -0.20084059122155423
-0.10898805931847175 0.0049431603640836264 -0.52858079017163462 0.47269284888307411 0.18515685977515647 -0.19242715771813043 -0.048567737873913081 0.40188986187667575 -0.10751153472465308 -0.45550896971633692 0.098243392535313306 0.14620708330818807
0.16879741761425479 -0.24944363530183891 0.084323688858151613 -0.37644038991769363 0.64720725268259405 0.073563122415987892 0.032803446680620026 -0.2851971402550722 -0.096415891220359859 -0.43020145477100236 -0.24362445382223236 -0.0065594858568599557
-0.031953279928839416 0.58978837192339995 0.19378789846346731 -0.32181847218200782 -0.065787050028251637 0.43178972054250192 -0.24622531138664591 -0.10657056725576956 -0.08021638885629398 -0.078827880076606197 0.14422909887736765 0.46238810586512025
0.10250412726959729 -0.0081650143657088017 0.5290658975614545 -0.47397490806115444 -0.18849970903325922 0.19282067043041246 0.045371080873848973 -0.40075751415782973 -0.10503845347209037 -0.45448108979439711 0.10687515015609847 0.14310063663428399
0.00093285255106333469 -0.029319097354593541 -0.020525053334427817 0.0057337921278552261 0.24951227450626959 0.48755734375798843 0.36849258760727532 0.75026087574875144 0.0054965790144204168 -0.0017213114541047329 -0.0010469765509180881 0.0020945867313239262
0.32453162827572368 0.22351533600951179 0.17896484005341701 -0.23637366371533014 -0.065874483851421251 0.12299749195558368 -0.11356146412878726 0.67463925778607015 -0.22846378982989463 -0.12055119560033417 -0.23279608719113873 -0.38522034834212532
0.32870670238370875 0.23289349149019378 0.18647874637026182 -0.243078705177039 -0.0529340376268711 0.11044871312501313 -0.10199025849836199 0.6072864901928634 0.27969574320117763 0.12834861367200012 0.2546738862029474 0.43599226758199022
-0.034992659356707437 0.58441472103169834 0.19430885522757005 -0.31964717924211683 -0.065252915484666302 0.42936126364140975 -0.23833268879920452 -0.10944650436145609 0.092510555297620714 0.070759225228968187 -0.15088085326954367 -0.47284727869923887
-0.16049688800145456 0.57015073014705486 -0.3082197059704827 0.12870157230213392 0.22012466788568977 0.12590508420064872 -0.17646529993643145 -0.39534508560663151 0.32091577944891148 -0.23854683496800821 0.28153752166817325 0.21611526433622361
0.16439424527526963 0.23943994404373911 -0.32727191792892391 0.18217313477083302 0.084994522509321088 -0.1078980715226116 0.13588307647721604 -0.63701946388455744 0.22730558568241793 -0.11345080115873596 -0.48589386237084209 0.17774491955718014
0.16268198922199187 0.25729876509411082 -0.32826303128533246 0.1887004515727608 0.077377840173131415 -0.10443277483147644 0.13269624166148503 -0.60711982903140649 -0.23894819539839784 0.10639557325486135 0.50827487701468743 -0.18469302929909717
0.065074667306277131 -0.23256400208321626 -0.42028511231264648 0.041805543670399146 -0.22060014660664146 0.15700961461401275 0.56837300410707914 -0.33055420972793281 0.058274960997506085 -0.11186999896804108 0.19478493732974866 -0.45145271381085172
-0.27904366232996813 0.46040455410865372 0.32791737640292468 0.32505899730408155 -0.0012250648849239866 0.017705313006373378 -0.48863344168013939 -0.08002581525749089 0.10937424636472699 0.45435732459007599 -0.10557169678833891 -0.14811713582997649
-0.13455891721703089 -0.13143256430702308 -0.011695963107866844 0.0016835825569607975 -0.0046002184510656203 -0.012892397552730521 -0.002718453566649329 0.0056054336128862174 0.70990378576832958 0.34237847480053413 0.47584571072984372 -0.34152308349310706
0.071645023512139236 -0.57117520582655279 -0.21558471963731954 0.33429472004187538 -0.2419667691486414 -0.14839127424369414 -0.30033699825556132 0.29299703258153015 -0.28268589424921686 0.36926932799480705 0.18676182749181472 -0.051259640908049353
0.28468112683867774 -0.457489805007672 -0.32795672370034784 -0.32290306906848548 0.0053518850827963416 -0.018690342640267803 0.49146413253591442 0.078068133146304453 0.10399784784293056 0.45751486583439155 -0.10088939182555524 -0.13969272328671406
-0.28502402170649188 0.45745081170438795 0.32838767976106631 0.32359060577516391 -0.0047356771656121982 0.019502789248943976 -0.49148987092754404 -0.078161291411449757 -0.10461536222673834 -0.45626929038591929 0.10133026257482915 0.13958003422298224
0.30705817794704715 -0.4373324871643321 -0.34900993886713927 -0.29707676204381667 -0.0035565237349810164 -0.034462837932241815 -0.49451884490456516 -0.094734537051937254 -0.11069631035168184 -0.45510326527358541 0.10271278335262267 0.14052260837390712
-0.11797052831142207 -0.10463973739538986 -0.16425141997237602 -0.038292725433902962 -0.011368649880327923 -0.0094642122821262144 -0.0037804159165338662 0.0054436687274995992 -0.21723802524999783 -0.75267469160789313 0.57540877479624275 -0.040237623210638208
0.27895015566583575 -0.46092282731397333 -0.3282930226398898 -0.32531776651102556 0.0019716696011151296 -0.017800539567550479 0.48868366572015365 0.079503939027724485 -0.10856871561423007 -0.45371535189300721 0.10505196041146543 0.14830694825532548
-0.067969559099941679 0.22963487688273873 0.42222941971734967 -0.045994250387440684 0.20107459598150015 -0.14133321975409602 -0.5162389440004056 0.29970328418782971 -0.07294144829086241 0.12922434613015177 -0.22681281278091403 0.52159427896337673
-0.16190277181685733 -0.25200405343321419 0.3267005516001199 -0.18260898398922529 -0.080062274175186757 0.11014939417324544 -0.13588307722248286 0.62454595608979724 0.23082538001409092 -0.10406357835540321 -0.49774092648954238 0.1768666872364443
-0.16000064255217156 -0.24020719852363781 0.32657920407018892 -0.18053259255041507 -0.093988517901285332 0.11875253460534331 -0.14372232737384141 0.69494189018365837 -0.19927251222834411 0.09737969078643377 0.42135817265701081 -0.15550855472818984
0.20049754821408805 -0.24202964790681281 0.1029394497729819 -0.37701649786034164 0.21964488681832076 -0.16871786804072092 0.40165991598999501 0.48491448925090697 0.059710705441920552 -0.11461840588122946 0.19631879621841039 -0.46910366696054911
-0.12009896937203512 0.1441443153036642 0.13983693702922206 -0.43283496465326904 -0.10211537963617269 -0.48947124513150114 -0.075161630710264743 0.40001685471733334 0.33623039529566989 0.0044640532011765641 0.46917969164445034 -0.095002018064137828
0.49979061447663276 0.4729475351333518 -0.14978299895918284 -0.039831548942012095 0.23750799718760376 -0.17360436635447074 -0.039788879951376858 0.39947652942633249 0.38682010505339542 -0.15271356745665238 0.11149561753227788 -0.26346307950180126
-0.50283445464267706 -0.47932126430539779 0.14862978281600817 0.040087468913440796 -0.2362082673083252 0.16647957827812027 0.042279836634868964 -0.40072585656459275 0.3829948929420347 -0.13638567732707252 0.12958765068923228 -0.25642372522935114
0.31764934350098362 -0.24178153050123335 0.26091959846753526 0.36441365499826778 0.0043835675862587426 0.011672294814144271 0.50302943828525337 0.072569936892640852 0.47567864772491947 -0.17513416276916979 0.16617482376448572 -0.31104267342537406
-0.17327064120463181 0.58814799781306615 -0.3150456756322505 0.13968791743079595 0.42550966502141424 -0.040188043453503366 0.2511680458543748 0.11310105588468276 -0.38576638761172283 -0.094198216701873422 0.28346669305568811 0.093271430126015131
0.19697733525589764 0.92629351308866104 0.19106632705389129 0.25247392096565974 0.026762551016339921 0.032698207036258101 0.030752496684831584 -0.0030906362117257766 0.0065853287283747742 -0.0082574474568082191 -0.0088381390360662733 -0.00070373595757259699
-0.38750126722941081 0.005080325060429559 0.26505483256556983 0.16399877083312289 -0.55694554693048892 -0.18440327147761273 0.062608700135710113 -0.38646395162484354 0.29161374125579831 0.33724578998387139 -0.16912009496328984 0.16680902135311015
0.034302040110850286 0.087600104009681629 0.3177327599144591 0.3914857821784164 0.50772872242967237 -0.44306179285823527 -0.016112357791450892 0.13658295481316096 -0.36091477993043525 -0.22320009241543046 -0.016818632089328833 0.28907961178412223
-0.077910051970858887 -0.12708612695261945 -0.32104781748431649 -0.38271808428303428 0.34197894672493673 0.35308117254963439 0.47726984881864304 0.073384610558007185 0.20341990910981533 -0.093756652624908052 -0.42173064386808778 0.15943612391191223
0.39174732428522646 -1.6111099066896979e-06 -0.25792284665211901 -0.16511229253911977 0.506980631529239 0.16274647621093488 -0.055501764773945278 0.34411649577876924 0.3452571972869547 0.3832201507557465 -0.21469514676253793 0.18862969768326779
-0.50931834957318722 -0.5002221845509921 0.12831842696316118 0.06194150764547101 0.30965685363788792 0.36290876497411534 -0.032161194310760283 -0.0074447667463176303 -0.020479528186177223 -0.13955219346272435 -0.44607072494242883 -0.15005663166410924
0.68875656961824872 -0.71106470446120951 -0.048773981902663702 0.12782569367957988 0.0030010948997049231 -0.015025425338742468 0.013305088156696726 -0.028991287201187172 -0.0038068880007695446 -0.00024998012233984693 0.0031888279298023189 0.0024598801524070993
-0.36614364176557429 0.27305954316761533 -0.29365555271688437 -0.41379021224734941 -0.006874842004011417 -0.015251252069903735 -0.50817371812344614 -0.068106458779007256 -0.4002667065867726 0.15141837140227241 -0.12903363838976975 0.26640547102007228
0.49158566535711595 0.46863038258805845 -0.14576787734576666 -0.038678066425196944 0.23539086194286898 -0.16655414762738904 -0.042717797007859049 0.40111973191134126 -0.39993361865187377 0.14282899760331566 -0.13489728779592711 0.26752483924958798
-0.48424493037111144 -0.45769039018029051 0.14523776486237314 0.038596228316342088 -0.23659196623077558 0.17405111476162591 0.040262332493417152 -0.3991443524907427 -0.41031230680930891 0.16115207516514504 -0.11805866280954047 0.27923436406120611
0.39012873117191771 -0.23632852922157721 0.26568685147793014 0.43213599419689858 -0.0016165002991299141 0.0069557025284665243 -0.48013357037482052 -0.1081002742782196 -0.41773165119903038 0.15450946245329653 -0.12945268633313281 0.27788768394917768
-0.095232334442439961 0.0058250078781345522 -0.53753417779153667 0.45294852157719978 -0.32408605840372456 0.26862358788125967 -0.025655082133412065 0.25901968762697319 0.38776213221622391 -0.14314133278672322 0.11982965721141701 -0.25815435334528269
0.50816967716571193 0.49274011815500418 -0.15809762506871206 -0.042372021063187874 0.02306135887129597 -0.0017397965585783915 -0.46343645078125173 -0.097432862694275285 -0.29695755005333491 -0.022300789458047893 0.13398287916078147 -0.37516213093223821
-0.057623734203962662 -0.082041179903904166 0.0033674385907178916 -0.15901277361171198 0.0010686146608245818 -0.0051366010242888073 -0.01327916669991426 0.0086581037086526074 0.21600692639663907 0.58845077671225032 0.59819634101924735 0.46217026227698305
0.079716638637195941 -0.011175837190318406 0.45787846657434683 -0.3760959524134716 0.32586917738714855 -0.27810323858832714 0.025926303204066622 -0.26080674792434083 0.48508913894276162 -0.17733990720322182 0.14543110607479476 -0.31981856660769808
-0.18208223813385302 0.23570515762785646 -0.078239472620527092 0.37945638905945245 -0.6053032857915307 -0.066961715566372038 -0.027096663147479539 0.26190794131048017 -0.099031373260419581 -0.48132063227306932 -0.28190921582065065 -0.0050062987100727152
0.04626810108284541 0.089057370698825383 0.34275092309552224 0.35424919615297351 -0.33531248998345098 -0.34007201660477482 0.50615588001638334 0.09582372732606248 -0.23463465152739782 -0.11242845453849031 -0.22110512881150282 -0.37002283740889808
0.049547995401325234 0.1002074404058827 0.33842382646597358 0.35807284517913873 -0.29138086834942817 -0.30185286640985926 0.43556115903496134 0.081521936402757109 0.27276079995334462 0.13801188644173118 0.26846872602513344 0.4548165694495484
0.33567782641020605 0.32541697855608259 0.52505818548676386 0.10174254309112214 -0.093311685024837304 -0.20919199993601739 0.32271169112693843 -0.29859071752483501 0.38798598603642875 0.083617697014642792 -0.28952563596870612 -0.090932885269643382
-0.31795691582210606 -0.31638509964023498 -0.49567222140357853 -0.094369641292110035 0.098533482723424395 0.20537275550673983 -0.31739962971145813 0.29286081655280666 0.42747662609753706 0.10370344170932329 -0.3182299068401685 -0.10511682126659089
-0.044969890612662405 -0.098538546279076489 -0.34254418573922835 -0.35578518437961321 0.29464214136340189 0.30341584975443836 -0.44010885146107115 -0.083430001538822948 -0.26953533998131141 -0.14197650550413426 -0.26117808798077768 -0.45143780339248724
-0.04520955616604809 -0.090986016912021059 -0.33894876830571657 -0.35809257387874682 0.33153850666679663 0.33087373037599599 -0.49708042810688052 -0.092472840027627706 0.24703505931542305 0.10711819343563823 0.22686965426415884 0.38412918247301459
0.17774616751032424 -0.23125654553702527 0.082566147836492854 -0.3821188004106168 0.64103341232502931 0.073945433804666033 0.026632323271452429 -0.28133963477321128 0.085573603315654181 0.4385176649303324 0.25728760625245356 0.0049227715347069864
-0.088942530708061282 0.012201224442120143 -0.52238684690506287 0.44026898010353011 -0.328456306691572 0.27973570371966222 -0.028900761799698499 0.26059480457187589 -0.39713999369531827 0.1511892269111689 -0.12652915334754106 0.2715641076724295
0.38788506094678882 -0.25573295363614673 0.26553430113960025 0.41321530333550782 -0.29949225600199963 0.29921009764062451 -0.032720622790682947 0.24446743921391817 -0.016069710914108453 -0.16299599012156774 -0.49726164581259408 -0.16952329986985135
-0.054903648887144711 -0.069023354207960477 0.091129758422237514 -0.053614954588729911 0.057193419629229726 0.068804062819143766 0.071202880609834734 0.011235612292481585 -0.37247340962288156 0.3107975508661644 -0.65613502219257092 0.54954187132459265
0.09181251766256282 -0.0054204561987181857 0.52009593248731989 -0.43864249651680648 0.32316192233873908 -0.26917075987869232 0.025260094602901895 -0.25895212670800477 -0.4112381048287313 0.15213833988770123 -0.12688009901259137 0.27512151194165596
-0.28948411356026071 0.39385747352114236 0.29174929969694158 0.29063999721986161 0.33786814104276075 0.38697362755441433 -0.0018580666646820353 -0.0099541998842640061 0.43822926013204222 -0.16573065736114789 0.13657244537039229 -0.29885849656500002
-0.34450061352615124 0.24824758308441774 -0.27344580322080758 -0.38382582980148622 -0.002275833161229705 -0.022937440158604428 -0.50196301382934305 -0.068573129300113833 0.44418267071736933 -0.16584559232985405 0.14232166452639797 -0.30876962497030735
-0.0071608055988702374 0.027304516091832064 -0.0052850193393197539 0.0092556125232247446 -0.00087681889610536615 -0.0095074399609026417 0.014929548652975045 -0.0076164606999210059 0.25154432635787172 -0.39315954948572684 0.39703007708068772 -0.78945276284756605
0.017591911200469774 -0.59622311088752422 -0.21447173282022453 0.30822907989887444 0.19033888677117253 0.11435283194831108 0.30615717137682114 -0.31687206820587854 -0.28623521545078517 0.3710051935707801 0.19497499291996745 -0.046572025492732212
-0.68877648646632306 0.71106485002486763 0.048754259808284517 -0.12783587843243929 -0.0027417565556436987 0.015404921725229804 -0.013654284547434444 0.028126893744026694 0.0042600918295271489 0.00055907516570045241 -0.0034486417961308324 -0.0014129854694634491
0.095344741704226313 0.18383886029606428 0.62849528747836891 0.74847285395134766 0.0019608202068998309 0.037667373612804332 0.017005711535595051 -0.012829937869962541 0.0032274780079238606 -0.0017924937862585212 0.00057802777087017602 0.0020671342692449063
-0.18414537112363641 0.2441049314000269 -0.11288392312559602 0.41065467369196362 0.18805701846406847 -0.16972316983171357 -0.54173367523902416 0.32256056136225353 -0.49679265199105793 0.099341966906274309 0.015190916572161884 -0.08079979592546882
0.025813388295119328 0.032058349102006806 0.041370823417784072 -0.0085252865728968254 -0.67475979776640571 -0.73486246734535876 0.01072989609041862 0.032760536785112315 -0.00065426367259891318 0.0016485681921701544 -0.002271055026246277 0.0011781901225979803
-0.025312560436799032 -0.03281002223688459 -0.041882602770052652 0.0079893753599730756 0.67475353497369894 0.73482634814135506 -0.010694333634597984 -0.032707571899038279 0.0017681397570921309 -0.0020736916229784526 0.0026567683706648182 -0.0020150296542602807
0.34106524396875554 -0.36815329088945359 -0.046598475977283636 0.076535362117655409 0.31489704111823691 0.3325794653989117 -0.46008819634960491 -0.11321669190201898 0.22353965240358095 -0.10933083444157655 -0.46450536979716672 0.16778472208037637
0.34757649463374624 -0.34862416095549592 -0.055141038218335894 0.080710995645889808 0.33263545579189829 0.35233037021025482 -0.48899396199486195 -0.11462654994555581 -0.20720208918055841 0.097852529450536505 0.4278465366607006 -0.15968442819136144
-0.071154552300499649 -0.37554740082898624 0.23256591521876407 0.21590079182439401 -0.19190065577859003 0.16104408600477696 0.48170119403869172 -0.2840590926473347 -0.076606813102859606 -0.25879521509770459 0.48917644509806518 0.25608063807372711
-0.30085473224643433 0.42417030629484925 0.30990308793071547 0.30643114828087198 0.33526901634887729 0.39760177770767946 -0.0039645680634083384 -0.0088710106795136714 -0.39687209224881675 0.14849965444764027 -0.12648008736053304 0.2710761732999189
0.08764722067156118 0.11895511181243147 0.02514033432474307 0.011092734068002898 -0.035422522235924216 -0.070966906265223062 -0.013739029063917968 0.042720469745434815 0.36493668140722368 0.22964750257967184 -0.88496781698275628 0.0047865048892878253
-0.39350603086275282 0.24759857358496634 -0.27079715280764299 -0.43951468775540536 -0.00075119789574982349 0.0015703581360864097 0.47810217921672588 0.10816766121153203 -0.40218370663461261 0.15270468569856557 -0.12735216670471722 0.27526295610584045
0.30254992829447058 -0.41460745503452734 -0.30812983407262073 -0.30465284131878112 -0.33813340828044036 -0.38929095831354871 0.001613115617013688 0.0075124819877534464 -0.40879615597249408 0.15510353312803613 -0.12639036548312993 0.27517309386691685
0.046259560141603068 -0.59204647999406768 -0.23258440321257223 0.32020626931071772 -0.11215695405760549 0.3929004746422623 -0.22966953252403899 -0.1383568836418651 0.085625378250284226 0.078821459825474227 -0.14120468092574254 -0.4673216050164441
