-0.1997918308240966 0.24234891308521733 -0.10147338601424073 0.37921434401784737 -0.22602387947086505 0.17048750535916529 -0.40882021490161902 -0.49832872830370623 0.064389954467238608 -0.11134813348136365 0.19283990284432045 -0.44485940200197877
0.20240433549348896 0.24671880580510519 -0.34406770030384648 0.17906715616439969 -0.50920323743417473 0.45839142881792355 0.044464249340683763 -0.15253135334981707 0.22358105527895863 0.10487773699832752 0.22051092717659843 0.37874565050069392
0.1464207430334569 0.15061966989486647 -0.66888540649267225 -0.17884587912772773 -0.089222865491105391 0.3860022650688405 -0.22177322048737252 -0.12579267545957576 0.0066849857734167873 -0.24443952575630545 0.40906798209195167 -0.16547970842848445
-0.19711272006942313 0.24376839180865201 -0.10428833919031884 0.37871287838189105 -0.22536626011830657 0.17570501916931164 -0.41016751419774689 -0.49915569754853006 -0.060936490529959531 0.10569504464190309 -0.19253627451995542 0.44318520326515976
-0.32957117937322133 -0.26322689560600848 -0.20010501261057326 0.2503373472162681 0.31642038692745883 0.36126996994994443 0.48416394499730309 0.069994978481514453 0.34272871809173761 0.23254355593637555 0.030386773886641974 -0.27743273947841635
-0.37320206402355371 0.0016870241139635526 0.26042763199586694 0.19945765903613971 -0.14114796016887282 -0.53278340422187587 -0.076104643287639787 0.43754198728200472 -0.14914002447140562 0.3158066270313194 0.034866247172624959 -0.35903123331571585
0.3349749905557009 -0.3538018267930309 -0.020446457489557011 0.085445679591965557 0.51402822949119964 -0.46937033956930568 -0.013399172603958204 0.12749166733092879 -0.21505392898073536 0.42098467647235549 -0.15302672866026124 0.083882846576151152
-0.21429027586524252 -0.26724732842044702 0.32330328522563223 -0.20664085853261357 0.33886700284438659 0.38392891759620829 0.46224056615547637 0.080282896297932088 -0.2071983004853922 0.42431690611918427 -0.15261587476589267 0.08259275316120028
0.35336932892313777 -0.35764071066205311 -0.028319580610260544 0.042429901025018195 -0.51088336400998491 0.45423862241930807 0.025823819088393908 -0.15652084454127022 0.20912132888706289 -0.41989100871017282 0.15840497235825368 -0.083596875060559697
0.11651190237547986 0.47614640670158648 0.11548787420965677 0.13657871661193308 -0.11520225410184629 -0.52780145896487551 -0.049582350332864601 0.42724080747017501 -0.28051039631885105 -0.3452131776315972 0.16208179868595185 -0.16355609032547405
-0.37314531844305948 -0.34530169743741523 -0.50412909234040981 -0.11410318699880878 0.3983450539389311 -0.075816615741109067 0.22197515291707021 0.11254468568395265 -0.0075155714766354164 -0.37342254646604844 -0.044051624835013181 -0.32642914447227678
0.0026006824109891889 0.0011888616725657635 -0.004479402472560603 -0.00021461432381309235 -0.0019957282302162853 0.007086385697816929 0.0026462356377764153 -0.00086979619403515041 -0.55655248005917479 -0.0051160264841263519 -0.8205735955329736 0.12958352741875742
0.27274334866903188 -0.12774442407445061 0.42984355836190086 0.0065630578491281434 -0.11305708597163998 -0.5323620754450149 -0.067981835946085145 0.42204112635718088 0.26482271224245751 -0.18665498420114326 -0.23166535925103487 -0.29480900993980108
0.36461717797405768 0.3295832734115049 0.51454768862659928 0.11830863665570245 -0.18518905489432594 -0.096382220842028035 0.20067843633453847 0.38582232700459296 0.095048934248981073 0.21928909929787782 0.31636806802117901 -0.2995779318092035
0.1997918308240966 -0.24234891308521733 0.10147338601424073 -0.37921434401784737 0.22602387947086505 -0.17048750535916529 0.40882021490161902 0.49832872830370623 -0.064389954467238608 0.11134813348136365 -0.19283990284432045 0.44485940200197877
0.2735067448412139 -0.11869946120155174 0.42611110761919707 0.0033234496020158118 -0.11405269264490082 -0.52746325228907787 -0.069589630455899804 0.42304218115373365 -0.27714200219954116 0.19280983597605336 0.22726052953636616 0.29809260918119962
0.13438681497476127 -0.0057155284271864192 0.51564178499333202 -0.45881169023373258 -0.27903353684686866 0.30963733243111075 -0.071248654317085477 0.27967091689956391 -0.38558602401207043 0.13686529972012579 -0.12960467973881418 0.25353431554054134
0.41017199706716456 -0.45668790290423006 0.18890547759123535 -0.76562894221009214 0.024148127292693999 -0.0091735301543804659 -0.024414080466691558 0.0019199115968405707 -0.0012818312429270157 0.0069745770533185631 6.7701947361629717e-05 -0.0021963734612694091
-0.09639600305180307 0.23966125824550066 0.46181237794224722 -0.072047591925881199 -0.022572466998360005 -0.63519278815358704 0.044263405233237081 -0.24357152047353417 0.066838857370263488 0.42545519514758995 0.25232660214724845 0.019868690637927428
0.13200805219615649 -0.012951935160757794 0.52144844208795404 -0.45636918603010357 -0.27691834365181994 0.30116250997668431 -0.071982943080530257 0.27957810305163466 0.39118293346973082 -0.12783927082924804 0.12611886610154405 -0.25733983088427809
-0.27801103264302085 -0.20626126113486259 -0.17978604507415827 0.26239673894428728 -0.36798038426487117 -0.38328553896153839 -0.49035110304544882 -0.069598495809385263 -0.3465506076175649 -0.22958086247195519 -0.028334650993068158 0.2788871031687698
0.21426424866901164 -0.24463248409225258 0.06301843752869446 -0.37780755181046755 0.048186758268745723 0.65222641190818043 -0.064598540139866573 0.25347621761323463 0.068353404003009238 0.2326019160509063 -0.38159427655414918 -0.21679819731852273
-0.3349749905557009 0.3538018267930309 0.020446457489557011 -0.085445679591965557 -0.51402822949119964 0.46937033956930568 0.013399172603958204 -0.12749166733092879 0.21505392898073536 -0.42098467647235549 0.15302672866026124 -0.083882846576151152
0.21429027586524252 0.26724732842044702 -0.32330328522563223 0.20664085853261357 -0.33886700284438659 -0.38392891759620829 -0.46224056615547637 -0.080282896297932088 0.2071983004853922 -0.42431690611918427 0.15261587476589267 -0.08259275316120028
0.22024169655764353 0.27653035993359804 -0.33009262080616031 0.21030969797422108 -0.33869066239440576 -0.37756903263412456 -0.45961388109231749 -0.080534858372131646 -0.20619961406537887 0.41631564858957354 -0.15529685773404595 0.082937394058345951
0.65551473841078256 -0.12207824399989203 0.14748692609030206 -0.19116136952733212 -0.059636668738590588 0.41308839923791529 -0.22964931875968386 -0.13715292073648536 0.39653068392463769 0.24206258405770764 0.17551518963702889 0.068684180833305186
-0.17079772853006478 0.24840582991906873 -0.083640068307979529 0.37852481520053943 -0.65035119760304749 -0.074391975403952426 -0.031640393946956023 0.28501063393218773 0.074441030807553016 0.42068436402964693 0.25537717434922336 0.019714417184978142
0.33215852148245106 0.26227610257369499 0.20152753024530953 -0.24321428520373514 -0.31325271157400086 -0.36689529384161468 -0.48257570106210579 -0.070378199158231625 0.34239056185866484 0.23374020507931198 0.023348200358991947 -0.27952225984179563
0.35932074961553873 -0.34835767914890209 -0.03510891619078868 0.046098740466625716 -0.51070702356000408 0.4605985073813918 0.028450504151552813 -0.15677280661546975 -0.20427658566370807 0.42074154599858499 -0.14950776014168499 0.081933272158986561
0.31365145431672875 -0.43280842618497339 -0.35057220889327462 -0.29307906840761949 -0.0017834711911166061 -0.033321515120514657 -0.49228022107618991 -0.094774746627609471 0.094618620861325248 0.46513668881607162 -0.088756841679408435 -0.14101505238573575
0.075630628599608743 0.1160239677342014 0.32555521917158198 0.38527593623101913 -0.33842334608994656 -0.35665705627570332 -0.47814935014383197 -0.077114571191349207 0.20388622171249793 -0.08095993955924019 -0.42420163377099035 0.14837619332535873
-0.034132476304114125 -0.0895826117836096 -0.32084569833594134 -0.39042757661156857 -0.51215037766545268 0.44389774673074506 0.013535156042252219 -0.13611163562470538 0.35030120176416718 0.23484910510691215 0.028184346760218845 -0.28057456545749088
-0.037624343986355308 0.57549024461093623 0.20151367213277036 -0.31533784548284699 0.14942827896344194 0.26472145058189428 0.1814981107029984 0.38904347481450147 0.0078354349351009902 0.23669059516894023 -0.41028187306081976 0.16196288638463421
0.67223081521080985 -0.10911693510573237 0.16777039309618783 -0.1824014584520367 -0.18933710233644904 -0.13022314907662771 -0.29458218961860894 0.29149672240744939 -0.0024684649570408585 -0.23970360117814474 0.40734204283018438 -0.16381381694961719
-0.15198364773484521 -0.15179173287586745 0.67303742297033164 0.17431545867127821 0.087929166629435507 -0.39072473117578843 0.21973167573510688 0.1272634477466735 -0.0089762626924360846 -0.2351280096566406 0.40567091541809808 -0.16026538808484553
-0.098463341318260345 0.20008473245910963 0.44418805947447515 -0.067109384985711423 0.22731370299857595 -0.15064023641227497 0.4102724753985223 0.50656547592076562 0.4854820526997321 -0.078201887082216481 -0.014262546698644171 0.084596121563106655
-0.061065577473181747 -0.094075966395424981 -0.30760575726944572 -0.35820369949876163 0.50941720003229307 -0.48044577632828217 -0.029902764648455961 0.1485360589984103 -0.34559542150326256 -0.23119152543500487 -0.029069596003991324 0.27833000827988558
-0.67779371991219839 0.10794487212473142 -0.16361837661852843 0.17787103799558718 0.18804340347477919 0.12550068296967984 0.29254064486634324 -0.29002595012035159 0.00017718803802156113 -0.23986393423480132 0.40739685467986542 -0.16193127956371278
-0.41017199706716456 0.45668790290423006 -0.18890547759123535 0.76562894221009214 -0.024148127292693999 0.0091735301543804659 0.024414080466691558 -0.0019199115968405707 0.0012818312429270157 -0.0069745770533185631 -6.7701947361629717e-05 0.0021963734612694091
0.32902356986329995 -0.36308485830618192 -0.013657121909028874 0.081776840150358049 0.51385188904121881 -0.47573022453138941 -0.016025857667117109 0.12774362940512832 0.1983439855700356 -0.41964787823640232 0.15488600383967743 -0.081647300643395079
-0.35336932892313777 0.35764071066205311 0.028319580610260544 -0.042429901025018195 0.51088336400998491 -0.45423862241930807 -0.025823819088393908 0.15652084454127022 -0.20912132888706289 0.41989100871017282 -0.15840497235825368 0.083596875060559697
0.099746741333214872 -0.23156708840491519 -0.46412231105021479 0.075931045691301796 0.024744535678557104 0.63446628741785371 -0.044282955807854581 0.2441893545933698 0.076315708138140342 0.4202933860452942 0.26033426088578648 0.016077929162861396
-0.30761363723675222 0.43870020851723734 0.34677729553041153 0.30071009510773922 0.004148047442123136 0.033840928234599631 0.4952606259531474 0.094325604597143523 0.097517399206021912 0.45899270047602259 -0.090973974809005362 -0.13576411485958634
-0.058478235363951948 -0.095026759427738416 -0.30618323963470961 -0.35108063748622875 0.51258487538575104 -0.48607110021995242 -0.028314520713258795 0.14815283832169315 0.33952385844713989 0.23509223558068265 0.024665378241642597 -0.27862499104032629
-0.27274334866903188 0.12774442407445061 -0.42984355836190086 -0.0065630578491281434 0.11305708597163998 0.5323620754450149 0.067981835946085145 -0.42204112635718088 -0.26482271224245751 0.18665498420114326 0.23166535925103487 0.29480900993980108
-0.13438681497476127 0.0057155284271864192 -0.51564178499333202 0.45881169023373258 0.27903353684686866 -0.30963733243111075 0.071248654317085477 -0.27967091689956391 0.38558602401207043 -0.13686529972012579 0.12960467973881418 -0.25353431554054134
-0.20907622414879265 0.24487055273250485 -0.066075322366518863 0.38471599949918733 -0.047014811145504064 -0.65076535010203385 0.068833019712840171 -0.25472923448398704 0.060213395888218474 0.22856581848065488 -0.38524434473319052 -0.21057327458293174
-0.2735067448412139 0.11869946120155174 -0.42611110761919707 -0.0033234496020158118 0.11405269264490082 0.52746325228907787 0.069589630455899804 -0.42304218115373365 0.27714200219954116 -0.19280983597605336 -0.22726052953636616 -0.29809260918119962
0.039246623949633991 0.030729494541480641 0.0035395132349597784 -0.010082242692393873 -0.85298417444503793 0.089894007073772209 -0.46553856367602187 -0.21212058445700774 0.0033086487790636105 0.0019581060667931416 -0.00073374105774997493 -0.001292365545095176
0.11800564551555168 -0.01500169678216845 0.52777379957269044 -0.44173248191930797 0.23320939815075437 -0.15984420882849376 -0.094030839515042069 0.42198131796403154 -0.098658226963357021 -0.45743011496372293 0.086363017166283709 0.137461613159375
0.12404346259552826 -0.0091099144499046068 0.52397888620982724 -0.43410145521918825 0.23557397440176087 -0.15932479571440877 -0.091050434638084682 0.42153217593356557 0.093477793103990139 0.46669927432837122 -0.093367799322130088 -0.13931755408594709
0.28474818274632785 -0.46014353470373587 -0.36244882334472966 -0.30770706072976989 0.33659319200529181 0.34574660595123269 -0.0069398770791689072 -0.02451542120460341 -0.38775384503379895 0.13334460814103305 -0.12425998103834257 0.25312918278584789
-0.28236941996772302 0.46737994143730727 0.35664216625010775 0.30526455652614087 -0.33870838520034052 -0.33727178349680625 0.0076741658426136674 0.024608235052532689 -0.38901511244800235 0.1313599624083408 -0.13146356480201571 0.25774496363897154
0.014900864889796146 0.025285346897351804 0.018201971936191483 0.029264696432945981 0.1717510786061659 -0.84007483987692533 -0.50738824043153286 0.072143889489390822 -0.0074686945379636533 0.0022012365405636503 -0.0042527095763262128 0.0006572088720694227
-0.55422516969525815 0.094115238323563929 0.36000340647650259 -0.25933102346727127 0.42254650048720338 -0.029621059751866019 0.20055135010356681 0.13048459555658212 -0.096189762006316168 -0.2177265137855782 -0.32097902566390063 0.30127543010899216
-0.11800564551555168 0.01500169678216845 -0.52777379957269044 0.44173248191930797 -0.23320939815075437 0.15984420882849376 0.094030839515042069 -0.42198131796403154 0.098658226963357021 0.45743011496372293 -0.086363017166283709 -0.137461613159375
-0.12404346259552826 0.0091099144499046068 -0.52397888620982724 0.43410145521918825 -0.23557397440176087 0.15932479571440877 0.091050434638084682 -0.42153217593356557 -0.093477793103990139 -0.46669927432837122 0.093367799322130088 0.13931755408594709
-0.28474818274632785 0.46014353470373587 0.36244882334472966 0.30770706072976989 -0.33659319200529181 -0.34574660595123269 0.0069398770791689072 0.02451542120460341 0.38775384503379895 -0.13334460814103305 0.12425998103834257 -0.25312918278584789
0.28236941996772302 -0.46737994143730727 -0.35664216625010775 -0.30526455652614087 0.33870838520034052 0.33727178349680625 -0.0076741658426136674 -0.024608235052532689 0.38901511244800235 -0.1313599624083408 0.13146356480201571 -0.25774496363897154
-0.014900864889796146 -0.025285346897351804 -0.018201971936191483 -0.029264696432945981 -0.1717510786061659 0.84007483987692533 0.50738824043153286 -0.072143889489390822 0.0074686945379636533 -0.0022012365405636503 0.0042527095763262128 -0.0006572088720694227
-0.032214990080884347 -0.36249999511607128 0.2085574932630381 0.27523137806920145 0.19435247989954357 -0.18204325948191991 -0.57113103486534389 0.3208591536225901 -0.071945925319548049 -0.22671202504383467 0.38246032122553747 0.21307994388898061
-0.61813281158288225 0.13400950858948149 -0.16750664296638548 0.20698746754798436 -0.24274826629340632 -0.13238453483127624 -0.31115244939892461 0.31945161000282218 0.0019335225298236698 0.24173295993703897 -0.41072297548428405 0.16309967173847484
-0.33894753353794277 -0.32730608909525533 -0.52580344983345584 -0.10525001363823507 0.09255122685021562 0.20863960501300852 -0.32013387123035925 0.29640696108531661 -0.38811159942299456 -0.10448996733487403 0.27975594098742318 0.090483758010992732
0.02597917777598921 0.0013000925518413566 0.020395760848284004 -0.0023805228820400655 -0.42574216214856031 -0.24712498730032423 0.37786324589003573 0.78344392979838817 0.001137016084711549 0.00063661785293514387 -0.0011050713294766187 0.0025782066529932441
-0.51825331485311199 0.11127546358454338 0.33815797746485216 -0.24523825014681441 0.11711635805289052 0.25217894831702165 -0.33761076035443716 0.31404560979254365 -0.29725615479461265 0.22382819463605902 -0.26690614070745577 -0.21195129565545728
0.37282219603822209 -0.266473144147445 0.29854773233927889 0.44166226889026261 0.3045036488077309 -0.27725200160692437 0.065073353620686877 -0.2907904674634807 -0.013943620227794381 -0.13716587935837021 -0.44967552293404456 -0.16185674085632917
0.38364046079604336 -0.25835903877346389 0.29056773423757992 0.42005264011938842 -0.20903298505156204 0.18750707354573221 0.085813994066377797 -0.43163009624085052 -0.3031626941955271 -0.022438000087467522 0.14909567767090731 -0.37152913498849277
-0.048683322492713392 -0.087529657827443291 -0.28405519914687749 -0.39154751750680516 -0.33696660404610812 -0.37694729864893012 0.49094744601764212 0.10869804811655479 -0.21366819176805729 -0.10856388207002361 -0.21825869769865019 -0.3773780439853705
-0.52240614756874637 0.10487443993215242 0.34413570607807858 -0.2480353459030685 0.11886786659353661 0.2463603385478251 -0.34229196280730734 0.3142540571100168 0.2999831675291259 -0.21349850520377764 0.25855208599889395 0.20731418616744221
-0.00068496782849774337 -0.0088143458220299453 0.0053969000391862598 0.0029527569349690509 0.0036489542560356452 -0.0067676950436076251 -0.0023857404240895893 -0.00095822784734148048 0.97319074950397533 -0.15730561556980355 -0.02372847061870334 0.1655594587273804
0.056280221194268017 -0.2353404342317314 -0.44350068027092965 0.075213782301229909 0.6269089750128588 0.056631850913625624 0.051955978278968036 -0.29429749695205254 -0.066478726672421884 -0.23299289403525902 0.38655136309071231 0.21316170929640599
-0.48161859508532368 -0.45963677035835776 0.16882400202062292 0.052521455720312103 -0.36470906228006739 -0.37347171404381035 -0.024798243836312787 0.02753966810855495 -0.00057680048072339797 0.14491480994573544 0.45088941390291259 0.1653735629001794
0.40992188243689764 0.086944794637332568 0.06184058397481057 0.19809297958796176 0.65646601318778341 0.083260333599460667 0.064157731180584737 -0.30181357233401651 0.48395810265764094 -0.084371971122544021 -0.0093156196872098834 0.082650799452994847
-0.39849184047433694 0.26419595983119543 -0.2872919711324225 -0.45472089190772996 -0.21186582076362054 0.16499461743594396 0.054382081275133887 -0.39143882062642882 0.30700628540180785 0.02236674739536643 -0.14644848607455765 0.37095091465453989
-0.21817435829118614 -0.23695383414720705 0.34771693927393232 -0.21524790491439086 0.088804492397469847 -0.10698351910718737 0.09360481092703235 -0.66960213802216839 -0.21244358126408977 0.087341433640232891 0.42188600657993858 -0.14766482498352518
0.36200195611636626 0.0084600996827881685 -0.22594706591477071 -0.19669414616595568 0.31850380246841448 -0.28878814189353241 0.55349738268841209 -0.1921144694209089 -0.27167480355241502 0.18652896698462898 0.23135157140154103 0.298174374588625
-0.26998929325039694 -0.13679003609369902 0.14526362339764115 0.61604794059058621 -0.14528023152131883 -0.23088052234729459 0.31376251525014898 -0.29471787021735801 0.089681964270920941 0.22230210530708233 0.31930789825181438 -0.29772700124422052
0.16166780658188354 -0.58460015906084084 0.32246521407705697 -0.11876360973634131 0.086145695438318917 -0.424046246296303 -0.27254854534108303 0.032488701119064038 0.085642358168889168 0.23000867915943099 0.31691407373868963 -0.30128044047058128
0.23186330600324651 -0.15432986352364375 0.39124582557742532 -0.020321115701777772 0.14093399757075437 0.55483775173223449 0.061543158595411991 -0.43354669293059794 0.27115439069570957 -0.18949283859464205 -0.22630757834523205 -0.2980444254648637
-0.02597917777598921 -0.0013000925518413566 -0.020395760848284004 0.0023805228820400655 0.42574216214856031 0.24712498730032423 -0.37786324589003573 -0.78344392979838817 -0.001137016084711549 -0.00063661785293514387 0.0011050713294766187 -0.0025782066529932441
0.51825331485311199 -0.11127546358454338 -0.33815797746485216 0.24523825014681441 -0.11711635805289052 -0.25217894831702165 0.33761076035443716 -0.31404560979254365 0.29725615479461265 -0.22382819463605902 0.26690614070745577 0.21195129565545728
-0.50764725807281541 -0.49205913086528247 0.12695050613099004 0.060305533957747702 0.3101808270775096 0.36122642215176309 -0.035469324636327321 -0.0049792343119446037 0.0019112867662479064 0.14214820824433771 0.45360000321236577 0.16271636770906958
-0.47921889888100272 -0.46944374169778286 0.13847001746764884 0.071832920036228015 -0.029266713508235485 -0.013638645927121246 -0.52174852875804012 -0.076260189991582503 0.29443900951304425 0.029378435040228194 -0.14590493845033609 0.371096396296138
0.048683322492713392 0.087529657827443291 0.28405519914687749 0.39154751750680516 0.33696660404610812 0.37694729864893012 -0.49094744601764212 -0.10869804811655479 0.21366819176805729 0.10856388207002361 0.21825869769865019 0.3773780439853705
0.52240614756874637 -0.10487443993215242 -0.34413570607807858 0.2480353459030685 -0.11886786659353661 -0.2463603385478251 0.34229196280730734 -0.3142540571100168 -0.2999831675291259 0.21349850520377764 -0.25855208599889395 -0.20731418616744221
-0.39232282510266275 0.0033578259312762202 0.26638680407392029 0.15939345652072798 -0.56371877388577474 -0.18064899377540652 0.06198396755469384 -0.38520933820981623 -0.28115711596494058 -0.33772278352300433 0.164602317896127 -0.16389702759933586
-0.056280221194268017 0.2353404342317314 0.44350068027092965 -0.075213782301229909 -0.6269089750128588 -0.056631850913625624 -0.051955978278968036 0.29429749695205254 0.066478726672421884 0.23299289403525902 -0.38655136309071231 -0.21316170929640599
0.048604894149029111 0.087299040776574383 0.28239074985039503 0.3918343688189484 0.33431325646333332 0.37881617053660072 -0.48695391108373792 -0.10874087506576607 -0.21755784329391931 -0.11359532253736948 -0.21693872047004753 -0.38108303386301057
-0.091480310851075983 -0.44002661264536419 -0.074905351751577948 -0.14558844049887504 -0.56184092206002767 -0.20612158661396712 0.062119950992987859 -0.39382930650359282 -0.14590984318150879 0.31811099805626331 0.039759935996084621 -0.36058874648067563
-0.24191995260996108 -0.14431982311687458 0.10365387763781064 0.64841802792396952 0.097524289206402784 0.24120992994037491 -0.30264320456739913 0.28371155977241408 0.091635109090675057 0.22156486236457887 0.31863755490716789 -0.3010983416464727
-0.24239486498854929 -0.14903954246813744 0.10329677452301436 0.64531742168029926 0.09645341181706614 0.24541298293323779 -0.30358206469209092 0.28268992951578226 -0.098209634057652803 -0.22299699151456923 -0.31637052611446809 0.30142592211217939
-0.36200195611636626 -0.0084600996827881685 0.22594706591477071 0.19669414616595568 -0.31850380246841448 0.28878814189353241 -0.55349738268841209 0.1921144694209089 0.27167480355241502 -0.18652896698462898 -0.23135157140154103 -0.298174374588625
-0.048604894149029111 -0.087299040776574383 -0.28239074985039503 -0.3918343688189484 -0.33431325646333332 -0.37881617053660072 0.48695391108373792 0.10874087506576607 0.21755784329391931 0.11359532253736948 0.21693872047004753 0.38108303386301057
0.47740368697077146 0.48176777970097506 -0.14055151253734313 -0.051328134678577386 0.33071822571225978 -0.28312464563526113 0.079293159185432241 -0.28024556366296144 0.097091444830670684 0.45458898673618786 -0.090174624319145635 -0.13794118964114621
0.47136586989079493 0.47587599736871111 -0.13675659917447999 -0.058959161378697084 0.32835364946125328 -0.28364405874934612 0.076312754308474853 -0.27979642163249546 -0.095044575236676476 -0.46954040255590629 0.089556192169268148 0.13883797760417588
-0.51450363336703608 0.12956445221630744 0.36390002282625866 -0.26631265991599501 -0.42936679656849791 0.056069894329043274 -0.26404835344776328 -0.080614358643793779 0.096963629921075309 0.22879344616036304 0.31329531429998531 -0.30254119919475508
0.65264012982787334 -0.1169909920117298 0.17748380752847992 -0.21357344008691811 -0.39614989489975916 0.057458384114089149 0.26636210603735166 -0.034374692892979702 -0.088329869217457793 -0.086962894915933231 0.1373014609686416 0.46548561119599863
-0.4120193347763535 0.26686591756104766 -0.28060951053288974 -0.43698358155326428 0.29933279842829036 -0.30021515436209706 0.033273044965313782 -0.24801397545740006 0.0070098681170478972 0.13733775714003962 0.44880374601181799 0.16322809493954091
-0.38364046079604336 0.25835903877346389 -0.29056773423757992 -0.42005264011938842 0.20903298505156204 -0.18750707354573221 -0.085813994066377797 0.43163009624085052 0.3031626941955271 0.022438000087467522 -0.14909567767090731 0.37152913498849277
0.48031943752688244 0.46519187279080104 -0.16829582738722215 -0.054660449436525101 0.36541625501500141 0.37192487373617727 0.021790190271579121 -0.02621677668652066 0.010891908470988584 0.12702491464294985 0.45385334798471483 0.16224180158888749
0.3688815713001124 0.33857453202397092 0.50775293418466849 0.11171176025857218 -0.40034594553553499 0.07264098994179416 -0.22100864410460219 -0.11239680481888917 -0.005090813432649075 -0.37808471353558293 -0.045952239542564499 -0.32693131653012009
-0.39990191246009099 0.26942492050258543 -0.28911768326798953 -0.45645421660792546 -0.21491102816593649 0.1660907610981926 0.057021738975738354 -0.39017649565680418 -0.29252431384095001 -0.019874088177742947 0.14283218472914239 -0.37405966368168952
0.50764725807281541 0.49205913086528247 -0.12695050613099004 -0.060305533957747702 -0.3101808270775096 -0.36122642215176309 0.035469324636327321 0.0049792343119446037 -0.0019112867662479064 -0.14214820824433771 -0.45360000321236577 -0.16271636770906958
0.48161859508532368 0.45963677035835776 -0.16882400202062292 -0.052521455720312103 0.36470906228006739 0.37347171404381035 0.024798243836312787 -0.02753966810855495 0.00057680048072339797 -0.14491480994573544 -0.45088941390291259 -0.1653735629001794
-0.33816308781948023 -0.3235634615084006 -0.49379482466351904 -0.1175885532940724 -0.23948222986489773 -0.15494581945115907 0.178123669680189 0.39864323305042704 0.095932824984058349 0.22590937243420542 0.31753494167098034 -0.30036812529645529
-0.25957400828232385 0.11679059074398676 -0.42901339485942602 0.02983230522467609 0.53545155923856103 0.17386778003646181 -0.072733459959407401 0.4009621612088396 0.28059229380184847 -0.00044815995329078274 0.40984202102747147 -0.065855342996125166
0.21817435829118614 0.23695383414720705 -0.34771693927393232 0.21524790491439086 -0.088804492397469847 0.10698351910718737 -0.09360481092703235 0.66960213802216839 0.21244358126408977 -0.087341433640232891 -0.42188600657993858 0.14766482498352518
-0.37152303847978085 0.26091804171500171 -0.29907590697267972 -0.43952327517404965 -0.30521084154266492 0.27879884191455745 -0.062065300055953211 0.28946757604144646 0.0036285122375291951 -0.13477384523031505 -0.45506723895358292 -0.16575862363273772
-0.10221216117178172 -0.74251748146606644 0.43746587551189087 0.49573642006079344 -0.024678692411558692 0.0053589304315627192 -0.014233629908633505 -0.010108029104735145 -0.0098095010296588847 0.00627969084583166 0.0030050740847079272 0.0015025474066894455
0.27680606097175076 0.23797423413153712 0.20138474594638026 -0.27150525096202088 0.11857549317051283 -0.10240938393171095 0.12036804852087685 -0.68111350775553903 0.21597888184166911 0.10964856811627052 0.21746035497462352 0.37889992395364325
0.27672763262806643 0.23774361708066816 0.19972029664989774 -0.27121839964987765 0.11592214558773803 -0.1005405120440403 0.12436158345478113 -0.68115633470475023 -0.21524715322030749 -0.11251063649112256 -0.21773706319407421 -0.37956115389473782
0.34216922101595026 -0.34749358686530146 0.0061609854708356403 0.045193413895202227 -0.33352752171044309 -0.36733292369610032 0.50321655848916635 0.088906673319825574 -0.21169349913675778 0.082444585305775586 0.42462279093241961 -0.14445373378765047
0.34408493559844178 -0.35511907101476564 0.0070784830374612962 0.047931556506358199 -0.33187429568462379 -0.36701423304189101 0.50347705370285323 0.087078649278448939 0.2049447703080427 -0.079977056748154307 -0.4196792752192573 0.15068925235848735
0.8857545344279163 0.21473352219001712 0.14221954199367859 0.38077043666652055 0.03055673552593316 0.016057382015976895 0.043025884999272949 -0.031345571479311204 -0.00082887932491821151 -0.0088436027555562242 0.0032584188570569999 0.0010279812865073555
0.10221216117178172 0.74251748146606644 -0.43746587551189087 -0.49573642006079344 0.024678692411558692 -0.0053589304315627192 0.014233629908633505 0.010108029104735145 0.0098095010296588847 -0.00627969084583166 -0.0030050740847079272 -0.0015025474066894455
-0.27680606097175076 -0.23797423413153712 -0.20138474594638026 0.27150525096202088 -0.11857549317051283 0.10240938393171095 -0.12036804852087685 0.68111350775553903 -0.21597888184166911 -0.10964856811627052 -0.21746035497462352 -0.37889992395364325
-0.27672763262806643 -0.23774361708066816 -0.19972029664989774 0.27121839964987765 -0.11592214558773803 0.1005405120440403 -0.12436158345478113 0.68115633470475023 0.21524715322030749 0.11251063649112256 0.21773706319407421 0.37956115389473782
-0.34216922101595026 0.34749358686530146 -0.0061609854708356403 -0.045193413895202227 0.33352752171044309 0.36733292369610032 -0.50321655848916635 -0.088906673319825574 0.21169349913675778 -0.082444585305775586 -0.42462279093241961 0.14445373378765047
-0.34408493559844178 0.35511907101476564 -0.0070784830374612962 -0.047931556506358199 0.33187429568462379 0.36701423304189101 -0.50347705370285323 -0.087078649278448939 -0.2049447703080427 0.079977056748154307 0.4196792752192573 -0.15068925235848735
-0.8857545344279163 -0.21473352219001712 -0.14221954199367859 -0.38077043666652055 -0.03055673552593316 -0.016057382015976895 -0.043025884999272949 0.031345571479311204 0.00082887932491821151 0.0088436027555562242 -0.0032584188570569999 -0.0010279812865073555
-0.28470685274840135 0.12884658499830345 -0.39163054153810084 -0.00055993673183176969 0.29140853494444247 -0.29410829382633041 0.54698236985667215 -0.17761466329263781 -0.14367282582427945 0.30952575803989507 0.038957289037799818 -0.35894946790829046
-0.028069340640435862 0.0075297870231755722 0.041609745759830528 -0.032370087333383271 -0.24280452072772163 -0.47209045228766949 0.6164057198175481 -0.57842942998977209 -0.0019531448197541287 0.0007372429425034693 0.00067034334464649917 0.0033713404022521556
-0.27373897473647296 -0.15507902472546306 0.11952157803623462 0.63712235035976672 0.40120292310006961 -0.034771468359316257 0.24020010834347502 0.099942098218979411 -0.30453782044476702 0.21733685378277831 -0.26089355675562675 -0.20713709770492272
-0.16869972453487261 -0.16475304177002711 0.65275395596444585 0.16555554759598279 0.21762960022729397 0.15258681713875463 0.28466454659403195 -0.30138619539726119 0.39002288618924247 0.24663817557921175 0.17384406222494259 0.072232609698076836
0.042796988358362591 0.35249695481792093 -0.2091498473952996 -0.2459590770079301 0.22487431801391955 -0.170825712034963 0.42882749502465423 0.50252735462014786 -0.0677583485865485 -0.4266748801262869 -0.25801863369473471 -0.016789297504694919
0.234492350786839 0.12434953018398243 -0.12306109127119437 -0.62704010766737284 0.45178125134496833 -0.055122538714455951 0.22533845533254684 0.11217848623802833 0.3012291716657034 -0.21929495984957145 0.26162729781337674 0.2084294632500179
-0.059415172813419188 -0.39002052664814563 0.22831602811659132 0.24977734305286325 0.20019562560236093 -0.16546678160340023 0.4145938651160207 0.49241932551541251 -0.077567849616207385 -0.42039518928045527 -0.25501355961002686 -0.01528675009800548
0.21739088815833152 -0.15204629251660853 0.42970077406297158 -0.021727907909157625 0.31877111877287373 -0.26787616553511118 0.5349619136368976 -0.18869418224012646 0.13841103222546172 -0.31074662116418472 -0.037553204635403348 0.36361317385563779
0.2023259071498047 0.24648818875423623 -0.34573214960032894 0.17935400747654298 -0.51185658501694931 0.46026030070559415 0.048457784274588016 -0.15257418029902839 -0.20764497978301796 -0.11728146760906556 -0.2146864909920993 -0.3797154273476871
0.059415172813419188 0.39002052664814563 -0.22831602811659132 -0.24977734305286325 -0.20019562560236093 0.16546678160340023 -0.4145938651160207 -0.49241932551541251 0.077567849616207385 0.42039518928045527 0.25501355961002686 0.01528675009800548
-0.234492350786839 -0.12434953018398243 0.12306109127119437 0.62704010766737284 -0.45178125134496833 0.055122538714455951 -0.22533845533254684 -0.11217848623802833 -0.3012291716657034 0.21929495984957145 -0.26162729781337674 -0.2084294632500179
-0.042796988358362591 -0.35249695481792093 0.2091498473952996 0.2459590770079301 -0.22487431801391955 0.170825712034963 -0.42882749502465423 -0.50252735462014786 0.0677583485865485 0.4266748801262869 0.25801863369473471 0.016789297504694919
0.16869972453487261 0.16475304177002711 -0.65275395596444585 -0.16555554759598279 -0.21762960022729397 -0.15258681713875463 -0.28466454659403195 0.30138619539726119 -0.39002288618924247 -0.24663817557921175 -0.17384406222494259 -0.072232609698076836
0.27373897473647296 0.15507902472546306 -0.11952157803623462 -0.63712235035976672 -0.40120292310006961 0.034771468359316257 -0.24020010834347502 -0.099942098218979411 0.30453782044476702 -0.21733685378277831 0.26089355675562675 0.20713709770492272
-0.11648670527128728 -0.13935122696615085 0.65083489084388479 0.18530762574806486 -0.21857185319421399 -0.10472167011403778 -0.31936929484758891 0.3098028317260032 -0.39988739862906042 -0.23813515511415148 -0.17526428064709298 -0.070967850090642923
0.28470685274840135 -0.12884658499830345 0.39163054153810084 0.00055993673183176969 -0.29140853494444247 0.29410829382633041 -0.54698236985667215 0.17761466329263781 0.14367282582427945 -0.30952575803989507 -0.038957289037799818 0.35894946790829046
-0.12590815971726202 -0.0096883155019865802 -0.54753811632087046 0.46000979593223446 0.31502526501128014 0.35013465304727559 0.01578723015549803 -0.027112902210220929 0.30167776457140766 0.015138163599582257 -0.1411062454673751 0.37239377220282227
-0.128307855921583 0.00011865583743852965 -0.51718413176789635 0.44069833161631855 -0.020417083760551773 -0.0096984150694134873 0.51273751507722531 0.07668695588991653 0.0066619545776400125 0.1306745385050895 0.45568810688587358 0.16667093880686371
-0.12150602291989121 0.20331084713840941 0.4195654061876859 -0.062751016726795977 0.65181736158073933 0.10059912931292644 0.035719339507018076 -0.27702584838932776 0.062033061808646733 0.23039817011553076 -0.3847125507034857 -0.21444755040430402
-0.057347834546961858 -0.35044400086175459 0.24594034658436328 0.24483913611269356 -0.049690544394575063 -0.65001933334471218 0.048584794950735651 -0.25771767087888731 -0.49621104494567592 0.083261892949351157 0.011575589235865782 -0.08001418102318468
-0.094752620788803518 -0.4478901654350807 -0.07093096934712792 -0.14975874557643892 -0.56135964315745002 -0.20726395776590451 0.058145966633701106 -0.39440431367421713 0.14216162637206398 -0.30547837852922777 -0.037703508868252654 0.36192571156691666
-0.45210500256089003 -0.12220049640995437 -0.061153204771265027 -0.18998858227244331 0.1977566648236514 -0.17726871909810998 0.39807072249690545 0.5140815513027297 -0.064954776630330779 -0.22682280999493148 0.38160443607927802 0.21510703140651777
-0.046887444962317157 0.58715146095325454 0.20140137829037214 -0.30419741152551155 0.44547000751414378 -0.031465110432324486 -0.26129800604596237 0.034249188160048134 -0.39230073003128912 -0.2457122079198473 -0.17734994853818764 -0.073113318051281406
-0.17537736993282357 0.11554312067071383 0.13856709187863275 -0.46120698192232096 0.31367881041138945 -0.27780923114215034 0.52243230595168655 -0.16707478340202062 -0.2802019298506383 -0.33933344648605401 0.16386737288520381 -0.16445412248822011
0.17537736993282357 -0.11554312067071383 -0.13856709187863275 0.46120698192232096 -0.31367881041138945 0.27780923114215034 -0.52243230595168655 0.16707478340202062 0.2802019298506383 0.33933344648605401 -0.16386737288520381 0.16445412248822011
0.40780442666180133 -0.24473490821843041 0.30888200001616961 0.43817690259499897 -0.33332363499609796 -0.35638120531697443 0.021221870383805689 -0.0046919200970063643 0.089504776232899375 0.46216603954188368 -0.088088956428051007 -0.13579572168050774
-0.43364953186702626 -0.092533025780062755 -0.081066337222413618 -0.19078185439407727 -0.22831340034958458 0.16121133708213314 -0.44109660749617841 -0.48273597982341848 0.065783655955248987 0.23566641275048769 -0.38486285493633504 -0.2161350126930251
0.10592990409800164 0.48614944699973689 0.11608022834191822 0.10730641555066178 -0.53442905201530932 -0.17493248744799272 0.092721189507825097 -0.39614570077256261 -0.1408061224127545 0.3081737275385244 0.037640111155149175 -0.3598467367097597
0.054098003627927604 0.024892573483749118 0.00026375012980236687 0.024586009095947655 -0.43208536862985536 -0.26260768390790395 -0.60573463901753355 0.61094833241027158 -0.00053494242721718248 0.0020293587588942332 -0.003380932654099653 -0.00071414521114233236
-0.061468245714486995 0.23510236559147912 0.44655756510875405 -0.082122229989949752 -0.62808092213610067 -0.058092912719772287 -0.056190457851941607 0.29555051382280495 -0.062088073218805828 -0.22817484049630216 0.3802872581966274 0.21420976260504848
0.028069340640435862 -0.0075297870231755722 -0.041609745759830528 0.032370087333383271 0.24280452072772163 0.47209045228766949 -0.6164057198175481 0.57842942998977209 0.0019531448197541287 -0.0007372429425034693 -0.00067034334464649917 -0.0033713404022521556
-0.0059514206924010018 -0.0092830315131511715 0.0067893355805281313 -0.003668839441607525 -0.00017634044998082157 -0.0063598849620836641 -0.0026266850631589084 0.00025196207419955064 0.41339791455077107 -0.84063255470875786 0.30791273249993867 -0.16553014721954626
0.061468245714486995 -0.23510236559147912 -0.44655756510875405 0.082122229989949752 0.62808092213610067 0.058092912719772287 0.056190457851941607 -0.29555051382280495 0.062088073218805828 0.22817484049630216 -0.3802872581966274 -0.21420976260504848
-0.23602353025568798 0.21637624282574675 -0.10757534239122331 0.39098758077497336 0.62837513899055064 0.082839004822599621 0.056034923839030089 -0.28631271140919257 0.069995365943777837 0.41808964010991867 0.25721598673644991 0.01842857607708008
-0.36383273225559515 -0.32584064582465017 -0.4825390634566627 -0.1306471763115398 -0.14684440182078745 -0.26720320362213951 0.29757910457600983 -0.28358605503948253 0.38899549015807183 0.11111024047120163 -0.27858906733762184 -0.091273951498244549
0.10806140534275374 -0.1387428281890189 -0.10049685935376201 0.43891913728133153 0.29650084330592674 -0.28417522821929125 0.5595119775418832 -0.19923406213074366 0.27494013625182051 0.33811258336176436 -0.16246328848280733 0.16911782843556744
-0.41072017721791226 0.26131081512860438 -0.28113768516629056 -0.43484458783705132 0.29862560569335633 -0.29866831405446398 0.036281098530047441 -0.24933686687943435 -0.0033052398732172877 -0.13460196744864564 -0.45593901587580948 -0.16438726954952596
0.43364953186702626 0.092533025780062755 0.081066337222413618 0.19078185439407727 0.22831340034958458 -0.16121133708213314 0.44109660749617841 0.48273597982341848 -0.065783655955248987 -0.23566641275048769 0.38486285493633504 0.2161350126930251
-0.24582708674004342 -0.34084234260681867 0.045234736116027761 -0.5723796582308478 0.086364996329966914 -0.42704741245063327 0.20354826506096771 0.13839526292454896 0.29033726319471481 -0.34631987449252127 -0.19222605017133812 0.04618766166113044
0.48062897086675677 0.46421478102639285 -0.13664430533208174 -0.07009959533603255 0.032311920910551441 0.012542502264872614 0.51910887105743564 0.074997865021957891 0.30509158972971362 0.012862400532881209 -0.14337573235336395 0.37391418204009147
-0.21739088815833152 0.15204629251660853 -0.42970077406297158 0.021727907909157625 -0.31877111877287373 0.26787616553511118 -0.5349619136368976 0.18869418224012646 -0.13841103222546172 0.31074662116418472 0.037553204635403348 -0.36361317385563779
0.27046420562898515 0.14150975544496189 -0.1449065202828449 -0.61294733434691595 0.14635110891065548 0.2266774693544317 -0.31282365512545718 0.29573950047398984 0.10016277887740695 0.22225974857206576 0.31570018276982159 -0.30479726251443151
0.1266940474401102 -0.20307277849815714 -0.4226222910255103 0.06965946441551582 -0.65064541445749746 -0.099138067506779753 -0.031484859934044505 0.27577283151857535 0.066533738082580979 0.23076956441603041 -0.38212607058385401 -0.21292392149715045
0.62369571628427078 -0.13283744560848051 0.16335462648872609 -0.20245704709153484 0.24404196515507617 0.13710700093822412 0.31319399415119031 -0.32092238228991998 0.00035775438919562761 0.23783457547590708 -0.40401592202576575 0.16264542477485514
-0.10806140534275374 0.1387428281890189 0.10049685935376201 -0.43891913728133153 -0.29650084330592674 0.28417522821929125 -0.5595119775418832 0.19923406213074366 -0.27494013625182051 -0.33811258336176436 0.16246328848280733 -0.16911782843556744
0.6536297540464403 -0.12156900267976492 0.14530411083993872 -0.1959953004711977 -0.063752753530243192 0.41838759589302688 -0.22794852118377112 -0.13691222602349259 -0.392844658466448 -0.24474010539454985 -0.17021222058090707 -0.073802133744272233
0.23602353025568798 -0.21637624282574675 0.10757534239122331 -0.39098758077497336 -0.62837513899055064 -0.082839004822599621 -0.056034923839030089 0.28631271140919257 -0.069995365943777837 -0.41808964010991867 -0.25721598673644991 -0.01842857607708008
0.6465116855631925 -0.14251638737706526 0.15754841926169538 -0.19005652611410856 0.15244845291667791 0.24509261564764104 0.19206541036723307 0.3601924616954284 0.2942193035486555 -0.35663271698961108 -0.18717644819844126 0.04520136831047699
-0.14207712119894694 0.59247421596683836 -0.33217862850934904 0.14993559137122273 0.12066709712499119 0.23636471310558618 -0.28839575031487757 0.29338271418136508 0.00021904609152776633 -0.3827493854216425 -0.046873491877146872 -0.32801898767503451
-0.31705920114786201 0.38384399797239271 0.036085986283725627 -0.054489989094287448 -0.3408623068686561 -0.36845899377041302 -0.49467249276294722 -0.055452345404032072 0.21649929469837453 0.1126124397262836 0.21241636191831453 0.37876997482988195
-0.26577438513584473 -0.15892104543631627 0.11699113391436131 0.61485461954885146 -0.11128939495351127 0.42571583733177681 0.25926759990102943 -0.042011974662951521 -0.0068326800790263409 -0.37720169137484094 -0.041406891331952578 -0.32515937450325372
0.017599057334234908 0.090302620568608771 0.32822738804873086 0.35748643610868974 0.092747239302008677 -0.097388660175945857 0.12614169873527856 -0.6870229105438328 0.20280098669270039 -0.42209475464554835 0.15528669820891711 -0.081246228146341012
-0.25697332587133465 0.11797945241655253 -0.43349279733198665 0.029617690900863001 0.53345583100834471 0.18095416573427875 -0.070087224321630989 0.40009236501480444 -0.27596018625732632 -0.0055641864374171342 -0.41073157450550213 0.063728184422632256
0.14173092254031644 0.16803095988622085 -0.64097002012418869 -0.18075316432966315 -0.12428457944824961 -0.2663910416173681 -0.16821716526294478 -0.37952020127061403 -0.086645113024963791 -0.089497582953530275 0.13477469065408268 0.46447692858920081
0.045002460597974872 -0.58664221963312746 -0.20358419354073548 0.29936348058164591 -0.44958609230579638 0.036764307087436027 0.26299880362187505 -0.034008493447055359 -0.39707461235979657 -0.24109048153241019 -0.16837746167974832 -0.069372996526296013
0.11734579866744976 -0.14126446783630645 -0.13589492300148387 0.43341748179999157 0.11749177498056577 0.53707762724190766 0.081858742927423997 -0.44283355595046286 0.27911669483084067 -0.0018013686002541561 0.41562095909470365 -0.065168298983479603
-0.31585422947659192 0.35213102497571819 0.014487285411503627 -0.045381477076553788 -0.091457415774297807 0.1172359291228362 -0.12468943823837544 0.69525965816089208 0.34707102047427035 0.23254473408196824 0.023290657936759177 -0.2790170522925311
-0.045002460597974872 0.58664221963312746 0.20358419354073548 -0.29936348058164591 0.44958609230579638 -0.036764307087436027 -0.26299880362187505 0.034008493447055359 0.39707461235979657 0.24109048153241019 0.16837746167974832 0.069372996526296013
-0.14173092254031644 -0.16803095988622085 0.64097002012418869 0.18075316432966315 0.12428457944824961 0.2663910416173681 0.16821716526294478 0.37952020127061403 0.086645113024963791 0.089497582953530275 -0.13477469065408268 -0.46447692858920081
-0.16609420771821332 -0.22051551849476564 0.35183410597731152 -0.19112724423366897 -0.34254243344446628 -0.37261180016902851 -0.51331292301523712 -0.059441836595485228 0.20203956830647882 -0.41215630598221675 0.15031040709996979 -0.083572550731371723
-0.017599057334234908 -0.090302620568608771 -0.32822738804873086 -0.35748643610868974 -0.092747239302008677 0.097388660175945857 -0.12614169873527856 0.6870229105438328 -0.20280098669270039 0.42209475464554835 -0.15528669820891711 0.081246228146341012
0.26577438513584473 0.15892104543631627 -0.11699113391436131 -0.61485461954885146 0.11128939495351127 -0.42571583733177681 -0.25926759990102943 0.042011974662951521 0.0068326800790263409 0.37720169137484094 0.041406891331952578 0.32515937450325372
-0.044179358796322128 -0.38325913478228207 0.18612862888834128 0.24794452701313083 0.021362897726980721 0.66214595881988259 -0.060432684435279542 0.24856786962149374 -0.48678920558795813 0.080323413466284022 0.015157955467545489 -0.084042730297506266
0.14207712119894694 -0.59247421596683836 0.33217862850934904 -0.14993559137122273 -0.12066709712499119 -0.23636471310558618 0.28839575031487757 -0.29338271418136508 -0.00021904609152776633 0.3827493854216425 0.046873491877146872 0.32801898767503451
-0.64936536072038553 0.130560261292231 -0.15209886528186967 0.18939842407406743 -0.1514041371109659 -0.24936438510920458 -0.19373855925536954 -0.36130690579998948 0.29270491078481786 -0.35263370743891087 -0.19210808698283643 0.046448749023355627
-0.0025873421092297887 0.00095079303231345672 -0.0014225176347362237 -0.007123062012532949 -0.0031676753534579417 0.0056253238916702582 -0.0015882439351971602 0.00038322067671717333 -0.68511927995040256 -0.46628376101568753 -0.053734974245633921 0.55695499932021197
0.51924293907167896 -0.1158534742525785 -0.3703376741533933 0.26281638976253485 0.21528078331662542 0.10875026346191603 -0.15669986686668561 -0.41658314292305648 -0.0072586344543775971 -0.38160540511467567 -0.040607540842092865 -0.32733644928481359
0.39823365554795759 0.034432769942258759 -0.2198451095377881 -0.20846738292308167 -0.53589521599300105 -0.20113964135696674 0.088642243947763044 -0.40413048631542253 -0.27728021502895422 -0.34290880660665329 0.16697548750941152 -0.16511360349043383
0.55375025731667005 -0.09883495767482682 -0.36036050959129889 0.25623041722360113 -0.42361737787654002 0.033824112744728935 -0.20149021022825855 -0.13150622581321394 -0.093654981142011692 -0.2268353400935699 -0.31402905535773529 0.30124883364965988
0.046102999243854581 -0.59089408854010927 -0.2334100034603088 0.31653595118134886 -0.11343655079903045 0.39505053489649211 -0.23695953486458587 -0.13648546012515853 -0.091743694375763782 -0.084687131849232183 0.13957094785463048 0.46396520135872943
-0.0032723099377275321 -0.0078635527897164895 0.0039743824044500354 -0.004170305077563898 0.00048127890257770308 -0.0011423711519373673 -0.0039739843592867495 -0.00057500717062430721 0.28807146955357277 -0.62358937658549107 -0.077463444864337275 0.72251445804759229
0.31585422947659192 -0.35213102497571819 -0.014487285411503627 0.045381477076553788 0.091457415774297807 -0.1172359291228362 0.12468943823837544 -0.69525965816089208 -0.34707102047427035 -0.23254473408196824 -0.023290657936759177 0.2790170522925311
0.036719818413343923 0.088631818751296165 0.32226821597067745 0.39755063862410145 0.51531805301891065 -0.44952307062241531 -0.01194691210705506 0.13572841494798824 0.33481807818623532 0.23143465590877538 0.025550627485415076 -0.27638043386272099
-0.0019157145824914455 0.0076254841494641833 -0.00091749756662565609 -0.0027381426111559581 -0.0016532260258193595 -0.00031869065420930321 -0.00026049521368682601 0.001828024041376631 -0.41663826944480048 0.16242164205392995 0.84430206615167691 -0.29514298614613788
-0.058032802375459595 -0.35925834668378448 0.25133724662354956 0.24779189304766261 -0.046041590138539402 -0.65678702838831993 0.046199054526646056 -0.25867589872622887 0.4769797045582993 -0.07404372262045239 -0.012152881382837558 0.085545277704195719
0.12590815971726202 0.0096883155019865802 0.54753811632087046 -0.46000979593223446 -0.31502526501128014 -0.35013465304727559 -0.01578723015549803 0.027112902210220929 -0.30167776457140766 -0.015138163599582257 0.1411062454673751 -0.37239377220282227
-0.39823365554795759 -0.034432769942258759 0.2198451095377881 0.20846738292308167 0.53589521599300105 0.20113964135696674 -0.088642243947763044 0.40413048631542253 0.27728021502895422 0.34290880660665329 -0.16697548750941152 0.16511360349043383
0.0059514206924010018 0.0092830315131511715 -0.0067893355805281313 0.003668839441607525 0.00017634044998082157 0.0063598849620836641 0.0026266850631589084 -0.00025196207419955064 -0.41339791455077107 0.84063255470875786 -0.30791273249993867 0.16553014721954626
0.128307855921583 -0.00011865583743852965 0.51718413176789635 -0.44069833161631855 0.020417083760551773 0.0096984150694134873 -0.51273751507722531 -0.07668695588991653 -0.0066619545776400125 -0.1306745385050895 -0.45568810688587358 -0.16667093880686371
-0.24579604256213652 0.15623873398120872 -0.38834353833719637 -0.012834639124914135 -0.56233286416441464 -0.20124227947961848 0.08077993181989522 -0.39045764943197531 -0.27460468229801688 -0.0028688374281205242 -0.41079497221860561 0.065807159279789237
-0.16119289420329533 0.58931987841210376 -0.32210811096226066 0.12186421598001143 -0.085074818048982273 0.41984319330344005 0.27348740546577482 -0.031467070862432202 0.10420238497943872 0.2145531747197171 0.31809400728294629 -0.30124382328807076
0.22944591728083386 0.33155617425183659 -0.03310272153666937 0.58945886654527235 0.42587793866765611 -0.042434128808971239 -0.22633045025892426 0.0039151381399186195 -0.0034094661460014248 -0.24797554019132745 0.40819374707643602 -0.1622603640422968
-0.30781189778654483 -0.23497065433950265 -0.15554810774804442 0.23715731825176226 -0.3601415103318375 -0.37379544678083571 0.49272756129813955 0.10283147227747236 0.20437994814495061 -0.41814800022444942 0.15476506370434118 -0.079063118236973665
0.22975545062070821 0.3305790824874284 -0.0014511994815289491 0.5740197206457649 0.092773604563206075 -0.40181650028027593 0.27098823052693216 0.10512977984839718 0.29079021511272363 -0.36213805430139606 -0.18903533326164276 0.049412016408907182
-0.40780442666180133 0.24473490821843041 -0.30888200001616961 -0.43817690259499897 0.33332363499609796 0.35638120531697443 -0.021221870383805689 0.0046919200970063643 -0.089504776232899375 -0.46216603954188368 0.088088956428051007 0.13579572168050774
0.18994365216933634 0.23994188018625456 -0.36928270772289717 0.21269782548458646 0.33452721906145177 0.3567618230262421 -0.47239242639151013 -0.11273616941717282 -0.33957220951822326 -0.23990911097404682 -0.025497389297440456 0.27599262491756898
-0.33863800019806845 -0.32828318085966351 -0.49415192777831535 -0.12068915953774252 -0.24055310725423437 -0.15074276645829618 0.17718480955549726 0.39762160279379521 -0.093911918164269512 -0.21865248144494268 -0.31747313935065563 0.30215613846219674
0.51450363336703608 -0.12956445221630744 -0.36390002282625866 0.26631265991599501 0.42936679656849791 -0.056069894329043274 0.26404835344776328 0.080614358643793779 -0.096963629921075309 -0.22879344616036304 -0.31329531429998531 0.30254119919475508
-0.55375025731667005 0.09883495767482682 0.36036050959129889 -0.25623041722360113 0.42361737787654002 -0.033824112744728935 0.20149021022825855 0.13150622581321394 0.093654981142011692 0.2268353400935699 0.31402905535773529 -0.30124883364965988
0.33863800019806845 0.32828318085966351 0.49415192777831535 0.12068915953774252 0.24055310725423437 0.15074276645829618 -0.17718480955549726 -0.39762160279379521 0.093911918164269512 0.21865248144494268 0.31747313935065563 -0.30215613846219674
-0.18994365216933634 -0.23994188018625456 0.36928270772289717 -0.21269782548458646 -0.33452721906145177 -0.3567618230262421 0.47239242639151013 0.11273616941717282 0.33957220951822326 0.23990911097404682 0.025497389297440456 -0.27599262491756898
0.64229677744864033 -0.12038537803444799 0.1858209087449752 -0.18886320507237386 0.11845761634887036 -0.41150374403143042 0.24656032571635253 0.10748656614102195 0.39073394789860277 0.2428710796923122 0.1735383413853257 0.072633741569510177
-0.22975545062070821 -0.3305790824874284 0.0014511994815289491 -0.5740197206457649 -0.092773604563206075 0.40181650028027593 -0.27098823052693216 -0.10512977984839718 -0.29079021511272363 0.36213805430139606 0.18903533326164276 -0.049412016408907182
0.30781189778654483 0.23497065433950265 0.15554810774804442 -0.23715731825176226 0.3601415103318375 0.37379544678083571 -0.49272756129813955 -0.10283147227747236 -0.20437994814495061 0.41814800022444942 -0.15476506370434118 0.079063118236973665
-0.22944591728083386 -0.33155617425183659 0.03310272153666937 -0.58945886654527235 -0.42587793866765611 0.042434128808971239 0.22633045025892426 -0.0039151381399186195 0.0034094661460014248 0.24797554019132745 -0.40819374707643602 0.1622603640422968
0.39990191246009099 -0.26942492050258543 0.28911768326798953 0.45645421660792546 0.21491102816593649 -0.1660907610981926 -0.057021738975738354 0.39017649565680418 0.29252431384095001 0.019874088177742947 -0.14283218472914239 0.37405966368168952
0.14345550726584344 0.13607330884995711 -0.66261882668414207 -0.1701100090143845 0.12522683241516963 0.21852589459265123 0.2029219135165018 0.37110356494187202 0.096509625464781743 0.080994562488470007 -0.13335447223193228 -0.4657416881966347
0.11648670527128728 0.13935122696615085 -0.65083489084388479 -0.18530762574806486 0.21857185319421399 0.10472167011403778 0.31936929484758891 -0.3098028317260032 0.39988739862906042 0.23813515511415148 0.17526428064709298 0.070967850090642923
0.11994648107843894 -0.14007560616374068 -0.14037432547404449 0.43320286747617848 0.11549604675034948 0.54416401293972461 0.084504978565200409 -0.44370335214449802 -0.27743578522833412 -0.0069173950843805076 -0.40495263643826995 0.064415228435277819
-0.16082652374422432 0.11349016671454752 0.101776592689569 -0.46008704102708436 0.13849503679204486 0.54303581423752478 0.045020015976296728 -0.41188446714328081 0.28376746368158617 0.0040795406908817142 0.41031041734407281 -0.067650643960340484
0.11163268170496837 -0.21103856578957347 -0.44335789597200048 0.10350474805951566 0.19508077026834514 -0.20785405899627812 -0.55098777130401466 0.31643781164525475 0.05993295334457388 -0.10890125707221758 0.19243920847508078 -0.44526047449903289
0.50874779671869519 0.48780726195830065 -0.15677631605056336 -0.043133063358044829 0.025968714429256367 -0.0029401943427070729 -0.46448901385013369 -0.097497732366158565 0.30341963121778492 0.014255141438840298 -0.145651593677987 0.3706218301759559
0.033874662500279276 -0.59377923324270032 -0.22725571749417689 0.3364122552520275 0.3970548756579465 -0.068612396593915922 -0.25506051760967235 0.0056164936218358703 -0.40205521965078894 -0.24165584669324425 -0.16991958194662138 -0.071372982845336413
0.13891391270187964 -0.60345325028726426 0.30597666043403426 -0.13515454751175637 0.21348155278517086 0.11874588890415498 -0.21059607935911545 -0.39571179999440476 0.2925054869832206 -0.21235452489681078 0.26481803703394796 0.20799672455766313
-0.13891391270187964 0.60345325028726426 -0.30597666043403426 0.13515454751175637 -0.21348155278517086 -0.11874588890415498 0.21059607935911545 0.39571179999440476 -0.2925054869832206 0.21235452489681078 -0.26481803703394796 -0.20799672455766313
-0.16588271469643578 0.60673116840345809 -0.2941927245937771 0.11995693077807602 -0.12013653200612649 -0.2325501133827684 0.32704346069020257 -0.28519459667347058 0.010872286181058113 0.36949511752249231 0.043800715845077304 0.32871281372961447
-0.38843874267671902 -0.026935668341963606 0.24197315002562017 0.16800050290250526 -0.313656263438858 0.31026344292798913 0.43061972278313787 0.36467569611028416 -0.27591183518624296 -0.00074731104405294517 -0.40989956344970424 0.066360550545389613
-0.11163268170496837 0.21103856578957347 0.44335789597200048 -0.10350474805951566 -0.19508077026834514 0.20785405899627812 0.55098777130401466 -0.31643781164525475 -0.05993295334457388 0.10890125707221758 -0.19243920847508078 0.44526047449903289
-0.11734579866744976 0.14126446783630645 0.13589492300148387 -0.43341748179999157 -0.11749177498056577 -0.53707762724190766 -0.081858742927423997 0.44283355595046286 -0.27911669483084067 0.0018013686002541561 -0.41562095909470365 0.065168298983479603
0.43763258471597499 0.12448406741698959 0.099608153256811272 0.18858179006506345 -0.019919543621532042 -0.64544519816923573 0.075348032544580154 -0.26922904061225805 -0.067788581839917095 0.10556902742538882 -0.19285006236944929 0.44655056791398368
0.014851379678293617 -0.0058369210577315263 -0.0032757631051574115 0.034668251788341528 0.42089880581518258 -0.35250169098167616 -0.14019607534151168 0.82306891686727934 -0.0038435912062807927 7.1252692101091418e-05 -0.0026471915963496781 0.00057822033395284363
-0.14345550726584344 -0.13607330884995711 0.66261882668414207 0.1701100090143845 -0.12522683241516963 -0.21852589459265123 -0.2029219135165018 -0.37110356494187202 -0.096509625464781743 -0.080994562488470007 0.13335447223193228 0.4657416881966347
0.057347834546961858 0.35044400086175459 -0.24594034658436328 -0.24483913611269356 0.049690544394575063 0.65001933334471218 -0.048584794950735651 0.25771767087888731 0.49621104494567592 -0.083261892949351157 -0.011575589235865782 0.08001418102318468
0.39951705556291212 0.002950413996453165 -0.23977936111352763 -0.1996457222174913 -0.2838369773158681 0.28268640964861191 0.4546317635384306 0.34662434419871302 0.28451754580891819 -0.00081730764357556109 0.41304720169655385 -0.064439552764465793
0.24660977310310153 0.1269085331255202 -0.13156926400629415 -0.64651074272203402 -0.062462575249258558 0.41118337674583366 0.24908714934297138 -0.029984033961375806 0.0016949897077055214 -0.37650680516735402 -0.044344263469298872 -0.32885829537121258
0.37647437396128125 0.0061765286757529368 -0.26440201440031696 -0.19528735395857583 0.14066668126629511 0.53392577537381325 0.08007862764692654 -0.43696698011138041 -0.13893144508216715 0.30778274955417168 0.042597197691712316 -0.36348322473187644
0.22622861738444941 -0.2238733444260419 0.085447301903391268 -0.35052070075439695 0.22117634044130857 -0.19196280639362195 -0.57529689056993083 0.32576750161433088 0.48319668427141937 -0.07443352245921242 -0.014291910796157201 0.080324476867964137
0.30334924391069751 -0.44769146712970337 -0.33998254108848058 -0.29411321871060891 0.211008843199086 -0.20286413901842187 -0.073573545514006689 0.40389352722633853 0.0026223484756082399 0.13838111235743816 0.45329428237274888 0.16311749958050292
-0.10462596200372636 -0.45561788408624476 -0.094723459131442464 -0.10900501424371922 0.28553848869163434 -0.31451888744925621 -0.45712246516329552 -0.35499235041829008 0.26412764152528456 -0.1839814654859146 -0.22997685109665758 -0.29778231333642019
0.27626952748882855 -0.44473969077456288 -0.33055249201719122 -0.30890516642827176 0.30060146384088032 -0.31402537952715365 0.048521547082418542 -0.27707343589394634 -0.30384558559313612 -0.018658855178675025 0.14645094416784671 -0.37279890495751578
-0.27626952748882855 0.44473969077456288 0.33055249201719122 0.30890516642827176 -0.30060146384088032 0.31402537952715365 -0.048521547082418542 0.27707343589394634 0.30384558559313612 0.018658855178675025 -0.14645094416784671 0.37279890495751578
0.10462596200372636 0.45561788408624476 0.094723459131442464 0.10900501424371922 -0.28553848869163434 0.31451888744925621 0.45712246516329552 0.35499235041829008 -0.26412764152528456 0.1839814654859146 0.22997685109665758 0.29778231333642019
-0.30334924391069751 0.44769146712970337 0.33998254108848058 0.29411321871060891 -0.211008843199086 0.20286413901842187 0.073573545514006689 -0.40389352722633853 -0.0026223484756082399 -0.13838111235743816 -0.45329428237274888 -0.16311749958050292
-0.22622861738444941 0.2238733444260419 -0.085447301903391268 0.35052070075439695 -0.22117634044130857 0.19196280639362195 0.57529689056993083 -0.32576750161433088 -0.48319668427141937 0.07443352245921242 0.014291910796157201 -0.080324476867964137
-0.24660977310310153 -0.1269085331255202 0.13156926400629415 0.64651074272203402 0.062462575249258558 -0.41118337674583366 -0.24908714934297138 0.029984033961375806 -0.0016949897077055214 0.37650680516735402 0.044344263469298872 0.32885829537121258
-0.24479456119287027 -0.13923257112871235 0.13365075907598845 0.62600595736438336 -0.23898893695476575 -0.11442008518345125 0.19336822022963643 0.38648978761591973 -0.3932254440514204 -0.10746061660906198 0.28042382623878059 0.095703088716220769
-0.39951705556291212 -0.002950413996453165 0.23977936111352763 0.1996457222174913 0.2838369773158681 -0.28268640964861191 -0.4546317635384306 -0.34662434419871302 -0.28451754580891819 0.00081730764357556109 -0.41304720169655385 0.064439552764465793
-0.6465116855631925 0.14251638737706526 -0.15754841926169538 0.19005652611410856 -0.15244845291667791 -0.24509261564764104 -0.19206541036723307 -0.3601924616954284 -0.2942193035486555 0.35663271698961108 0.18717644819844126 -0.04520136831047699
-0.43763258471597499 -0.12448406741698959 -0.099608153256811272 -0.18858179006506345 0.019919543621532042 0.64544519816923573 -0.075348032544580154 0.26922904061225805 0.067788581839917095 -0.10556902742538882 0.19285006236944929 -0.44655056791398368
0.44812194971194119 0.090249454773027538 0.042611388736867345 0.19218864660145712 0.050476279147465213 0.6615025801852128 -0.032322147545307205 0.23788346913294686 0.066959702514998887 -0.11441263018094504 0.19610848122650631 -0.4455225866274764
-0.11651190237547986 -0.47614640670158648 -0.11548787420965677 -0.13657871661193308 0.11520225410184629 0.52780145896487551 0.049582350332864601 -0.42724080747017501 0.28051039631885105 0.3452131776315972 -0.16208179868595185 0.16355609032547405
0.5285060400476409 -0.12751469059489681 -0.37022538031099506 0.25167595580519941 -0.080760945234076412 0.40493682447613483 0.28609624988227511 -0.061788856268603101 0.39287753051201252 0.10079739797411186 -0.27353946536472495 -0.092260244848897999
-0.24613662007991777 -0.33986525084241048 0.013583214060887345 -0.55694051233134034 0.41946933043441692 -0.067665040979328586 -0.29377041572488877 0.037180621216070395 -0.0038624180640102119 -0.23215736038245266 0.40500303016674066 -0.16548471879007356
0.38843874267671902 0.026935668341963606 -0.24197315002562017 -0.16800050290250526 0.313656263438858 -0.31026344292798913 -0.43061972278313787 -0.36467569611028416 0.27591183518624296 0.00074731104405294517 0.40989956344970424 -0.066360550545389613
0.30839808295521476 -0.43495758093038256 -0.31476867036047484 -0.31304863476357647 -0.33618150415723647 -0.39742635269876719 0.0029969149574008715 0.0079106673679668633 0.38652702520103099 -0.12859336070694311 0.12875297549256254 -0.25508776844786174
0.64656117077469499 -0.11139411942198192 0.17902615430304425 -0.19546008146950411 -0.096699274292338738 -0.24248053324760818 -0.1751267547227881 -0.39073256568246006 0.29059420021697263 -0.3545027331411485 -0.1887819661784178 0.045280356848593571
-0.29257608376944788 -0.22820926247363899 -0.19773550697629447 0.23532450221202977 -0.53897423820721768 0.45381729364244711 0.017701011746839253 -0.14101998361644638 -0.20484140782680024 0.082570602522289871 0.42493657878191349 -0.14781909843647445
0.24582708674004342 0.34084234260681867 -0.045234736116027761 0.5723796582308478 -0.086364996329966914 0.42704741245063327 -0.20354826506096771 -0.13839526292454896 -0.29033726319471481 0.34631987449252127 0.19222605017133812 -0.04618766166113044
-0.3442593838803969 0.35632346644031837 0.055844521137278849 -0.079944024110625567 -0.33501916116583874 -0.3518825158918934 0.49105240721841747 0.11610782648879039 0.2108773704017152 -0.081070724510336978 -0.42505751891724974 0.15040328084289589
0.24613662007991777 0.33986525084241048 -0.013583214060887345 0.55694051233134034 -0.41946933043441692 0.067665040979328586 0.29377041572488877 -0.037180621216070395 0.0038624180640102119 0.23215736038245266 -0.40500303016674066 0.16548471879007356
-0.5285060400476409 0.12751469059489681 0.37022538031099506 -0.25167595580519941 0.080760945234076412 -0.40493682447613483 -0.28609624988227511 0.061788856268603101 -0.39287753051201252 -0.10079739797411186 0.27353946536472495 0.092260244848897999
0.093547649117533285 0.47960313843175523 0.092529670219349949 0.14065023355870526 0.31195475206309176 -0.27843096512734483 -0.42812902115827295 -0.3563076898907071 -0.2727333521479598 0.1855460841735431 0.226829212849808 0.29586131555549638
-0.48031943752688244 -0.46519187279080104 0.16829582738722215 0.054660449436525101 -0.36541625501500141 -0.37192487373617727 -0.021790190271579121 0.02621677668652066 -0.010891908470988584 -0.12702491464294985 -0.45385334798471483 -0.16224180158888749
0.45210500256089003 0.12220049640995437 0.061153204771265027 0.18998858227244331 -0.1977566648236514 0.17726871909810998 -0.39807072249690545 -0.5140815513027297 0.064954776630330779 0.22682280999493148 -0.38160443607927802 -0.21510703140651777
-0.28797916268612889 0.12098303220858696 -0.38765615913365081 -0.0047302418093956682 0.29188981384702012 -0.2952506649782678 0.54300838549738539 -0.17818967046326212 0.14439864372929331 -0.314063618545596 -0.038506155826537457 0.36356499013930182
-0.17014646183938281 0.60000400299001388 -0.29056888274951853 0.11756550403783943 -0.12213742360273043 -0.23572573918208331 0.32800996950267053 -0.28504671580840701 -0.0017340987282263493 -0.38201214247913906 -0.046203148532500377 -0.32464764727278239
-0.27789180745210723 -0.16148004837785404 0.12549930664946113 0.63432525460351252 0.4029544316407157 -0.040590078128512772 0.2355189058906049 0.1001505455364526 0.29270150187897154 -0.21998984605705835 0.26456466995072303 0.21212838411797677
-0.17058470889921487 -0.16424380044989997 0.65057114071408251 0.16072161665211721 0.21351351543564137 0.15788601379386616 0.28636534416994464 -0.30114550068426837 -0.39935245620184323 -0.24016451387304572 -0.17188334799299337 -0.070253704879500584
0.046147726639774407 0.36059112465850623 -0.21145978050326711 -0.2420756232425095 0.2270463866941167 -0.17155221277069621 0.42880794445003678 0.50314518873998315 0.07539621692185533 0.41907370106659725 0.25464222933830022 0.01915732229609389
0.23864518350247327 0.13075055383637341 -0.12903881988442087 -0.62424301191111864 0.45002974280432223 -0.049303928945259437 0.23001965778541697 0.11197003892055514 -0.29601015065803515 0.21803173999026521 -0.26383092889297305 -0.21083601857288159
-0.056064434532007372 -0.38192635680756032 0.22600609500862381 0.25366079681828391 0.20236769428255807 -0.16619328233913344 0.41457431454140325 0.49303715963524813 0.065586715892196445 0.42535339191242894 0.25764730342300807 0.020659869702783343
0.22066319809605905 -0.14418273972689202 0.42572639165852155 -0.017557602831593726 0.31828983987029608 -0.26673379438317379 0.53893589799618435 -0.18811917506950215 -0.14966043732811105 0.31284275542130635 0.039910240228933927 -0.35890128419195449
0.12150602291989121 -0.20331084713840941 -0.4195654061876859 0.062751016726795977 -0.65181736158073933 -0.10059912931292644 -0.035719339507018076 0.27702584838932776 -0.062033061808646733 -0.23039817011553076 0.3847125507034857 0.21444755040430402
0.056064434532007372 0.38192635680756032 -0.22600609500862381 -0.25366079681828391 -0.20236769428255807 0.16619328233913344 -0.41457431454140325 -0.49303715963524813 -0.065586715892196445 -0.42535339191242894 -0.25764730342300807 -0.020659869702783343
-0.23864518350247327 -0.13075055383637341 0.12903881988442087 0.62424301191111864 -0.45002974280432223 0.049303928945259437 -0.23001965778541697 -0.11197003892055514 0.29601015065803515 -0.21803173999026521 0.26383092889297305 0.21083601857288159
-0.29066036918695637 -0.23583474662310322 -0.19681800940966879 0.23806264482318573 -0.53732101218139816 0.45413598429665641 0.017961506960526077 -0.14284800765782299 0.21179686161800024 -0.079851039531640022 -0.41936548736976342 0.14732388770966337
0.17058470889921487 0.16424380044989997 -0.65057114071408251 -0.16072161665211721 -0.21351351543564137 -0.15788601379386616 -0.28636534416994464 0.30114550068426837 0.39935245620184323 0.24016451387304572 0.17188334799299337 0.070253704879500584
0.27789180745210723 0.16148004837785404 -0.12549930664946113 -0.63432525460351252 -0.4029544316407157 0.040590078128512772 -0.2355189058906049 -0.1001505455364526 -0.29270150187897154 0.21998984605705835 -0.26456466995072303 -0.21212838411797677
-0.114601720906945 -0.13986046828627799 0.65301770609424814 0.19014155669193045 -0.21445576840256139 -0.11002086676914931 -0.3210700924235016 0.30956213701301039 0.38948794376202528 0.24866753433810598 0.17046312957084292 0.071518464486934497
0.28797916268612889 -0.12098303220858696 0.38765615913365081 0.0047302418093956682 -0.29188981384702012 0.2952506649782678 -0.54300838549738539 0.17818967046326212 -0.14439864372929331 0.314063618545596 0.038506155826537457 -0.36356499013930182
-0.12731823170301607 -0.0044593548305965789 -0.54936382845643761 0.45827647123203896 0.31198005760896419 0.35123079670952423 0.018426887856102504 -0.02585057724059631 -0.29785283467135021 -0.027102671973527146 0.14817442533632494 -0.37261680613340714
-0.12700869836314171 -0.0054364465950047808 -0.51771230640129706 0.44283732533253151 -0.02112427649548582 -0.008151574761780505 0.51574556864195897 0.075364064467882214 -0.0036531534126251724 -0.14126518608359576 -0.44905465500175384 -0.16094442568220318
-0.1266940474401102 0.20307277849815714 0.4226222910255103 -0.06965946441551582 0.65064541445749746 0.099138067506779753 0.031484859934044505 -0.27577283151857535 -0.066533738082580979 -0.23076956441603041 0.38212607058385401 0.21292392149715045
0.044179358796322128 0.38325913478228207 -0.18612862888834128 -0.24794452701313083 -0.021362897726980721 -0.66214595881988259 0.060432684435279542 -0.24856786962149374 0.48678920558795813 -0.080323413466284022 -0.015157955467545489 0.084042730297506266
0.094752620788803518 0.4478901654350807 0.07093096934712792 0.14975874557643892 0.56135964315745002 0.20726395776590451 -0.058145966633701106 0.39440431367421713 -0.14216162637206398 0.30547837852922777 0.037703508868252654 -0.36192571156691666
-0.4469169780406711 -0.12196242776970204 -0.064210089609089416 -0.18308013458372346 0.19892861194689304 -0.17580765729196329 0.40230520206987908 0.5128285344319774 0.063612023260896933 0.2343449245366297 -0.38523418520806169 -0.2122644404949367
-0.40176660958182481 0.25062669055069431 -0.31267691337903269 -0.43054587589487925 0.33568821124710446 0.35690061843105941 -0.018241465506848294 0.0042427780665404242 0.10263124383444779 0.46196334975021053 -0.09164186006036279 -0.14098344556481435
-0.17011091706892031 0.11601180636183504 0.13717465633729087 -0.4545853855457444 0.3175041051174059 -0.27821704122367424 0.52267325059075598 -0.16828497332356165 0.27959090510256601 0.34399349265290025 -0.16777383023343817 0.16663548345870655
0.17011091706892031 -0.11601180636183504 -0.13717465633729087 0.4545853855457444 -0.3175041051174059 0.27821704122367424 -0.52267325059075598 0.16828497332356165 -0.27959090510256601 -0.34399349265290025 0.16777383023343817 -0.16663548345870655
0.066003217966665501 -0.58399712339852006 -0.21147189583746046 0.33226878691672279 -0.23972809234017034 -0.15201336976552945 -0.30058514973469003 0.29060059688374912 0.28831739114337818 -0.3515903522215123 -0.18761755062190555 0.046338153664317643
0.4469169780406711 0.12196242776970204 0.064210089609089416 0.18308013458372346 -0.19892861194689304 0.17580765729196329 -0.40230520206987908 -0.5128285344319774 -0.063612023260896933 -0.2343449245366297 0.38523418520806169 0.2122644404949367
0.1026575941602741 0.47828589421002038 0.12005461074636825 0.1031361104730979 -0.53394777311273167 -0.17607485859993011 0.088747205148538344 -0.39672070794318692 0.14726534714081826 -0.31541564904696667 -0.0398233337091881 0.36266772133783259
0.091480310851075983 0.44002661264536419 0.074905351751577948 0.14558844049887504 0.56184092206002767 0.20612158661396712 -0.062119950992987859 0.39382930650359282 0.14590984318150879 -0.31811099805626331 -0.039759935996084621 0.36058874648067563
-0.24161041927008672 -0.14529691488128277 0.13530539969295102 0.63297888202446206 -0.23558004489804724 -0.1181724415309298 0.19467547621845735 0.38492620148089268 0.3858347903494001 0.10740234825451023 -0.27859152543091092 -0.089425961195268688
0.25697332587133465 -0.11797945241655253 0.43349279733198665 -0.029617690900863001 -0.53345583100834471 -0.18095416573427875 0.070087224321630989 -0.40009236501480444 0.27596018625732632 0.0055641864374171342 0.41073157450550213 -0.063728184422632256
0.17519530088390015 -0.58727011679069308 0.31578275347752421 -0.13650092009080703 -0.42505292375359199 0.041163525501737949 -0.251439509031263 -0.11093614404996469 0.38563877545364911 0.11503766941475779 -0.27833815834768594 -0.093557620755582299
-0.67223081521080985 0.10911693510573237 -0.16777039309618783 0.1824014584520367 0.18933710233644904 0.13022314907662771 0.29458218961860894 -0.29149672240744939 0.0024684649570408585 0.23970360117814474 -0.40734204283018438 0.16381381694961719
-0.23937426853709978 0.20828207298516127 -0.1052654092832558 0.38710412700955271 0.62620307031035372 0.083565505558332892 0.056054474413647588 -0.28693054552902819 -0.073159199564625993 -0.42765894108296548 -0.25544487629658502 -0.017518043723708743
-0.36701687417837864 -0.3197763020720798 -0.48419370407362522 -0.13762010097161834 -0.15025329387750597 -0.263450847274661 0.29627184858718886 -0.28202246890445548 -0.39006474424274867 -0.10375272439237057 0.28042628433206968 0.093855098413244908
0.10279495247885048 -0.13921151388014014 -0.099104423812420128 0.43229754090475497 0.2926755485999103 -0.28376741813776735 0.55927103290281377 -0.19802387220920262 -0.2848526987013838 -0.3452143557771899 0.16917791463583465 -0.16197177751135922
-0.23687351910395593 -0.35152646718472874 0.013695507903285603 -0.56808094628867567 0.12342760188371507 0.22852152003489015 0.14902570102407195 0.39197490787052375 0.39627374690237988 0.25024544270633486 0.17207110564410855 0.069591485645842041
0.4388375563872452 0.092771094420315087 0.078009452384589215 0.19769030208279711 0.22948534747282623 -0.15975027527598645 0.44533108706915203 0.48148296295266607 0.062783143935978725 0.22550132178107346 -0.38197576635100466 -0.21123645920842932
-0.24297341158285043 -0.32888621652198435 0.039785182136202059 -0.57172155619080667 0.085320680524254872 -0.42277564298906978 0.20522141394910418 0.13950970702911009 -0.29658695113875855 0.36294654993600062 0.18705848500993957 -0.045462455672702178
0.47921889888100272 0.46944374169778286 -0.13847001746764884 -0.071832920036228015 0.029266713508235485 0.013638645927121246 0.52174852875804012 0.076260189991582503 -0.29443900951304425 -0.029378435040228194 0.14590493845033609 -0.371096396296138
0.028118825851938391 0.023592480931907758 -0.020132010718481638 0.026966531977987721 -0.0063432064812950755 -0.015482696607579685 -0.98359788490756928 -0.17249559738811646 -0.0016719585119287319 0.0013927409059590894 -0.0022758613246230343 -0.0032923518641355762
0.48774703935000452 0.4851621657236932 -0.14888861375383838 -0.076038369693121666 -0.18388928553636971 0.18583748251025839 0.099094939506431445 -0.42210682269696309 -0.38197237228538988 0.12475501212794243 -0.12641150473582974 0.25491067998534223
0.043187248687743651 -0.57431818162993542 -0.20566568861042975 0.31986826593929657 -0.14813458010177208 -0.25999898447494635 -0.17945656595073275 -0.39051424710159927 -0.0055441580160816928 0.24287694024400583 -0.40445702444923004 0.16378221012869576
0.79055648065062034 0.031074944010982538 -0.48623191361170842 -0.36786083944380965 0.027823557892773593 -0.020490647581560217 0.026658276393069207 -0.018921148105606304 0.0038769009359863669 -0.0051860230836489676 0.0023731696132845187 -0.0012165758910979813
-0.10279495247885048 0.13921151388014014 0.099104423812420128 -0.43229754090475497 -0.2926755485999103 0.28376741813776735 -0.55927103290281377 0.19802387220920262 0.2848526987013838 0.3452143557771899 -0.16917791463583465 0.16197177751135922
0.36701687417837864 0.3197763020720798 0.48419370407362522 0.13762010097161834 0.15025329387750597 0.263450847274661 -0.29627184858718886 0.28202246890445548 0.39006474424274867 0.10375272439237057 -0.28042628433206968 -0.093855098413244908
0.23937426853709978 -0.20828207298516127 0.1052654092832558 -0.38710412700955271 -0.62620307031035372 -0.083565505558332892 -0.056054474413647588 0.28693054552902819 0.073159199564625993 0.42765894108296548 0.25544487629658502 0.017518043723708743
0.64936536072038553 -0.130560261292231 0.15209886528186967 -0.18939842407406743 0.1514041371109659 0.24936438510920458 0.19373855925536954 0.36130690579998948 -0.29270491078481786 0.35263370743891087 0.19210808698283643 -0.046448749023355627
-0.65264012982787334 0.1169909920117298 -0.17748380752847992 0.21357344008691811 0.39614989489975916 -0.057458384114089149 -0.26636210603735166 0.034374692892979702 0.088329869217457793 0.086962894915933231 -0.1373014609686416 -0.46548561119599863
0.14350499247734594 0.16719557680504044 -0.6411410916427932 -0.17551356436978005 -0.12392089479384702 -0.26904725430259796 -0.16427025157351938 -0.37982146243601644 0.092884522133098876 0.083124546336932559 -0.13495999021190883 -0.46566269965851809
0.046887444962317157 -0.58715146095325454 -0.20140137829037214 0.30419741152551155 -0.44547000751414378 0.031465110432324486 0.26129800604596237 -0.034249188160048134 0.39230073003128912 0.2457122079198473 0.17734994853818764 0.073113318051281406
-0.38505053278179741 0.26358799944485389 -0.29239344637314696 -0.42178596481958391 0.20598777764924608 -0.18641092988348357 -0.083174336365773316 0.43289242121047516 -0.29636790504723076 -0.019802835485641854 0.14018499313279273 -0.3734814433477367
-0.13781337405599992 0.59920138138028256 -0.33580247035360761 0.15232701811145929 0.12266798872159512 0.23954033890490109 -0.28936225912734553 0.29323483331630151 0.012825431000812256 0.36875787457998882 0.043130372500430808 0.32534147332736235
-0.31713762949154634 0.38361338092152381 0.034421536987243137 -0.054203137782144174 -0.3435156544514309 -0.36659012188274243 -0.49067895782904303 -0.055495172353243361 -0.21472674036360206 -0.1095467648811095 -0.22278105625038319 -0.37969110301849912
-0.26151063799289764 -0.15219388002287201 0.11336729207010271 0.61724604628908797 -0.10928850335690733 0.42889146313109167 0.25830109108856147 -0.042159855528015017 0.0057737048302581228 0.37430556862679037 0.048596973045625103 0.32820108649914315
0.023550478026635912 0.099585652081759957 0.32143805246820278 0.36115527555029731 0.092923579751989505 -0.091028775213862184 0.1287683837984375 -0.68727487261803244 -0.21059692785807058 0.41853780006320945 -0.15262603429102151 0.084283919073205246
-0.023550478026635912 -0.099585652081759957 -0.32143805246820278 -0.36115527555029731 -0.092923579751989505 0.091028775213862184 -0.1287683837984375 0.68727487261803244 0.21059692785807058 -0.41853780006320945 0.15262603429102151 -0.084283919073205246
0.26151063799289764 0.15219388002287201 -0.11336729207010271 -0.61724604628908797 0.10928850335690733 -0.42889146313109167 -0.25830109108856147 0.042159855528015017 -0.0057737048302581228 -0.37430556862679037 -0.048596973045625103 -0.32820108649914315
-0.10592990409800164 -0.48614944699973689 -0.11608022834191822 -0.10730641555066178 0.53442905201530932 0.17493248744799272 -0.092721189507825097 0.39614570077256261 0.1408061224127545 -0.3081737275385244 -0.037640111155149175 0.3598467367097597
0.16588271469643578 -0.60673116840345809 0.2941927245937771 -0.11995693077807602 0.12013653200612649 0.2325501133827684 -0.32704346069020257 0.28519459667347058 -0.010872286181058113 -0.36949511752249231 -0.043800715845077304 -0.32871281372961447
-0.31844157158582165 0.35308181800803168 0.013064767776767404 -0.052504539089086734 -0.094625091127755717 0.12286125301450646 -0.12627768217357258 0.69564287883760945 -0.33804825947613215 -0.23373902693371928 -0.030444316308874744 0.27793794702768077
-0.13311582146514694 0.1510294394942045 0.13954416197156974 -0.46959823054998268 -0.53789052001727056 -0.18566971753117162 0.056210317340292137 -0.37929993542152246 -0.26797922081597186 0.19402053923881454 0.22677597466183338 0.29624912450064839
-0.14350499247734594 -0.16719557680504044 0.6411410916427932 0.17551356436978005 0.12392089479384702 0.26904725430259796 0.16427025157351938 0.37982146243601644 -0.092884522133098876 -0.083124546336932559 0.13495999021190883 0.46566269965851809
-0.18297426863437821 0.43841321272988848 0.86612297129643989 -0.14487324671674573 0.023736439444638671 0.042506216593154143 -0.020471118344923524 0.018524665433477118 -5.5011410159076183e-05 0.002223329619228615 -0.0044252925068583348 -0.00023778779925553661
-0.48062897086675677 -0.46421478102639285 0.13664430533208174 0.07009959533603255 -0.032311920910551441 -0.012542502264872614 -0.51910887105743564 -0.074997865021957891 -0.30509158972971362 -0.012862400532881209 0.14337573235336395 -0.37391418204009147
0.034659108218741838 -0.5900366056558457 -0.1952470923242402 0.32407371559619019 0.065021418942833087 -0.43219782105808346 0.24319702330087592 0.10785276558694627 0.081989204756263964 0.088743493075835234 -0.13214058126306422 -0.46222486615278446
0.16014278702581231 0.21123248698161445 -0.34504477039678344 0.18745840479206147 0.34236609299448545 0.36625191520694478 0.51068623795207824 0.059693798669684786 0.21135834624429226 -0.42847624872654105 0.15760232539996888 -0.081957596488174536
0.31844157158582165 -0.35308181800803168 -0.013064767776767404 0.052504539089086734 0.094625091127755717 -0.12286125301450646 0.12627768217357258 -0.69564287883760945 0.33804825947613215 0.23373902693371928 0.030444316308874744 -0.27793794702768077
-0.23186330600324651 0.15432986352364375 -0.39124582557742532 0.020321115701777772 -0.14093399757075437 -0.55483775173223449 -0.061543158595411991 0.43354669293059794 -0.27115439069570957 0.18949283859464205 0.22630757834523205 0.2980444254648637
0.0052664528639032584 0.00046868569112122453 -0.001392435541341872 0.0066215963765765759 0.0038252947060164666 -0.00040781008152396091 0.00024094463906931918 -0.0012101899215410312 0.55979283495320431 0.68332693913895426 -0.33164120311864198 0.33108960594692666
-0.65441419976490278 0.11782637509291022 -0.1773127360098754 0.20833384012703501 0.39578621024535654 -0.054802171428859216 -0.27030901972677712 0.034675954058382155 -0.091199765940604902 -0.085659234374529603 0.13243321989734991 0.46465401705172027
0.40350010841186085 0.034901455633379985 -0.22123754507912999 -0.20184578654650512 -0.5320699212869846 -0.2015474514384907 0.088883188586832362 -0.40534067623696352 0.28251261992425009 0.34041813253230097 -0.16466571560923046 0.16597600245649283
-0.40350010841186085 -0.034901455633379985 0.22123754507912999 0.20184578654650512 0.5320699212869846 0.2015474514384907 -0.088883188586832362 0.40534067623696352 -0.28251261992425009 -0.34041813253230097 0.16466571560923046 -0.16597600245649283
0.09639600305180307 -0.23966125824550066 -0.46181237794224722 0.072047591925881199 0.022572466998360005 0.63519278815358704 -0.044263405233237081 0.24357152047353417 -0.066838857370263488 -0.42545519514758995 -0.25232660214724845 -0.019868690637927428
0.12700869836314171 0.0054364465950047808 0.51771230640129706 -0.44283732533253151 0.02112427649548582 0.008151574761780505 -0.51574556864195897 -0.075364064467882214 0.0036531534126251724 0.14126518608359576 0.44905465500175384 0.16094442568220318
0.1832584118542174 -0.24162890430021811 0.10885507572703031 -0.4121554845207262 -0.1933792588925789 0.17602158119563388 0.54849706967914991 -0.32480581786483198 0.48871223398962893 -0.075897516057272574 -0.0093688578751845025 0.083038608398146876
-0.035759646864621561 0.59428847456282741 0.22507290224381354 -0.34124618619589314 -0.4011709604495991 0.073911593249027449 0.25676131518558504 -0.0053757989088430965 -0.38732012274029681 -0.24514684275901324 -0.17580782827131458 -0.071113331732241006
0.36414226559546947 0.32486355406024198 0.51419058551180308 0.11520803041203233 -0.18625993228366258 -0.092179167849165147 0.19973957620984673 0.38480069674796114 -0.094795808899346815 -0.22527275458127027 -0.31864001300045697 0.30294633194944853
-0.35932074961553873 0.34835767914890209 0.03510891619078868 -0.046098740466625716 0.51070702356000408 -0.4605985073813918 -0.028450504151552813 0.15677280661546975 0.20427658566370807 -0.42074154599858499 0.14950776014168499 -0.081933272158986561
0.12731823170301607 0.0044593548305965789 0.54936382845643761 -0.45827647123203896 -0.31198005760896419 -0.35123079670952423 -0.018426887856102504 0.02585057724059631 0.29785283467135021 0.027102671973527146 -0.14817442533632494 0.37261680613340714
-0.64041179308429808 0.11987613671432087 -0.18363809349461185 0.19369713601623945 -0.11434153155721774 0.40620454737631884 -0.24826112329226527 -0.10772726085401471 0.39864139449248293 0.24393160975994529 0.17218906883261026 0.069852573008067242
0.19253099427856613 0.23899108715394113 -0.36786019008816107 0.21982088749711939 0.33769489441490974 0.35113649913457184 -0.47080418245631284 -0.11311939009388999 0.34554707043217919 0.2263746500416407 0.028237584948193464 -0.28096237440264293
-0.36414226559546947 -0.32486355406024198 -0.51419058551180308 -0.11520803041203233 0.18625993228366258 0.092179167849165147 -0.19973957620984673 -0.38480069674796114 0.094795808899346815 0.22527275458127027 0.31864001300045697 -0.30294633194944853
0.51497854574562418 -0.12484473286504458 -0.36354291971146235 0.26941326615966515 0.43043767395783455 -0.06027294732190619 0.26498721357245508 0.081635988900425629 0.092881113227252551 0.21576840771878505 0.32171276672165061 -0.29998306456389701
-0.32902356986329995 0.36308485830618192 0.013657121909028874 -0.081776840150358049 -0.51385188904121881 0.47573022453138941 0.016025857667117109 -0.12774362940512832 -0.1983439855700356 0.41964787823640232 -0.15488600383967743 0.081647300643395079
0.23500882198222217 0.33272823723283762 -0.037254738014328749 0.59398928700172193 0.42717163752932596 -0.037711662702023349 -0.22428890550665861 0.0024443658528208361 -0.0011181892269821274 0.23159199522161861 -0.40654515043361372 0.16348473247103318
-0.30186047709414388 -0.22568762282635146 -0.16233744332857256 0.24082615769336976 -0.35996516988185667 -0.36743556181875198 0.49535424636129843 0.1025795102032728 -0.20901796640582046 0.42248455448430838 -0.15314766879559749 0.086467028982572566
0.23260912577790119 0.34253520857226272 -0.0069007534613546532 0.57467782268580603 0.091729288757494032 -0.39754473081871244 0.27266137941506868 0.10624422395295831 -0.29613399922074973 0.34712837012712583 0.19024920191963493 -0.042238100924925435
-0.23260912577790119 -0.34253520857226272 0.0069007534613546532 -0.57467782268580603 -0.091729288757494032 0.39754473081871244 -0.27266137941506868 -0.10624422395295831 0.29613399922074973 -0.34712837012712583 -0.19024920191963493 0.042238100924925435
0.30186047709414388 0.22568762282635146 0.16233744332857256 -0.24082615769336976 0.35996516988185667 0.36743556181875198 -0.49535424636129843 -0.1025795102032728 0.20901796640582046 -0.42248455448430838 0.15314766879559749 -0.086467028982572566
-0.23500882198222217 -0.33272823723283762 0.037254738014328749 -0.59398928700172193 -0.42717163752932596 0.037711662702023349 0.22428890550665861 -0.0024443658528208361 0.0011181892269821274 -0.23159199522161861 0.40654515043361372 -0.16348473247103318
0.61813281158288225 -0.13400950858948149 0.16750664296638548 -0.20698746754798436 0.24274826629340632 0.13238453483127624 0.31115244939892461 -0.31945161000282218 -0.0019335225298236698 -0.24173295993703897 0.41072297548428405 -0.16309967173847484
-0.51497854574562418 0.12484473286504458 0.36354291971146235 -0.26941326615966515 -0.43043767395783455 0.06027294732190619 -0.26498721357245508 -0.081635988900425629 -0.092881113227252551 -0.21576840771878505 -0.32171276672165061 0.29998306456389701
0.33816308781948023 0.3235634615084006 0.49379482466351904 0.1175885532940724 0.23948222986489773 0.15494581945115907 -0.178123669680189 -0.39864323305042704 -0.095932824984058349 -0.22590937243420542 -0.31753494167098034 0.30036812529645529
-0.19253099427856613 -0.23899108715394113 0.36786019008816107 -0.21982088749711939 -0.33769489441490974 -0.35113649913457184 0.47080418245631284 0.11311939009388999 -0.34554707043217919 -0.2263746500416407 -0.028237584948193464 0.28096237440264293
0.33576339161515928 0.33337043284782569 0.52414880921649321 0.098277088978156499 -0.095960118906934191 -0.20488724866552996 0.31882661524153827 -0.29484337495028956 -0.390948634977826 -0.11037299752869817 0.27925941068226834 0.094645291900496725
-0.14306674541751391 0.59705222663487345 -0.29999893182080783 0.13235745175550229 -0.21173004424452477 -0.1245644986733515 0.20591487690624533 0.39592024731187792 0.30473383534051801 -0.22497217494302588 0.26064018967240182 0.21126875726523636
-0.033874662500279276 0.59377923324270032 0.22725571749417689 -0.3364122552520275 -0.3970548756579465 0.068612396593915922 0.25506051760967235 -0.0056164936218358703 0.40205521965078894 0.24165584669324425 0.16991958194662138 0.071372982845336413
-0.39103942508770823 -0.028124530014529373 0.24645255249818079 0.16821511722631835 -0.31166053520864168 0.30317705723017219 0.42797348714536143 0.36554549230431932 0.28064064487293183 0.004368715440073407 0.41067403208326936 -0.063222976873367809
-0.41408210668933909 -0.024898415335229601 0.22182989921139146 0.17257348548523382 0.11284312337352152 0.55441642295537352 0.053420351253857336 -0.41804583200577411 -0.14280834601815351 0.31296877263782064 0.040224028078427794 -0.36226664884077847
0.15822584133323511 -0.11467902838711329 -0.097297190217008403 0.46030165535089745 -0.1364993085618286 -0.55012219993534173 -0.047666251614073139 0.41275426333731596 0.27278501637758862 0.0010364857932446373 0.41026317818890079 -0.061932883458416937
0.43495347396130146 0.12306458869355491 0.10242310643288938 0.18908325570101983 -0.020577162974090572 -0.65066271197938197 0.076695331840707995 -0.26840207136743421 0.057537863157281099 -0.11147415069787792 0.19252611499482658 -0.44149403735315479
-0.64656117077469499 0.11139411942198192 -0.17902615430304425 0.19546008146950411 0.096699274292338738 0.24248053324760818 0.1751267547227881 0.39073256568246006 -0.29059420021697263 0.3545027331411485 0.1887819661784178 -0.045280356848593571
-0.14168143732881394 -0.13690869193113753 0.66244775516553756 0.1753496089742676 -0.12486314776076705 -0.22118210727788115 -0.19897499982707639 -0.37140482610727443 0.083020009693280925 0.091627566801992827 -0.13638020863405922 -0.4643979400510842
0.14168143732881394 0.13690869193113753 -0.66244775516553756 -0.1753496089742676 0.12486314776076705 0.22118210727788115 0.19897499982707639 0.37140482610727443 -0.083020009693280925 -0.091627566801992827 0.13638020863405922 0.4643979400510842
0.114601720906945 0.13986046828627799 -0.65301770609424814 -0.19014155669193045 0.21445576840256139 0.11002086676914931 0.3210700924235016 -0.30956213701301039 -0.38948794376202528 -0.24866753433810598 -0.17046312957084292 -0.071518464486934497
0.17014646183938281 -0.60000400299001388 0.29056888274951853 -0.11756550403783943 0.12213742360273043 0.23572573918208331 -0.32800996950267053 0.28504671580840701 0.0017340987282263493 0.38201214247913906 0.046203148532500377 0.32464764727278239
-0.15822584133323511 0.11467902838711329 0.097297190217008403 -0.46030165535089745 0.1364993085618286 0.55012219993534173 0.047666251614073139 -0.41275426333731596 -0.27278501637758862 -0.0010364857932446373 -0.41026317818890079 0.061932883458416937
0.11431179245964185 -0.2096190870661388 -0.44617284914807853 0.10300328242355929 0.19573838962090362 -0.20263654518613178 -0.55233507060014253 0.31561084240043091 -0.065393491652624314 0.10814192105104915 -0.19293696888919515 0.44278413076810569
0.41060685026539534 0.095759140459362513 0.056443683935624323 0.19514022265299272 0.6528170589317478 0.090028028643068303 0.066543471604674331 -0.30085534448667495 -0.48923264684633427 0.072933644447259527 0.014412850931493457 -0.082908659274385552
0.035759646864621561 -0.59428847456282741 -0.22507290224381354 0.34124618619589314 0.4011709604495991 -0.073911593249027449 -0.25676131518558504 0.0053757989088430965 0.38732012274029681 0.24514684275901324 0.17580782827131458 0.071113331732241006
0.14306674541751391 -0.59705222663487345 0.29999893182080783 -0.13235745175550229 0.21173004424452477 0.1245644986733515 -0.20591487690624533 -0.39592024731187792 -0.30473383534051801 0.22497217494302588 -0.26064018967240182 -0.21126875726523636
-0.27767959947458259 0.44996865144595288 0.32872677988162419 0.30717184172807627 -0.30364667124319628 0.31512152318940229 -0.045881889381814076 0.27833576086357098 -0.29568501364962174 -0.02358198039443438 0.1428297266358533 -0.37221167337871369
0.10386256583154434 0.44657292121334585 0.098455909874146222 0.11224462249083156 -0.28454288201837352 0.30962006429331917 0.45873025967311015 0.35399129562173731 0.27783707291671411 -0.19548335469128203 -0.22894903769074346 -0.29511930578458051
-0.30464840146913874 0.45324656956214665 0.34051071572188141 0.29197422499439596 -0.21030165046415192 0.20131729871078891 0.070565491949273029 -0.4025706358043043 0.0076927595146569728 0.13355861223124713 0.4514484795148786 0.16449786490856394
-0.22691358521294716 0.21505899860401195 -0.08005040186420502 0.35347345768936594 -0.21752738618527295 0.18519511135001432 0.57291115014584137 -0.32672572946167244 0.48999406523255584 -0.082872093110591127 -0.0094365598225461395 0.085234981859416289
-0.071341586929409839 0.22737464694031501 0.42276507532443947 -0.041368498657230059 0.21881720971298385 -0.16534784240312406 -0.57145888964893821 0.33496247707873195 0.059877941934414758 -0.10667792745298897 0.18801391596822242 -0.44549826229828843
-0.48774703935000452 -0.4851621657236932 0.14888861375383838 0.076038369693121666 0.18388928553636971 -0.18583748251025839 -0.099094939506431445 0.42210682269696309 0.38197237228538988 -0.12475501212794243 0.12641150473582974 -0.25491067998534223
-0.40211773797390132 -0.0041392756690189283 0.24425876358608825 0.19986033654130439 0.28583270554608442 -0.28977279534642886 -0.45727799917620704 -0.34575454800467786 0.2720349342502566 0.0059333341277019135 0.40752639383641975 -0.065143974654291628
-0.099746741333214872 0.23156708840491519 0.46412231105021479 -0.075931045691301796 -0.024744535678557104 -0.63446628741785371 0.044282955807854581 -0.2441893545933698 -0.076315708138140342 -0.4202933860452942 -0.26033426088578648 -0.016077929162861396
0.058032802375459595 0.35925834668378448 -0.25133724662354956 -0.24779189304766261 0.046041590138539402 0.65678702838831993 -0.046199054526646056 0.25867589872622887 -0.4769797045582993 0.07404372262045239 0.012152881382837558 -0.085545277704195719
0.40211773797390132 0.0041392756690189283 -0.24425876358608825 -0.19986033654130439 -0.28583270554608442 0.28977279534642886 0.45727799917620704 0.34575454800467786 -0.2720349342502566 -0.0059333341277019135 -0.40752639383641975 0.065143974654291628
0.27542369053379112 0.20721205416717603 0.17836352743942199 -0.26951980095682015 0.36481270891141321 0.38891086285320864 0.48876285911025152 0.069981716486102435 -0.33856867233283755 -0.23670289854373233 -0.025400323252565762 0.27806789615144206
0.071341586929409839 -0.22737464694031501 -0.42276507532443947 0.041368498657230059 -0.21881720971298385 0.16534784240312406 0.57145888964893821 -0.33496247707873195 -0.059877941934414758 0.10667792745298897 -0.18801391596822242 0.44549826229828843
0.22691358521294716 -0.21505899860401195 0.08005040186420502 -0.35347345768936594 0.21752738618527295 -0.18519511135001432 -0.57291115014584137 0.32672572946167244 -0.48999406523255584 0.082872093110591127 0.0094365598225461395 -0.085234981859416289
0.30464840146913874 -0.45324656956214665 -0.34051071572188141 -0.29197422499439596 0.21030165046415192 -0.20131729871078891 -0.070565491949273029 0.4025706358043043 -0.0076927595146569728 -0.13355861223124713 -0.4514484795148786 -0.16449786490856394
-0.10386256583154434 -0.44657292121334585 -0.098455909874146222 -0.11224462249083156 0.28454288201837352 -0.30962006429331917 -0.45873025967311015 -0.35399129562173731 -0.27783707291671411 0.19548335469128203 0.22894903769074346 0.29511930578458051
0.27767959947458259 -0.44996865144595288 -0.32872677988162419 -0.30717184172807627 0.30364667124319628 -0.31512152318940229 0.045881889381814076 -0.27833576086357098 0.29568501364962174 0.02358198039443438 -0.1428297266358533 0.37221167337871369
-0.085195895144615563 0.22951413444874891 0.42733181186115093 -0.074811104796065231 -0.19992830929790167 0.18637875796182146 -0.43312933416753518 -0.48899903833463004 0.48765368539408416 -0.076880398868358457 -0.013891216426917527 0.080725549365018232
0.24297341158285043 0.32888621652198435 -0.039785182136202059 0.57172155619080667 -0.085320680524254872 0.42277564298906978 -0.20522141394910418 -0.13950970702911009 0.29658695113875855 -0.36294654993600062 -0.18705848500993957 0.045462455672702178
-0.51924293907167896 0.1158534742525785 0.3703376741533933 -0.26281638976253485 -0.21528078331662542 -0.10875026346191603 0.15669986686668561 0.41658314292305648 0.0072586344543775971 0.38160540511467567 0.040607540842092865 0.32733644928481359
0.24057371537852945 0.33869318786140945 -0.0094311975832279561 0.55241009187489076 -0.42076302929608678 0.06294257487238071 0.29172887097262307 -0.03570984892897261 0.0015711411449909423 -0.2474101750304934 0.40973586734330908 -0.16026037772325641
-0.5253218981248573 0.12145034684232639 0.37188002092795758 -0.24470303114512085 0.084169837290794983 -0.40868918082361333 -0.28478899389345413 0.060225270133576037 0.38618270388880799 0.11406556688946035 -0.28547588630496651 -0.092868805062591459
0.092784252945351267 0.47055817555885632 0.096262120962053707 0.1438898418058176 0.31295035873635257 -0.28332978828328187 -0.42652122664845832 -0.35730874468725987 0.26923136229403888 -0.19391873600365353 -0.23209667593759303 -0.29704030356550432
-0.50874779671869519 -0.48780726195830065 0.15677631605056336 0.043133063358044829 -0.025968714429256367 0.0029401943427070729 0.46448901385013369 0.097497732366158565 -0.30341963121778492 -0.014255141438840298 0.145651593677987 -0.3706218301759559
0.55422516969525815 -0.094115238323563929 -0.36000340647650259 0.25933102346727127 -0.42254650048720338 0.029621059751866019 -0.20055135010356681 -0.13048459555658212 0.096189762006316168 0.2177265137855782 0.32097902566390063 -0.30127543010899216
-0.43495347396130146 -0.12306458869355491 -0.10242310643288938 -0.18908325570101983 0.020577162974090572 0.65066271197938197 -0.076695331840707995 0.26840207136743421 -0.057537863157281099 0.11147415069787792 -0.19252611499482658 0.44149403735315479
0.45080106046661472 0.091668933496462213 0.039796435560789239 0.19168718096550075 0.051133898500023735 0.66672009399535903 -0.033669446841435045 0.23705649988812302 -0.058366742482199307 0.1026305479423217 -0.18926769613776961 0.44252201863966217
0.37890115509140038 -0.27207001673719289 0.29700538556471456 0.42354891027284858 0.0050530282003104316 0.022686915754772871 0.50656221438082683 0.065567405325999695 -0.39286768966222485 0.13037395886684511 -0.12359209578698516 0.2583485134910759
0.5253218981248573 -0.12145034684232639 -0.37188002092795758 0.24470303114512085 -0.084169837290794983 0.40868918082361333 0.28478899389345413 -0.060225270133576037 -0.38618270388880799 -0.11406556688946035 0.28547588630496651 0.092868805062591459
-0.24057371537852945 -0.33869318786140945 0.0094311975832279561 -0.55241009187489076 0.42076302929608678 -0.06294257487238071 -0.29172887097262307 0.03570984892897261 -0.0015711411449909423 0.2474101750304934 -0.40973586734330908 0.16026037772325641
0.39103942508770823 0.028124530014529373 -0.24645255249818079 -0.16821511722631835 0.31166053520864168 -0.30317705723017219 -0.42797348714536143 -0.36554549230431932 -0.28064064487293183 -0.004368715440073407 -0.41067403208326936 0.063222976873367809
0.00068496782849774337 0.0088143458220299453 -0.0053969000391862598 -0.0029527569349690509 -0.0036489542560356452 0.0067676950436076251 0.0023857404240895893 0.00095822784734148048 -0.97319074950397533 0.15730561556980355 0.02372847061870334 -0.1655594587273804
0.64941484593188803 -0.099437993337147659 0.17357660032321853 -0.19480197942946298 -0.097743590098050781 -0.23820876378604464 -0.17345360583465164 -0.38961812157789899 -0.29633001411650073 0.35476369128737339 0.19050256900285989 -0.046369760485239046
-0.1720111589611166 0.5812057730381226 -0.31412811286056169 0.14347384475088557 0.42846181581031056 -0.044915881849216507 0.25274676502008397 0.10937255791493761 0.3934214589471714 0.099825295448814411 -0.28067719332200552 -0.091571429155907158
0.13320278207131467 0.15231253586031052 -0.63055142383799911 -0.17654771467276947 0.088871419596355555 -0.43858987820050521 0.25443642398866384 0.11884681141793155 0.00088824974738186671 -0.24363103012170087 0.40709113384024853 -0.16153014769227944
-0.4293179207064361 -0.031659807201093237 0.2640172984396415 0.17440630152496631 0.29167585124890172 -0.27319631746790918 0.52844690080515766 -0.17419437611185537 0.26641300995359729 -0.18774983010891866 -0.22994748699914455 -0.29351066864127767
0.39849184047433694 -0.26419595983119543 0.2872919711324225 0.45472089190772996 0.21186582076362054 -0.16499461743594396 -0.054382081275133887 0.39143882062642882 -0.30700628540180785 -0.02236674739536643 0.14644848607455765 -0.37095091465453989
0.019832735100415996 0.35595368654808962 -0.23210805138560639 -0.24188756006115794 0.65203132417885767 0.078544781802567798 0.050280824199245878 -0.28102114274073453 -0.059981304415657244 0.10408438167885339 -0.19327121953087861 0.44262810837627548
-0.095198053777295871 -0.18365857817903458 -0.62845145560538707 -0.7486312761103302 -0.002733177633159568 -0.036548029597537113 -0.016367608606203739 0.012424423373704901 0.004705780260904578 0.0036575796719072557 -0.00088524924377248143 -0.0022445571776053366
-0.085058536826039199 -0.38798327364141155 0.20817277730236261 0.25435032563559185 0.62669501241474046 0.078686198423984249 0.037394493586740227 -0.29030220260064576 0.055535639551882066 -0.10667910559858168 0.19511003191810522 -0.44391394948417356
0.13276453501148261 -0.61193526757960326 0.31058859962560192 -0.13339160205849171 0.42452235863472737 -0.044978125224555694 0.21279179865593795 0.10274802654207013 -0.39673010772623502 -0.10178340151560755 0.28141093437975551 0.092863794701002339
-0.13276453501148261 0.61193526757960326 -0.31058859962560192 0.13339160205849171 -0.42452235863472737 0.044978125224555694 -0.21279179865593795 -0.10274802654207013 0.39673010772623502 0.10178340151560755 -0.28141093437975551 -0.092863794701002339
-0.34617509846288841 0.36394895058978255 0.054927023570653197 -0.082682166721781525 -0.33667238719165804 -0.35220120654610271 0.4907919120047306 0.11793585053016703 -0.20576089904308528 0.081350917543592915 0.41924454723442717 -0.14473970530324193
-0.014758889495930913 0.59693357079743492 0.21718519994708854 -0.30834087986081626 -0.191312960483973 -0.11486608360393803 -0.30682263817098004 0.31923329142196138 0.29807188076287799 -0.35564671344811538 -0.19504791721347181 0.04459781845837265
-0.019832735100415996 -0.35595368654808962 0.23210805138560639 0.24188756006115794 -0.65203132417885767 -0.078544781802567798 -0.050280824199245878 0.28102114274073453 0.059981304415657244 -0.10408438167885339 0.19327121953087861 -0.44262810837627548
0.097778373489762593 -0.20889907828113957 -0.43879115943528901 0.070062141920680471 -0.22366474874254033 0.14387254136866734 -0.41265821582261175 -0.50752370376810707 0.48770869680424322 -0.079103728487587066 -0.0094659239200591688 0.080963337164273771
0.4293179207064361 0.031659807201093237 -0.2640172984396415 -0.17440630152496631 -0.29167585124890172 0.27319631746790918 -0.52844690080515766 0.17419437611185537 -0.26641300995359729 0.18774983010891866 0.22994748699914455 0.29351066864127767
-0.13320278207131467 -0.15231253586031052 0.63055142383799911 0.17654771467276947 -0.088871419596355555 0.43858987820050521 -0.25443642398866384 -0.11884681141793155 -0.00088824974738186671 0.24363103012170087 -0.40709113384024853 0.16153014769227944
0.1720111589611166 -0.5812057730381226 0.31412811286056169 -0.14347384475088557 -0.42846181581031056 0.044915881849216507 -0.25274676502008397 -0.10937255791493761 -0.3934214589471714 -0.099825295448814411 0.28067719332200552 0.091571429155907158
-0.64151233173017774 0.12412800562130269 -0.15381228357503851 0.17652466541653652 -0.45049107306398373 0.047918319567262786 0.25169721519419569 -0.0052502941759115232 0.093310476508450133 0.087528260076767284 -0.13575934070176854 -0.46348562487695821
-0.21305927699774138 0.21291951109557805 -0.084617138400916489 0.38691606382820115 0.20121813282561257 -0.16653148901493114 0.43458159466443846 0.49723578595168944 0.062218321772886553 -0.11266962169522164 0.19246857257259381 -0.44098882980389037
-0.55047548820918224 0.11240422695532801 0.38574545183790909 -0.28040543323645178 -0.123936654134185 -0.22573011373984439 0.27411375701024077 -0.26417537287975529 0.29803002270937179 -0.21276126226127418 0.25922242934354045 0.21068552656969439
0.063746783974009305 0.45089374522711517 0.11676760754546377 0.11541081286618025 0.31979362599612537 -0.2689408729466421 0.55494964318531537 -0.18387772180384943 0.27819720361455569 -0.0030210535789511185 0.40992892754721733 -0.062088905850247102
-0.35676414898384989 -0.33601552908243315 -0.51626110691976823 -0.13118239531323336 -0.1138978810586919 0.39366492551849547 0.24475733811502676 -0.029765715380514954 -0.2944433685253488 0.22087286821780031 -0.26001932174011111 -0.21035644209111037
0.55047548820918224 -0.11240422695532801 -0.38574545183790909 0.28040543323645178 0.123936654134185 0.22573011373984439 -0.27411375701024077 0.26417537287975529 -0.29803002270937179 0.21276126226127418 -0.25922242934354045 -0.21068552656969439
-0.26572730546285434 -0.34773930774840794 0.023296628493179435 -0.58811249396622178 0.21265653787110683 0.12001649221138826 0.26717387993107183 -0.28869079408435866 -0.089723822324427147 -0.079416654120241154 0.13496244830519791 0.46381470935554225
-0.066003217966665501 0.58399712339852006 0.21147189583746046 -0.33226878691672279 0.23972809234017034 0.15201336976552945 0.30058514973469003 -0.29060059688374912 -0.28831739114337818 0.3515903522215123 0.18761755062190555 -0.046338153664317643
0.082379426071365724 0.38656379491797693 -0.2053578241262845 -0.25384885999963552 -0.62735263176729894 -0.08390371223413054 -0.036047194290612386 0.2911291718454696 0.069790805445316129 -0.11036407252468505 0.19026614544617071 -0.4441306557829649
0.26572730546285434 0.34773930774840794 -0.023296628493179435 0.58811249396622178 -0.21265653787110683 -0.12001649221138826 -0.26717387993107183 0.28869079408435866 0.089723822324427147 0.079416654120241154 -0.13496244830519791 -0.46381470935554225
-0.4388375563872452 -0.092771094420315087 -0.078009452384589215 -0.19769030208279711 -0.22948534747282623 0.15975027527598645 -0.44533108706915203 -0.48148296295266607 -0.062783143935978725 -0.22550132178107346 0.38197576635100466 0.21123645920842932
0.65441419976490278 -0.11782637509291022 0.1773127360098754 -0.20833384012703501 -0.39578621024535654 0.054802171428859216 0.27030901972677712 -0.034675954058382155 0.091199765940604902 0.085659234374529603 -0.13243321989734991 -0.46465401705172027
-0.063746783974009305 -0.45089374522711517 -0.11676760754546377 -0.11541081286618025 -0.31979362599612537 0.2689408729466421 -0.55494964318531537 0.18387772180384943 -0.27819720361455569 0.0030210535789511185 -0.40992892754721733 0.062088905850247102
0.67779371991219839 -0.10794487212473142 0.16361837661852843 -0.17787103799558718 -0.18804340347477919 -0.12550068296967984 -0.29254064486634324 0.29002595012035159 -0.00017718803802156113 0.23986393423480132 -0.40739685467986542 0.16193127956371278
0.21305927699774138 -0.21291951109557805 0.084617138400916489 -0.38691606382820115 -0.20121813282561257 0.16653148901493114 -0.43458159466443846 -0.49723578595168944 -0.062218321772886553 0.11266962169522164 -0.19246857257259381 0.44098882980389037
0.64151233173017774 -0.12412800562130269 0.15381228357503851 -0.17652466541653652 0.45049107306398373 -0.047918319567262786 -0.25169721519419569 0.0052502941759115232 -0.093310476508450133 -0.087528260076767284 0.13575934070176854 0.46348562487695821
-0.2897970217908451 0.44740964850441511 0.33723495261672398 0.3266424767827375 0.21059715535103066 -0.15118439227088726 -0.069630583392238654 0.42049828106297504 0.003849168308376168 0.13362986492334822 0.44880128791852891 0.1650760852425168
-0.64941484593188803 0.099437993337147659 -0.17357660032321853 0.19480197942946298 0.097743590098050781 0.23820876378604464 0.17345360583465164 0.38961812157789899 0.29633001411650073 -0.35476369128737339 -0.19050256900285989 0.046369760485239046
-0.11431179245964185 0.2096190870661388 0.44617284914807853 -0.10300328242355929 -0.19573838962090362 0.20263654518613178 0.55233507060014253 -0.31561084240043091 0.065393491652624314 -0.10814192105104915 0.19293696888919515 -0.44278413076810569
-0.00076339617218202434 -0.0090449628728988644 0.0037324507427037518 0.0032396082471123312 0.00099560667326083489 -0.0048988231559369943 0.0016077945098146673 -0.0010010547965527731 0.54196471444199867 -0.37946482017719663 -0.45892588878740104 -0.5929016191210007
0.13387921763732896 -0.14198447662130564 -0.14327661271427347 0.46635862230287034 0.53689491334400974 0.1905685406871086 -0.05781811185010681 0.38030099021807523 -0.27398549362602681 0.18544428093838208 0.23214991412556765 0.29665249462035231
-0.3688815713001124 -0.33857453202397092 -0.50775293418466849 -0.11171176025857218 0.40034594553553499 -0.07264098994179416 0.22100864410460219 0.11239680481888917 0.005090813432649075 0.37808471353558293 0.045952239542564499 0.32693131653012009
-0.47514768416252084 -0.11897438173065455 -0.085775858058054322 -0.18563021401352783 0.62226032340581472 0.07397064662709138 0.023517586605401378 -0.26950977300736378 -0.48840376752141612 0.081777247202815762 0.011154432074436463 -0.083936640560892908
-0.13106274856407912 -0.4740934527454202 -0.078697375020592999 -0.13769865750716964 0.29038602772119082 -0.2930435864147995 0.52699464030825438 -0.18243112372891485 -0.28345899721337342 0.0018001904546614453 -0.40852484314482085 0.066752611797594424
0.13106274856407912 0.4740934527454202 0.078697375020592999 0.13769865750716964 -0.29038602772119082 0.2930435864147995 -0.52699464030825438 0.18243112372891485 0.28345899721337342 -0.0018001904546614453 0.40852484314482085 -0.066752611797594424
0.47514768416252084 0.11897438173065455 0.085775858058054322 0.18563021401352783 -0.62226032340581472 -0.07397064662709138 -0.023517586605401378 0.26950977300736378 0.48840376752141612 -0.081777247202815762 -0.011154432074436463 0.083936640560892908
0.48536827657139969 0.4779257589901218 -0.14308195665921641 -0.073595865489492679 -0.18177409234132105 0.17736266005583196 0.098360650742986666 -0.42219963654489234 0.39479658519641136 -0.13994955842143142 0.12931204110452849 -0.25596346643947721
0.14429310477434509 -0.11277015792954831 -0.09439490297677941 0.42714590052420559 -0.55789817515548878 -0.19652672768272561 0.094656838801234058 -0.41125007902525729 0.26933472477528131 -0.19132519022951794 -0.22683937237493684 -0.29417014964349142
0.26998929325039694 0.13679003609369902 -0.14526362339764115 -0.61604794059058621 0.14528023152131883 0.23088052234729459 -0.31376251525014898 0.29471787021735801 -0.089681964270920941 -0.22230210530708233 -0.31930789825181438 0.29772700124422052
0.31687673821271406 -0.45036142485955555 -0.34666500168801334 -0.3118505290650746 -0.30018977599282498 0.26234563277961914 -0.052464509204186584 0.26046868205730983 0.30261876576036822 0.023410102612764969 -0.14195794971362677 0.37084031929550193
0.24161041927008672 0.14529691488128277 -0.13530539969295102 -0.63297888202446206 0.23558004489804724 0.1181724415309298 -0.19467547621845735 -0.38492620148089268 -0.3858347903494001 -0.10740234825451023 0.27859152543091092 0.089425961195268688
0.25957400828232385 -0.11679059074398676 0.42901339485942602 -0.02983230522467609 -0.53545155923856103 -0.17386778003646181 0.072733459959407401 -0.4009621612088396 -0.28059229380184847 0.00044815995329078274 -0.40984202102747147 0.065855342996125166
0.15198364773484521 0.15179173287586745 -0.67303742297033164 -0.17431545867127821 -0.087929166629435507 0.39072473117578843 -0.21973167573510688 -0.1272634477466735 0.0089762626924360846 0.2351280096566406 -0.40567091541809808 0.16026538808484553
0.14958395153052423 0.16159870421529257 -0.64268343841735753 -0.19362692298719406 -0.4233715154012675 0.030891663059099302 0.27721860918662045 -0.023463589646536036 -0.28603954730133152 0.35066438456214782 0.19112343693515058 -0.045457445311113058
0.080898312573597767 0.4500296529435146 0.075497705883839403 0.11631613943760374 0.14261412414656455 0.55899055813084997 0.080183588847701853 -0.4295572017391448 0.28561411708760537 0.3352759071138583 -0.1642016235268873 0.16429810009638995
0.23262670217542852 -0.1452849006507449 0.38751337483472154 -0.023560723948890101 0.13993839089749355 0.55973657488817152 0.059935364085597319 -0.43254563813404517 -0.27081032374628911 0.18997198158255457 0.23261831044216899 0.294857193656137
-0.25559095543337512 0.14874163238091359 -0.41047157882502838 0.027632240895662286 0.28721861526744447 -0.31036608105064079 -0.43848203491100568 -0.35100285922683694 0.27858736791718036 0.34078728022258575 -0.16787089627831284 0.16456021222483344
0.41735441662706663 0.032761968124946091 -0.22580428161584148 -0.16840318040766994 -0.11332440227609923 -0.55327405180343614 -0.049446366894570583 0.41862083917639842 -0.14526312353541926 0.31062060394767044 0.037239416785909481 -0.36024780920681382
-0.26758959704607599 -0.14659700743312412 0.11490963884466707 0.63535940490650211 0.19016211725051307 0.12895254576939444 -0.18318776967157838 -0.39851772831749549 0.38469777426468854 0.10676573040157508 -0.2774864541014343 -0.092004167848261931
0.086578265582575142 -0.19875195448438782 -0.40431059335419273 0.072825654790864502 -0.046308906442998669 -0.67769900474674105 0.064734523578160591 -0.26209618590701134 0.066893868780422555 0.42323186552836134 0.2567518946541068 0.020106478437182967
-0.086578265582575142 0.19875195448438782 0.40431059335419273 -0.072825654790864502 0.046308906442998669 0.67769900474674105 -0.064734523578160591 0.26209618590701134 -0.066893868780422555 -0.42323186552836134 -0.2567518946541068 -0.020106478437182967
0.26758959704607599 0.14659700743312412 -0.11490963884466707 -0.63535940490650211 -0.19016211725051307 -0.12895254576939444 0.18318776967157838 0.39851772831749549 -0.38469777426468854 -0.10676573040157508 0.2774864541014343 0.092004167848261931
-0.41735441662706663 -0.032761968124946091 0.22580428161584148 0.16840318040766994 0.11332440227609923 0.55327405180343614 0.049446366894570583 -0.41862083917639842 0.14526312353541926 -0.31062060394767044 -0.037239416785909481 0.36024780920681382
0.25559095543337512 -0.14874163238091359 0.41047157882502838 -0.027632240895662286 -0.28721861526744447 0.31036608105064079 0.43848203491100568 0.35100285922683694 -0.27858736791718036 -0.34078728022258575 0.16787089627831284 -0.16456021222483344
-0.42306753358954796 -0.10253606607821317 -0.081658691354675073 -0.16150955333280595 0.1909133975638786 -0.19165763443474976 -0.58340014733686807 0.3406505284193192 -0.073920617950847561 -0.41772049241963388 -0.26042116740553228 -0.019844366308739453
-0.080898312573597767 -0.4500296529435146 -0.075497705883839403 -0.11631613943760374 -0.14261412414656455 -0.55899055813084997 -0.080183588847701853 0.4295572017391448 -0.28561411708760537 -0.3352759071138583 0.1642016235268873 -0.16429810009638995
-0.14958395153052423 -0.16159870421529257 0.64268343841735753 0.19362692298719406 0.4233715154012675 -0.030891663059099302 -0.27721860918662045 0.023463589646536036 0.28603954730133152 -0.35066438456214782 -0.19112343693515058 0.045457445311113058
-0.16014278702581231 -0.21123248698161445 0.34504477039678344 -0.18745840479206147 -0.34236609299448545 -0.36625191520694478 -0.51068623795207824 -0.059693798669684786 -0.21135834624429226 0.42847624872654105 -0.15760232539996888 0.081957596488174536
0.073714914017117286 0.12364945188366558 0.32463772160495635 0.38253779361986323 -0.34007657211576586 -0.35697574692991263 -0.47840984535751885 -0.075286547149972571 -0.21275204773230255 0.081461702494689703 0.42010043238068656 -0.14676679282077915
0.037574858774852782 -0.60661251256601956 -0.22299140717411925 0.32074140083824249 0.099719448245574716 0.22285169831335497 0.18569405438702277 0.361881552563387 -0.0042103316034181248 -0.23882057901740278 0.4118873910407963 -0.16204187492275079
-0.46268700083836822 -0.11219745611180396 -0.060560850639003558 -0.2192608833337146 -0.22147013308981173 0.17560025241877286 0.54037426233759522 -0.30930495694000804 0.074749497275765769 0.42656409517519012 0.25716274854847532 0.01881638502223211
0.42306753358954796 0.10253606607821317 0.081658691354675073 0.16150955333280595 -0.1909133975638786 0.19165763443474976 0.58340014733686807 -0.3406505284193192 0.073920617950847561 0.41772049241963388 0.26042116740553228 0.019844366308739453
-0.34186328409405375 -0.31073018218508131 -0.49805913498357668 -0.10191769888028737 0.057853197547473999 -0.44640991435842986 -0.26263090231650604 0.042378174108875864 -0.30191206306331247 0.22307410475836395 -0.26427203131643734 -0.20969923321904094
0.13518315973160427 -0.11145291370781352 -0.12191984350379771 0.46466002360981296 0.28800435002033464 -0.29888283421014034 -0.42221938750557725 -0.37083706097277747 -0.15066397451349672 0.30963654299099186 0.039813174184059247 -0.36097655542582763
-0.23682403389245341 -0.32040419922964541 0.035173242944634496 -0.57348450164407128 -0.12572012532530161 -0.2590516288603591 -0.21816646406594922 -0.35895011950736472 0.39264864357069701 0.25237542655479739 0.170465587664132 0.069670474183958622
0.23875850346829819 0.35101722586460166 -0.011512692652922213 0.57291487723254131 -0.11931151709206245 -0.23382071669000168 -0.15072649859998469 -0.39221560258351656 0.39310159548870582 0.23655724674592263 0.17365630457382741 0.072894828931735378
-0.093547649117533285 -0.47960313843175523 -0.092529670219349949 -0.14065023355870526 -0.31195475206309176 0.27843096512734483 0.42812902115827295 0.3563076898907071 0.2727333521479598 -0.1855460841735431 -0.226829212849808 -0.29586131555549638
0.23682403389245341 0.32040419922964541 -0.035173242944634496 0.57348450164407128 0.12572012532530161 0.2590516288603591 0.21816646406594922 0.35895011950736472 -0.39264864357069701 -0.25237542655479739 -0.170465587664132 -0.069670474183958622
-0.54340690493743704 0.10222934369754501 0.35202340837480361 -0.28094065223814541 -0.090990133372089485 0.4351380154007905 0.22129199054925772 -0.010355033220787721 -0.3854088359740489 -0.1029986345146755 0.27779217494105118 0.091603035976828562
0.34186328409405375 0.31073018218508131 0.49805913498357668 0.10191769888028737 -0.057853197547473999 0.44640991435842986 0.26263090231650604 -0.042378174108875864 0.30191206306331247 -0.22307410475836395 0.26427203131643734 0.20969923321904094
-0.23875850346829819 -0.35101722586460166 0.011512692652922213 -0.57291487723254131 0.11931151709206245 0.23382071669000168 0.15072649859998469 0.39221560258351656 -0.39310159548870582 -0.23655724674592263 -0.17365630457382741 -0.072894828931735378
0.46268700083836822 0.11219745611180396 0.060560850639003558 0.2192608833337146 0.22147013308981173 -0.17560025241877286 -0.54037426233759522 0.30930495694000804 -0.074749497275765769 -0.42656409517519012 -0.25716274854847532 -0.01881638502223211
-0.14626147261779732 0.13543816805332395 0.1197260545917052 -0.43301480429482686 0.30948889073439145 -0.29406701836646071 -0.46303209881599122 -0.34046297933621972 0.14205826389082155 -0.30807192430336333 -0.042960812430908844 0.35905555764490382
0.35676414898384989 0.33601552908243315 0.51626110691976823 0.13118239531323336 0.1138978810586919 -0.39366492551849547 -0.24475733811502676 0.029765715380514954 0.2944433685253488 -0.22087286821780031 0.26001932174011111 0.21035644209111037
-0.20109577291837191 0.2118173501717252 -0.12283015522471648 0.38091294271090481 0.022866683852810064 0.65993888025641434 -0.044418939246148599 0.25280932288714653 -0.058931564645291451 -0.23554039553397343 0.38517664278582892 0.21276964804420112
-0.24451264254718205 0.12475637803540313 -0.40827778991293584 -0.0040129784193237532 -0.31027462548728163 0.28258377152596026 0.44676945141056279 0.36029718108216024 0.28719307853985554 0.33922266153495723 -0.16472325803146326 0.16648121000575727
-0.16489309047786885 0.60215315773542288 -0.3263724212823183 0.13753507039379645 0.21226060936338945 0.12837909839616926 -0.16726716653092027 -0.38773212980398342 -0.2936425030679321 0.21171790704387564 -0.26371296570447134 -0.21057493121065637
0.032214990080884347 0.36249999511607128 -0.2085574932630381 -0.27523137806920145 -0.19435247989954357 0.18204325948191991 0.57113103486534389 -0.3208591536225901 0.071945925319548049 0.22671202504383467 -0.38246032122553747 -0.21307994388898061
-0.10018903006964459 0.023711136769346303 -0.53731614248637805 0.46766486359430626 -0.026760290241846847 -0.025181111676993172 -0.47086036983034396 -0.095808641498199926 0.0049899960657112897 0.13206727941104859 0.45341224556125059 0.16337858694272811
0.54340690493743704 -0.10222934369754501 -0.35202340837480361 0.28094065223814541 0.090990133372089485 -0.4351380154007905 -0.22129199054925772 0.010355033220787721 0.3854088359740489 0.1029986345146755 -0.27779217494105118 -0.091603035976828562
-0.013217960962142243 0.0016928659654440459 0.038333982654673117 0.0022981644549582604 0.17809428508746095 -0.82459214326934571 0.47620964447603642 0.24463948687750728 -0.0057967360260349219 0.00080849563460456074 -0.0019768482517031789 0.0039495607362049993
0.20109577291837191 -0.2118173501717252 0.12283015522471648 -0.38091294271090481 -0.022866683852810064 -0.65993888025641434 0.044418939246148599 -0.25280932288714653 0.058931564645291451 0.23554039553397343 -0.38517664278582892 -0.21276964804420112
0.20907622414879265 -0.24487055273250485 0.066075322366518863 -0.38471599949918733 0.047014811145504064 0.65076535010203385 -0.068833019712840171 0.25472923448398704 -0.060213395888218474 -0.22856581848065488 0.38524434473319052 0.21057327458293174
-0.13518315973160427 0.11145291370781352 0.12191984350379771 -0.46466002360981296 -0.28800435002033464 0.29888283421014034 0.42221938750557725 0.37083706097277747 0.15066397451349672 -0.30963654299099186 -0.039813174184059247 0.36097655542582763
0.099879496729770256 -0.022734045004938103 0.5056646204312375 -0.4522257176947988 0.35986462434629685 0.38456348314829786 -0.026458310955512567 -0.0054060002102786246 -0.2991896773244363 -0.017904765300979956 0.14381683477682825 -0.37505096739393212
0.10018903006964459 -0.023711136769346303 0.53731614248637805 -0.46766486359430626 0.026760290241846847 0.025181111676993172 0.47086036983034396 0.095808641498199926 -0.0049899960657112897 -0.13206727941104859 -0.45341224556125059 -0.16337858694272811
0.06999717109089737 0.38001748634999527 -0.22890838224885277 -0.22050504199159202 0.21903117231110225 -0.18740218991348262 -0.55689740495671047 0.33096718272732517 -0.062136424289889164 -0.23299171588966633 0.37945524714082951 0.21157739648229118
0.16489309047786885 -0.60215315773542288 0.3263724212823183 -0.13753507039379645 -0.21226060936338945 -0.12837909839616926 0.16726716653092027 0.38773212980398342 0.2936425030679321 -0.21171790704387564 0.26371296570447134 0.21057493121065637
0.24451264254718205 -0.12475637803540313 0.40827778991293584 0.0040129784193237532 0.31027462548728163 -0.28258377152596026 -0.44676945141056279 -0.36029718108216024 -0.28719307853985554 -0.33922266153495723 0.16472325803146326 -0.16648121000575727
0.64041179308429808 -0.11987613671432087 0.18363809349461185 -0.19369713601623945 0.11434153155721774 -0.40620454737631884 0.24826112329226527 0.10772726085401471 -0.39864139449248293 -0.24393160975994529 -0.17218906883261026 -0.069852573008067242
0.13560247827563565 0.14250556452088542 -0.66090540839097311 -0.1572362503568536 0.42431376836818746 -0.078756810083816173 -0.24251386093306343 0.015046953317794065 0.29590405974114953 -0.35916740502720812 -0.18970321851300018 0.044192685703679145
-0.33389869449342552 -0.31457220289593457 -0.50058957910544999 -0.12418542969120265 -0.45463912050610683 0.014077391332663135 -0.24356341075895166 -0.099575898773055088 -0.0042069226975717999 -0.3714644403992553 -0.044785365892763163 -0.32772151001737193
-0.046147726639774407 -0.36059112465850623 0.21145978050326711 0.2420756232425095 -0.2270463866941167 0.17155221277069621 -0.42880794445003678 -0.50314518873998315 -0.07539621692185533 -0.41907370106659725 -0.25464222933830022 -0.01915732229609389
0.037624343986355308 -0.57549024461093623 -0.20151367213277036 0.31533784548284699 -0.14942827896344194 -0.26472145058189428 -0.1814981107029984 -0.38904347481450147 -0.0078354349351009902 -0.23669059516894023 0.41028187306081976 -0.16196288638463421
-0.1467669416920874 0.60988550595819269 -0.30426324214086548 0.14802830616928728 0.08560538316784698 -0.41602859358062233 -0.23483969509044977 0.039655188370326784 -0.093111052706852812 -0.22780744261886735 -0.32116678331501586 0.30193764934265072
0.18785348930488971 0.24877175976127147 -0.30727720111478268 0.17794721526916313 -0.33401946381483005 -0.36245361656175162 0.52187653931607358 0.092278330391443147 -0.34038833825326581 -0.23853525017860822 -0.025932117282270586 0.2819421719728144
-7.8428343684280866e-05 -0.00023061705086891831 -0.0016644492964825073 0.00028685131214328027 -0.0026533475827748101 0.0018688718876706315 0.003993534933904256 -4.2826949211292615e-05 -0.4312260350619766 -0.22215920460739308 -0.43519741816869772 -0.75846107784838102
0.40176660958182481 -0.25062669055069431 0.31267691337903269 0.43054587589487925 -0.33568821124710446 -0.35690061843105941 0.018241465506848294 -0.0042427780665404242 -0.10263124383444779 -0.46196334975021053 0.09164186006036279 0.14098344556481435
-0.14505650094652711 0.10372519505664946 0.098127353719483168 -0.42390629227709326 0.5588937818287496 0.19162790452678863 -0.0930490442914194 0.41024902422870452 0.27262998966671737 -0.18813962994767869 -0.23208651641246419 -0.29873146947750928
0.24239486498854929 0.14903954246813744 -0.10329677452301436 -0.64531742168029926 -0.09645341181706614 -0.24541298293323779 0.30358206469209092 -0.28268992951578226 0.098209634057652803 0.22299699151456923 0.31637052611446809 -0.30142592211217939
-0.18785348930488971 -0.24877175976127147 0.30727720111478268 -0.17794721526916313 0.33401946381483005 0.36245361656175162 -0.52187653931607358 -0.092278330391443147 0.34038833825326581 0.23853525017860822 0.025932117282270586 -0.2819421719728144
0.1467669416920874 -0.60988550595819269 0.30426324214086548 -0.14802830616928728 -0.08560538316784698 0.41602859358062233 0.23483969509044977 -0.039655188370326784 0.093111052706852812 0.22780744261886735 0.32116678331501586 -0.30193764934265072
0.075185195611116362 0.38025555499024749 -0.23196526708667711 -0.21359659430287217 0.2202031194343439 -0.18594112810733593 -0.55266292538373685 0.32971416585657276 0.066430375601338548 0.22817601864189485 -0.3873833741465102 -0.21579407541916334
0.3057217349220982 0.24380053391451956 0.21755361435615894 -0.27190792846718559 -0.30840517254444433 -0.34541999280715802 0.50154140440944417 0.10218302753114361 -0.20519607687999317 0.41952186101988803 -0.15519979168917131 0.085012665292219056
-0.082379426071365724 -0.38656379491797693 0.2053578241262845 0.25384885999963552 0.62735263176729894 0.08390371223413054 0.036047194290612386 -0.2911291718454696 -0.069790805445316129 0.11036407252468505 -0.19026614544617071 0.4441306557829649
-0.13560247827563565 -0.14250556452088542 0.66090540839097311 0.1572362503568536 -0.42431376836818746 0.078756810083816173 0.24251386093306343 -0.015046953317794065 -0.29590405974114953 0.35916740502720812 0.18970321851300018 -0.044192685703679145
-0.47740368697077146 -0.48176777970097506 0.14055151253734313 0.051328134678577386 -0.33071822571225978 0.28312464563526113 -0.079293159185432241 0.28024556366296144 -0.097091444830670684 -0.45458898673618786 0.090174624319145635 0.13794118964114621
0.54522211684766819 -0.11455338170073714 -0.34994191330510932 0.26043586688049475 -0.21046137883193489 -0.13837472383840818 0.22116337902335012 0.36686078687533169 -0.0061216183696660353 -0.38096878726174049 -0.041712612171569491 -0.32475824263182035
-0.077598996443060966 -0.093355957610425755 -0.3002240675566562 -0.39114484000164051 0.090014061668849121 -0.133936689773483 0.10977409012907481 -0.6745984871701276 0.2075067669536049 -0.41843717497364108 0.15440144896514463 -0.08349078532394634
0.37320206402355371 -0.0016870241139635526 -0.26042763199586694 -0.19945765903613971 0.14114796016887282 0.53278340422187587 0.076104643287639787 -0.43754198728200472 0.14914002447140562 -0.3158066270313194 -0.034866247172624959 0.35903123331571585
-0.40992188243689764 -0.086944794637332568 -0.06184058397481057 -0.19809297958796176 -0.65646601318778341 -0.083260333599460667 -0.064157731180584737 0.30181357233401651 -0.48395810265764094 0.084371971122544021 0.0093156196872098834 -0.082650799452994847
0.16082652374422432 -0.11349016671454752 -0.101776592689569 0.46008704102708436 -0.13849503679204486 -0.54303581423752478 -0.045020015976296728 0.41188446714328081 -0.28376746368158617 -0.0040795406908817142 -0.41031041734407281 0.067650643960340484
-0.44812194971194119 -0.090249454773027538 -0.042611388736867345 -0.19218864660145712 -0.050476279147465213 -0.6615025801852128 0.032322147545307205 -0.23788346913294686 -0.066959702514998887 0.11441263018094504 -0.19610848122650631 0.4455225866274764
0.20985523189789726 0.32368211734583918 -0.023389307104377276 0.5582868849103908 0.21906514610434596 0.14524740438174563 0.33461384539703626 -0.32195627716051051 -0.089270870406418332 -0.095234833929115914 0.13815316521489326 0.46703906410331902
-0.20985523189789726 -0.32368211734583918 0.023389307104377276 -0.5582868849103908 -0.21906514610434596 -0.14524740438174563 -0.33461384539703626 0.32195627716051051 0.089270870406418332 0.095234833929115914 -0.13815316521489326 -0.46703906410331902
0.37249009000224664 -0.35931151247936582 -0.034278752688313929 0.082494103540429936 -0.088312550293082909 0.10210421197283873 -0.11226479175393972 0.6662304809505506 0.34113842038059783 0.23363840184415097 0.028668901634751623 -0.2787310807769397
-0.19741021494907762 -0.92617605964510108 -0.19098558009349617 -0.25289485604953682 -0.027411870044718262 -0.031189099165974392 -0.030601238514837245 0.0023163942689697547 -0.0051037207687543067 0.0099372705177389158 0.002119824840935446 -0.00074200977091589131
0.27801103264302085 0.20626126113486259 0.17978604507415827 -0.26239673894428728 0.36798038426487117 0.38328553896153839 0.49035110304544882 0.069598495809385263 0.3465506076175649 0.22958086247195519 0.028334650993068158 -0.2788871031687698
0.085195895144615563 -0.22951413444874891 -0.42733181186115093 0.074811104796065231 0.19992830929790167 -0.18637875796182146 0.43312933416753518 0.48899903833463004 -0.48765368539408416 0.076880398868358457 0.013891216426917527 -0.080725549365018232
0.077598996443060966 0.093355957610425755 0.3002240675566562 0.39114484000164051 -0.090014061668849121 0.133936689773483 -0.10977409012907481 0.6745984871701276 -0.2075067669536049 0.41843717497364108 -0.15440144896514463 0.08349078532394634
-0.54522211684766819 0.11455338170073714 0.34994191330510932 -0.26043586688049475 0.21046137883193489 0.13837472383840818 -0.22116337902335012 -0.36686078687533169 0.0061216183696660353 0.38096878726174049 0.041712612171569491 0.32475824263182035
0.33389869449342552 0.31457220289593457 0.50058957910544999 0.12418542969120265 0.45463912050610683 -0.014077391332663135 0.24356341075895166 0.099575898773055088 0.0042069226975717999 0.3714644403992553 0.044785365892763163 0.32772151001737193
-0.3057217349220982 -0.24380053391451956 -0.21755361435615894 0.27190792846718559 0.30840517254444433 0.34541999280715802 -0.50154140440944417 -0.10218302753114361 0.20519607687999317 -0.41952186101988803 0.15519979168917131 -0.085012665292219056
0.011905214338737884 -0.60888969688226913 -0.21173564596726283 0.30768277782077513 0.19235727628968502 0.11059431414237449 0.30514948928284352 -0.32034773552652246 0.28885233357059537 -0.35361971098040657 -0.18423661796780588 0.047052298875459968
0.38705637223875949 -0.0038265116223974447 -0.26499436853257846 -0.16601505289730453 0.55989347917975829 0.18105680385693049 -0.062224912193763159 0.38641952813135722 -0.27863571898826373 -0.34560415561594993 0.16703888522251498 -0.1671925783475908
0.2897970217908451 -0.44740964850441511 -0.33723495261672398 -0.3266424767827375 -0.21059715535103066 0.15118439227088726 0.069630583392238654 -0.42049828106297504 -0.003849168308376168 -0.13362986492334822 -0.44880128791852891 -0.1650760852425168
-0.36123855994418425 0.00058486319011069599 0.22221461517206698 0.19345453791884334 -0.31949940914167529 0.29368696504946945 -0.55510517719822683 0.19311552421746167 -0.27028991088958365 0.19293585319256765 0.22757431738586001 0.2947272445323757
-0.099879496729770256 0.022734045004938103 -0.5056646204312375 0.4522257176947988 -0.35986462434629685 -0.38456348314829786 0.026458310955512567 0.0054060002102786246 0.2991896773244363 0.017904765300979956 -0.14381683477682825 0.37505096739393212
-0.37249009000224664 0.35931151247936582 0.034278752688313929 -0.082494103540429936 0.088312550293082909 -0.10210421197283873 0.11226479175393972 -0.6662304809505506 -0.34113842038059783 -0.23363840184415097 -0.028668901634751623 0.2787310807769397
-0.21625864370869469 -0.24457931829667129 0.34863443684055795 -0.2125097623032349 0.090457718423289202 -0.10666482845297806 0.093865306140719196 -0.67143016206354478 0.20419468818071071 -0.075080208413697003 -0.42241605957173833 0.14747816116261264
0.24579604256213652 -0.15623873398120872 0.38834353833719637 0.012834639124914135 0.56233286416441464 0.20124227947961848 -0.08077993181989522 0.39045764943197531 0.27460468229801688 0.0028688374281205242 0.41079497221860561 -0.065807159279789237
0.084510927316117812 -0.23832848027077885 -0.4219349118219648 0.077763861731034278 0.20357726355393729 -0.1931464530054291 0.43074359374344573 0.48804081048728848 0.48553706410989117 -0.08042521670144509 -0.0098372541917858131 0.084833909362362195
-0.20240433549348896 -0.24671880580510519 0.34406770030384648 -0.17906715616439969 0.50920323743417473 -0.45839142881792355 -0.044464249340683763 0.15253135334981707 -0.22358105527895863 -0.10487773699832752 -0.22051092717659843 -0.37874565050069392
0.0051880245202189776 0.00023806864025230622 -0.0030568848378243795 0.0069084476887198562 0.0011719471232416565 0.0014610618061466705 0.0042344795729735759 -0.0012530168707523238 0.12856679989122771 0.46116773453156118 -0.76683862128733971 -0.42737147190145441
-0.37282219603822209 0.266473144147445 -0.29854773233927889 -0.44166226889026261 -0.3045036488077309 0.27725200160692437 -0.065073353620686877 0.2907904674634807 0.013943620227794381 0.13716587935837021 0.44967552293404456 0.16185674085632917
-0.50733772473294103 -0.49303622262969066 0.15860202818613045 0.044866388058240267 -0.022923507026940407 0.0018440506804584412 0.46184935614952921 0.096235407396533953 0.29611096802497294 0.027985694134269077 -0.14362907712571304 0.37438874816027357
-0.011905214338737884 0.60888969688226913 0.21173564596726283 -0.30768277782077513 -0.19235727628968502 -0.11059431414237449 -0.30514948928284352 0.32034773552652246 -0.28885233357059537 0.35361971098040657 0.18423661796780588 -0.047052298875459968
-0.037574858774852782 0.60661251256601956 0.22299140717411925 -0.32074140083824249 -0.099719448245574716 -0.22285169831335497 -0.18569405438702277 -0.361881552563387 0.0042103316034181248 0.23882057901740278 -0.4118873910407963 0.16204187492275079
0.017153624345742528 0.354534207824655 -0.22929309820952828 -0.24138609442520156 0.65137370482629919 0.073327267992421508 0.051628123495373719 -0.28019417349591069 0.06534514058154095 -0.11295879644441334 0.19210495783339726 -0.44541649689086299
0.36123855994418425 -0.00058486319011069599 -0.22221461517206698 -0.19345453791884334 0.31949940914167529 -0.29368696504946945 0.55510517719822683 -0.19311552421746167 0.27028991088958365 -0.19293585319256765 -0.22757431738586001 -0.2947272445323757
-0.79055648065062034 -0.031074944010982538 0.48623191361170842 0.36786083944380965 -0.027823557892773593 0.020490647581560217 -0.026658276393069207 0.018921148105606304 -0.0038769009359863669 0.0051860230836489676 -0.0023731696132845187 0.0012165758910979813
0.13594867693426615 -0.61799961133217374 0.31224324024256445 -0.12641867739841317 0.42793125069144594 -0.048730481572034252 0.21409905464475887 0.10118444040704305 0.38233012667458549 0.11307956334796465 -0.27760441728993596 -0.092265255210487118
-0.31687673821271406 0.45036142485955555 0.34666500168801334 0.3118505290650746 0.30018977599282498 -0.26234563277961914 0.052464509204186584 -0.26046868205730983 -0.30261876576036822 -0.023410102612764969 0.14195794971362677 -0.37084031929550193
0.13876568677270298 0.15348459884131149 -0.63470344031565851 -0.17201729421631995 0.090165118458025439 -0.43386741209355728 0.25647796874092954 0.11737603913083375 0.0031795266664011641 0.23593650529124516 -0.40764776366980127 0.16421494882105053
-0.42855452453425408 -0.02261484432819437 0.26028484769693772 0.17116669327785397 0.2906802445756409 -0.26829749431197214 0.52683910629534292 -0.1731933213153026 -0.27555170448840138 0.19171499006827797 0.22897840178825649 0.29939095047972303
-0.039197138738131458 0.0003927734136026889 0.017938221806389119 0.0046786873369983242 0.60383644723602126 -0.57746715596902143 0.098346398586000666 -0.53880444292088081 -0.0069337521107464706 0.00017187778166941685 -0.00087177692222656009 0.001371354083211755
0.098463341318260345 -0.20008473245910963 -0.44418805947447515 0.067109384985711423 -0.22731370299857595 0.15064023641227497 -0.4102724753985223 -0.50656547592076562 -0.4854820526997321 0.078201887082216481 0.014262546698644171 -0.084596121563106655
0.18297426863437821 -0.43841321272988848 -0.86612297129643989 0.14487324671674573 -0.023736439444638671 -0.042506216593154143 0.020471118344923524 -0.018524665433477118 5.5011410159076183e-05 -0.002223329619228615 0.0044252925068583348 0.00023778779925553661
-0.13876568677270298 -0.15348459884131149 0.63470344031565851 0.17201729421631995 -0.090165118458025439 0.43386741209355728 -0.25647796874092954 -0.11737603913083375 -0.0031795266664011641 -0.23593650529124516 0.40764776366980127 -0.16421494882105053
0.061065577473181747 0.094075966395424981 0.30760575726944572 0.35820369949876163 -0.50941720003229307 0.48044577632828217 0.029902764648455961 -0.1485360589984103 0.34559542150326256 0.23119152543500487 0.029069596003991324 -0.27833000827988558
-0.13594867693426615 0.61799961133217374 -0.31224324024256445 0.12641867739841317 -0.42793125069144594 0.048730481572034252 -0.21409905464475887 -0.10118444040704305 -0.38233012667458549 -0.11307956334796465 0.27760441728993596 0.092265255210487118
0.085058536826039199 0.38798327364141155 -0.20817277730236261 -0.25435032563559185 -0.62669501241474046 -0.078686198423984249 -0.037394493586740227 0.29030220260064576 -0.055535639551882066 0.10667910559858168 -0.19511003191810522 0.44391394948417356
-0.25087352024604859 -0.13363569853896445 0.13519310585055277 0.6441193159817975 0.060461683652654634 -0.41435900254514851 -0.24812064053050337 0.030131914826439302 -0.014301374616990012 -0.3750004548342773 -0.045659600908278808 -0.32450216563118428
-0.017153624345742528 -0.354534207824655 0.22929309820952828 0.24138609442520156 -0.65137370482629919 -0.073327267992421508 -0.051628123495373719 0.28019417349591069 -0.06534514058154095 0.11295879644441334 -0.19210495783339726 0.44541649689086299
0.13311582146514694 -0.1510294394942045 -0.13954416197156974 0.46959823054998268 0.53789052001727056 0.18566971753117162 -0.056210317340292137 0.37929993542152246 0.26797922081597186 -0.19402053923881454 -0.22677597466183338 -0.29624912450064839
-0.1026575941602741 -0.47828589421002038 -0.12005461074636825 -0.1031361104730979 0.53394777311273167 0.17607485859993011 -0.088747205148538344 0.39672070794318692 -0.14726534714081826 0.31541564904696667 0.0398233337091881 -0.36266772133783259
-0.47583265199101854 -0.1277887275526845 -0.080378958018868074 -0.18267745707855879 0.62590927766185034 0.067202951583483744 0.021131846181311791 -0.27046800085470535 0.4847869819825591 -0.075528368366987786 -0.012574038544266877 0.08162281816648749
-0.13366343097506833 -0.47528231441798591 -0.074217972548032404 -0.13748404318335655 0.29238175595140714 -0.30012997211261644 0.52434840467047805 -0.18156132753487969 0.27309348284580137 0.0069162169387877968 0.41204875238815275 -0.062830915621162997
-0.28849786423240387 0.44185454607197183 0.33670677798332316 0.32878147049895046 0.20988996261609658 -0.14963755196325429 -0.066622529827504995 0.41917538964094081 -0.006465939681889017 -0.13830985966533707 -0.45594147396909857 -0.16253927924655007
-0.028118825851938391 -0.023592480931907758 0.020132010718481638 -0.026966531977987721 0.0063432064812950755 0.015482696607579685 0.98359788490756928 0.17249559738811646 0.0016719585119287319 -0.0013927409059590894 0.0022758613246230343 0.0032923518641355762
-0.31546666622696001 0.44513246418816554 0.34849071382358038 0.31358385376527009 0.30323498339514093 -0.26344177644186778 0.049824851503582117 -0.26173100702693447 0.29691183348238964 0.018830732960344435 -0.14732272109007327 0.37417025904072754
-0.04787706918088408 0.59172947162128975 0.23358107497891331 -0.32177555114123196 0.11307286614462786 -0.39239432221126225 0.23301262117516047 0.13678672129056099 -0.087785940782298885 -0.08793499744123065 0.13016373301136103 0.46617442688898947
0.42855452453425408 0.02261484432819437 -0.26028484769693772 -0.17116669327785397 -0.2906802445756409 0.26829749431197214 -0.52683910629534292 0.1731933213153026 0.27555170448840138 -0.19171499006827797 -0.22897840178825649 -0.29939095047972303
0.31546666622696001 -0.44513246418816554 -0.34849071382358038 -0.31358385376527009 -0.30323498339514093 0.26344177644186778 -0.049824851503582117 0.26173100702693447 -0.29691183348238964 -0.018830732960344435 0.14732272109007327 -0.37417025904072754
0.24479456119287027 0.13923257112871235 -0.13365075907598845 -0.62600595736438336 0.23898893695476575 0.11442008518345125 -0.19336822022963643 -0.38648978761591973 0.3932254440514204 0.10746061660906198 -0.28042382623878059 -0.095703088716220769
-0.0026006824109891889 -0.0011888616725657635 0.004479402472560603 0.00021461432381309235 0.0019957282302162853 -0.007086385697816929 -0.0026462356377764153 0.00086979619403515041 0.55655248005917479 0.0051160264841263519 0.8205735955329736 -0.12958352741875742
0.13366343097506833 0.47528231441798591 0.074217972548032404 0.13748404318335655 -0.29238175595140714 0.30012997211261644 -0.52434840467047805 0.18156132753487969 -0.27309348284580137 -0.0069162169387877968 -0.41204875238815275 0.062830915621162997
0.47583265199101854 0.1277887275526845 0.080378958018868074 0.18267745707855879 -0.62590927766185034 -0.067202951583483744 -0.021131846181311791 0.27046800085470535 -0.4847869819825591 0.075528368366987786 0.012574038544266877 -0.08162281816648749
0.37314531844305948 0.34530169743741523 0.50412909234040981 0.11410318699880878 -0.3983450539389311 0.075816615741109067 -0.22197515291707021 -0.11254468568395265 0.0075155714766354164 0.37342254646604844 0.044051624835013181 0.32642914447227678
0.14505650094652711 -0.10372519505664946 -0.098127353719483168 0.42390629227709326 -0.5588937818287496 -0.19162790452678863 0.0930490442914194 -0.41024902422870452 -0.27262998966671737 0.18813962994767869 0.23208651641246419 0.29873146947750928
-0.36091698169948416 -0.34241655273482419 -0.51028337830654169 -0.13397949106948745 -0.11214637251804581 0.3878463157492989 0.24007613566215663 -0.029557268063041788 0.30279595379838975 -0.21645383162203635 0.26543890496623868 0.20890903973178912
-0.039246623949633991 -0.030729494541480641 -0.0035395132349597784 0.010082242692393873 0.85298417444503793 -0.089894007073772209 0.46553856367602187 0.21212058445700774 -0.0033086487790636105 -0.0019581060667931416 0.00073374105774997493 0.001292365545095176
-0.26395323552582489 -0.34857469082958831 0.023125556974574905 -0.58287289400633846 0.2130202225255094 0.11736027952615834 0.27112079362049729 -0.28899205524976107 0.08980581283363552 0.09320547517022168 -0.1347722325607936 -0.46632491889217664
0.29257608376944788 0.22820926247363899 0.19773550697629447 -0.23532450221202977 0.53897423820721768 -0.45381729364244711 -0.017701011746839253 0.14101998361644638 0.20484140782680024 -0.082570602522289871 -0.42493657878191349 0.14781909843647445
-0.64328640166720719 0.12496338870248311 -0.153641212056434 0.17128506545665342 -0.45085475771838635 0.05057453225249272 0.24775030150477029 -0.0049490330105090756 -0.086219158649612562 -0.08509386921369555 0.13397534016422297 0.46665400337076068
-0.21038016624306791 0.21433898981901273 -0.087432091576994594 0.38641459819224483 0.20187575217817105 -0.1613139752047848 0.4332342953683106 0.4964088167068656 -0.063108123224311585 0.10437355642804508 -0.19290760479168206 0.44705577546324821
-0.54632265549354786 0.11880525060771896 0.37976772322468266 -0.2776083374801977 -0.1256881626748311 -0.21991150397064788 0.27879495946311095 -0.26438382019722845 -0.29920929961436676 0.22456543757856248 -0.26623579736280928 -0.20857995525320511
0.066347466384998485 0.45208260689968088 0.11228820507290317 0.11519619854236716 0.31779789776590905 -0.26185448724882515 0.5575958788230917 -0.18474751799788458 -0.2783552764446191 -0.00813708006307747 -0.41064466798575627 0.067494621568510327
-0.066347466384998485 -0.45208260689968088 -0.11228820507290317 -0.11519619854236716 -0.31779789776590905 0.26185448724882515 -0.5575958788230917 0.18474751799788458 0.2783552764446191 0.00813708006307747 0.41064466798575627 -0.067494621568510327
0.54632265549354786 -0.11880525060771896 -0.37976772322468266 0.2776083374801977 0.1256881626748311 0.21991150397064788 -0.27879495946311095 0.26438382019722845 0.29920929961436676 -0.22456543757856248 0.26623579736280928 0.20857995525320511
0.21038016624306791 -0.21433898981901273 0.087432091576994594 -0.38641459819224483 -0.20187575217817105 0.1613139752047848 -0.4332342953683106 -0.4964088167068656 0.063108123224311585 -0.10437355642804508 0.19290760479168206 -0.44705577546324821
0.64328640166720719 -0.12496338870248311 0.153641212056434 -0.17128506545665342 0.45085475771838635 -0.05057453225249272 -0.24775030150477029 0.0049490330105090756 0.086219158649612562 0.08509386921369555 -0.13397534016422297 -0.46665400337076068
0.039197138738131458 -0.0003927734136026889 -0.017938221806389119 -0.0046786873369983242 -0.60383644723602126 0.57746715596902143 -0.098346398586000666 0.53880444292088081 0.0069337521107464706 -0.00017187778166941685 0.00087177692222656009 -0.001371354083211755
0.37152303847978085 -0.26091804171500171 0.29907590697267972 0.43952327517404965 0.30521084154266492 -0.27879884191455745 0.062065300055953211 -0.28946757604144646 -0.0036285122375291951 0.13477384523031505 0.45506723895358292 0.16575862363273772
-0.084510927316117812 0.23832848027077885 0.4219349118219648 -0.077763861731034278 -0.20357726355393729 0.1931464530054291 -0.43074359374344573 -0.48804081048728848 -0.48553706410989117 0.08042521670144509 0.0098372541917858131 -0.084833909362362195
0.38505053278179741 -0.26358799944485389 0.29239344637314696 0.42178596481958391 -0.20598777764924608 0.18641092988348357 0.083174336365773316 -0.43289242121047516 0.29636790504723076 0.019802835485641854 -0.14018499313279273 0.3734814433477367
-0.14629202931349919 0.61460522530945561 -0.30390613902606917 0.15112891241295742 0.086676260557183624 -0.42023164657348527 -0.23390083496575803 0.04067681862695862 0.096733690441475048 0.21675441126028075 0.31384129770662011 -0.30058661441600132
0.19044083141411949 0.24782096672895804 -0.30585468348004657 0.18507027728169606 -0.33085178846137209 -0.36807894045342188 0.52346478325127088 0.091895109714725975 0.34473094169713664 0.22774851083707931 0.027802856963363334 -0.27501282734739757
-0.6536297540464403 0.12156900267976492 -0.14530411083993872 0.1959953004711977 0.063752753530243192 -0.41838759589302688 0.22794852118377112 0.13691222602349259 0.392844658466448 0.24474010539454985 0.17021222058090707 0.073802133744272233
-0.06999717109089737 -0.38001748634999527 0.22890838224885277 0.22050504199159202 -0.21903117231110225 0.18740218991348262 0.55689740495671047 -0.33096718272732517 0.062136424289889164 0.23299171588966633 -0.37945524714082951 -0.21157739648229118
0.13845615343282863 0.15446169060571968 -0.66635496237079894 -0.15657814831681247 0.42326945256247539 -0.074485040622252627 -0.24084071204492696 0.01616139742235519 -0.29102015459232389 0.35009901940131377 0.18958131666827752 -0.047457431630153472
-0.32963494735047844 -0.30784503748249026 -0.50421342094970867 -0.12179400295096605 -0.45263822890950295 0.017253017131978035 -0.24452991957141967 -0.09972377963811857 0.0083994622117126907 0.38004281960237607 0.045218498484814518 0.32563895098502493
-0.12177835523938312 -0.47661509239270772 -0.11409543866831488 -0.14320031298850963 0.11137695939582981 0.52820926904639942 0.049341405693795283 -0.42603061754863403 -0.27928243863435326 -0.33811376150735706 0.16955940443269013 -0.16753351562145261
0.043137763476241126 -0.60544044958501875 -0.22714342365177864 0.32527182129469207 0.1010131471072446 0.22757416442030284 0.18773559913928842 0.3604107802762892 -0.001919054684398827 0.24074695639554328 -0.4028515064692535 0.16370322159057918
-0.043187248687743651 0.57431818162993542 0.20566568861042975 -0.31986826593929657 0.14813458010177208 0.25999898447494635 0.17945656595073275 0.39051424710159927 0.0055441580160816928 -0.24287694024400583 0.40445702444923004 -0.16378221012869576
0.29977031422969724 0.23451750240136837 0.22434294993668707 -0.27557676790879315 -0.30858151299442516 -0.35177987776924174 0.49891471934628528 0.10243498960534317 0.20820183767077791 -0.42111069368886977 0.15271294081076736 -0.080517481927327175
-0.65551473841078256 0.12207824399989203 -0.14748692609030206 0.19116136952733212 0.059636668738590588 -0.41308839923791529 0.22964931875968386 0.13715292073648536 -0.39653068392463769 -0.24206258405770764 -0.17551518963702889 -0.068684180833305186
-0.13845615343282863 -0.15446169060571968 0.66635496237079894 0.15657814831681247 -0.42326945256247539 0.074485040622252627 0.24084071204492696 -0.01616139742235519 0.29102015459232389 -0.35009901940131377 -0.18958131666827752 0.047457431630153472
-0.14429310477434509 0.11277015792954831 0.09439490297677941 -0.42714590052420559 0.55789817515548878 0.19652672768272561 -0.094656838801234058 0.41125007902525729 -0.26933472477528131 0.19132519022951794 0.22683937237493684 0.29417014964349142
0.24191995260996108 0.14431982311687458 -0.10365387763781064 -0.64841802792396952 -0.097524289206402784 -0.24120992994037491 0.30264320456739913 -0.28371155977241408 -0.091635109090675057 -0.22156486236457887 -0.31863755490716789 0.3010983416464727
0.36383273225559515 0.32584064582465017 0.4825390634566627 0.1306471763115398 0.14684440182078745 0.26720320362213951 -0.29757910457600983 0.28358605503948253 -0.38899549015807183 -0.11111024047120163 0.27858906733762184 0.091273951498244549
0.14629202931349919 -0.61460522530945561 0.30390613902606917 -0.15112891241295742 -0.086676260557183624 0.42023164657348527 0.23390083496575803 -0.04067681862695862 -0.096733690441475048 -0.21675441126028075 -0.31384129770662011 0.30058661441600132
-0.044864326624819865 -0.39207348060431196 0.19152552892752758 0.25089728394809985 0.025011851983016361 0.65537826377627484 -0.062818424859369129 0.24760964177415229 0.48640154391601709 -0.076982202103519498 -0.0085705151511578509 0.081516728429874133
-0.1012895687155243 0.0279630056763281 -0.50749033256680465 0.45049239299460331 -0.3629098317486128 -0.38346733948604922 0.029097968656117041 0.0066683251799032417 -0.30034092191832157 -0.024336070272129421 0.1454638360268718 -0.36995961094229735
-0.36990274789301691 0.35836071944705233 0.035701270323050149 -0.075371041527897004 0.091480225646540819 -0.10772953586450898 0.11385303568913688 -0.66661370162726796 0.34398085956980468 0.23264535917153659 0.025066072610882298 -0.27822391854327222
-0.24839672497312573 0.15504987230864295 -0.38386413586463575 -0.012620024801101042 -0.56033713593419832 -0.20832866517743542 0.078133696182118809 -0.38958785323794015 0.28194779776115791 0.0022471890560058277 0.40977862331436798 -0.063776368138968184
-0.29977031422969724 -0.23451750240136837 -0.22434294993668707 0.27557676790879315 0.30858151299442516 0.35177987776924174 -0.49891471934628528 -0.10243498960534317 -0.20820183767077791 0.42111069368886977 -0.15271294081076736 0.080517481927327175
-0.13200805219615649 0.012951935160757794 -0.52144844208795404 0.45636918603010357 0.27691834365181994 -0.30116250997668431 0.071982943080530257 -0.27957810305163466 -0.39118293346973082 0.12783927082924804 -0.12611886610154405 0.25733983088427809
7.8428343684280866e-05 0.00023061705086891831 0.0016644492964825073 -0.00028685131214328027 0.0026533475827748101 -0.0018688718876706315 -0.003993534933904256 4.2826949211292615e-05 0.4312260350619766 0.22215920460739308 0.43519741816869772 0.75846107784838102
0.28849786423240387 -0.44185454607197183 -0.33670677798332316 -0.32878147049895046 -0.20988996261609658 0.14963755196325429 0.066622529827504995 -0.41917538964094081 0.006465939681889017 0.13830985966533707 0.45594147396909857 0.16253927924655007
-0.22066319809605905 0.14418273972689202 -0.42572639165852155 0.017557602831593726 -0.31828983987029608 0.26673379438317379 -0.53893589799618435 0.18811917506950215 0.14966043732811105 -0.31284275542130635 -0.039910240228933927 0.35890128419195449
-0.52350668621462615 0.10912630883913424 0.37396151599765187 -0.26520781650277148 -0.21728167491322936 -0.11192588926123094 0.15766637567915362 0.41673102378812005 -0.0053477504549068943 -0.36990185488695571 -0.049396323535484815 -0.32602401171758327
-0.068856893123858537 0.57204099731368585 0.21692144981728617 -0.33292688895676392 0.24077240814588236 0.14774160030396591 0.2989120008465535 -0.29171504098831019 0.29860682319009518 -0.35767607220700959 -0.19166698455937214 0.045311963669514975
-0.043137763476241126 0.60544044958501875 0.22714342365177864 -0.32527182129469207 -0.1010131471072446 -0.22757416442030284 -0.18773559913928842 -0.3604107802762892 0.001919054684398827 -0.24074695639554328 0.4028515064692535 -0.16370322159057918
0.24839672497312573 -0.15504987230864295 0.38386413586463575 0.012620024801101042 0.56033713593419832 0.20832866517743542 -0.078133696182118809 0.38958785323794015 -0.28194779776115791 -0.0022471890560058277 -0.40977862331436798 0.063776368138968184
0.21625864370869469 0.24457931829667129 -0.34863443684055795 0.2125097623032349 -0.090457718423289202 0.10666482845297806 -0.093865306140719196 0.67143016206354478 -0.20419468818071071 0.075080208413697003 0.42241605957173833 -0.14747816116261264
-0.19044083141411949 -0.24782096672895804 0.30585468348004657 -0.18507027728169606 0.33085178846137209 0.36807894045342188 -0.52346478325127088 -0.091895109714725975 -0.34473094169713664 -0.22774851083707931 -0.027802856963363334 0.27501282734739757
0.00076339617218202434 0.0090449628728988644 -0.0037324507427037518 -0.0032396082471123312 -0.00099560667326083489 0.0048988231559369943 -0.0016077945098146673 0.0010010547965527731 -0.54196471444199867 0.37946482017719663 0.45892588878740104 0.5929016191210007
-0.41060685026539534 -0.095759140459362513 -0.056443683935624323 -0.19514022265299272 -0.6528170589317478 -0.090028028643068303 -0.066543471604674331 0.30085534448667495 0.48923264684633427 -0.072933644447259527 -0.014412850931493457 0.082908659274385552
-0.18394337968271515 0.23281455847818816 -0.10345817568784406 0.41510824145569519 0.19702821314861452 -0.18278927623924152 -0.55088281010323936 0.32384759001749042 0.4844785155143464 -0.081408099512530974 -0.014359612743518838 0.08252085032923355
-0.45080106046661472 -0.091668933496462213 -0.039796435560789239 -0.19168718096550075 -0.051133898500023735 -0.66672009399535903 0.033669446841435045 -0.23705649988812302 0.058366742482199307 -0.1026305479423217 0.18926769613776961 -0.44252201863966217
0.21162930183492676 0.32284673426465882 -0.023560378622981805 0.56352648487027412 0.21942883075874853 0.14259119169651571 0.33856075908646172 -0.32225753832591292 0.090258764751644335 0.077387295361346919 -0.13158151565109824 -0.46310056414439987
-0.48536827657139969 -0.4779257589901218 0.14308195665921641 0.073595865489492679 0.18177409234132105 -0.17736266005583196 -0.098360650742986666 0.42219963654489234 -0.39479658519641136 0.13994955842143142 -0.12931204110452849 0.25596346643947721
0.54948586399061539 -0.10782621628729289 -0.35356575514936789 0.26282729362073137 -0.20846048723533095 -0.13519909803909327 0.22019687021088211 0.36671290601026812 0.0064847665396184561 0.37053847273989082 0.048291252206008189 0.32860221837057652
-0.071647575750659956 -0.08407292609727457 -0.30701340313718428 -0.38747600056003295 0.090190402118829949 -0.12757680481139927 0.11240077519223372 -0.67485044924432724 -0.20589114759716606 0.42219537973511667 -0.15351128353479399 0.082039361895599919
0.52350668621462615 -0.10912630883913424 -0.37396151599765187 0.26520781650277148 0.21728167491322936 0.11192588926123094 -0.15766637567915362 -0.41673102378812005 0.0053477504549068943 0.36990185488695571 0.049396323535484815 0.32602401171758327
-0.37647437396128125 -0.0061765286757529368 0.26440201440031696 0.19528735395857583 -0.14066668126629511 -0.53392577537381325 -0.08007862764692654 0.43696698011138041 0.13893144508216715 -0.30778274955417168 -0.042597197691712316 0.36348322473187644
0.071647575750659956 0.08407292609727457 0.30701340313718428 0.38747600056003295 -0.090190402118829949 0.12757680481139927 -0.11240077519223372 0.67485044924432724 0.20589114759716606 -0.42219537973511667 0.15351128353479399 -0.082039361895599919
-0.54948586399061539 0.10782621628729289 0.35356575514936789 -0.26282729362073137 0.20846048723533095 0.13519909803909327 -0.22019687021088211 -0.36671290601026812 -0.0064847665396184561 -0.37053847273989082 -0.048291252206008189 -0.32860221837057652
0.32963494735047844 0.30784503748249026 0.50421342094970867 0.12179400295096605 0.45263822890950295 -0.017253017131978035 0.24452991957141967 0.09972377963811857 -0.0083994622117126907 -0.38004281960237607 -0.045218498484814518 -0.32563895098502493
-0.21162930183492676 -0.32284673426465882 0.023560378622981805 -0.56352648487027412 -0.21942883075874853 -0.14259119169651571 -0.33856075908646172 0.32225753832591292 -0.090258764751644335 -0.077387295361346919 0.13158151565109824 0.46310056414439987
0.36990274789301691 -0.35836071944705233 -0.035701270323050149 0.075371041527897004 -0.091480225646540819 0.10772953586450898 -0.11385303568913688 0.66661370162726796 -0.34398085956980468 -0.23264535917153659 -0.025066072610882298 0.27822391854327222
-0.092784252945351267 -0.47055817555885632 -0.096262120962053707 -0.1438898418058176 -0.31295035873635257 0.28332978828328187 0.42652122664845832 0.35730874468725987 -0.26923136229403888 0.19391873600365353 0.23209667593759303 0.29704030356550432
0.31705920114786201 -0.38384399797239271 -0.036085986283725627 0.054489989094287448 0.3408623068686561 0.36845899377041302 0.49467249276294722 0.055452345404032072 -0.21649929469837453 -0.1126124397262836 -0.21241636191831453 -0.37876997482988195
-0.62369571628427078 0.13283744560848051 -0.16335462648872609 0.20245704709153484 -0.24404196515507617 -0.13710700093822412 -0.31319399415119031 0.32092238228991998 -0.00035775438919562761 -0.23783457547590708 0.40401592202576575 -0.16264542477485514
0.14673027637333125 0.14964257813045831 -0.63723388443753171 -0.19428502502723519 -0.42232719959555542 0.02661989359753577 0.27554546029848392 -0.024578033751097159 0.30088466703214184 -0.35860203986637407 -0.18816109824612712 0.046192672022719559
0.075631859709694507 0.44956096725239336 0.076890141425181288 0.10969454306102716 0.1387888294405481 0.55939836821237388 0.079942644208632535 -0.42834701181760382 -0.27417871786559894 -0.34805103202509596 0.16743957959175468 -0.1667915058505367
-0.27046420562898515 -0.14150975544496189 0.1449065202828449 0.61294733434691595 -0.14635110891065548 -0.2266774693544317 0.31282365512545718 -0.29573950047398984 -0.10016277887740695 -0.22225974857206576 -0.31570018276982159 0.30479726251443151
-0.26085740829727838 0.14827294668979235 -0.40907914328368655 0.02101064451908571 0.28339332056142802 -0.30995827096911688 -0.438722979550075 -0.34979266930529596 -0.28120546703602395 -0.34253965891636851 0.16377030684032914 -0.16652939372209322
0.08322752730116334 -0.20684612432497329 -0.40200066024622516 0.068942201025443905 -0.048480975123195776 -0.67697250401100773 0.064754074152778118 -0.26271402002684696 -0.076260696727981275 -0.42251671566452281 -0.25590896837892813 -0.015840141363605856
-0.27077373896885948 -0.1405326636805537 0.11325499822770446 0.62838648024642341 0.18675322519379456 0.132704902116873 -0.1844950256603993 -0.39695414218246844 -0.39436246013613196 -0.10809723446199712 0.28152889756825722 0.093124882063227526
0.13781337405599992 -0.59920138138028256 0.33580247035360761 -0.15232701811145929 -0.12266798872159512 -0.23954033890490109 0.28936225912734553 -0.29323483331630151 -0.012825431000812256 -0.36875787457998882 -0.043130372500430808 -0.32534147332736235
0.25087352024604859 0.13363569853896445 -0.13519310585055277 -0.6441193159817975 -0.060461683652654634 0.41435900254514851 0.24812064053050337 -0.030131914826439302 0.014301374616990012 0.3750004548342773 0.045659600908278808 0.32450216563118428
0.27077373896885948 0.1405326636805537 -0.11325499822770446 -0.62838648024642341 -0.18675322519379456 -0.132704902116873 0.1844950256603993 0.39695414218246844 0.39436246013613196 0.10809723446199712 -0.28152889756825722 -0.093124882063227526
-0.08322752730116334 0.20684612432497329 0.40200066024622516 -0.068942201025443905 0.048480975123195776 0.67697250401100773 -0.064754074152778118 0.26271402002684696 0.076260696727981275 0.42251671566452281 0.25590896837892813 0.015840141363605856
0.26085740829727838 -0.14827294668979235 0.40907914328368655 -0.02101064451908571 -0.28339332056142802 0.30995827096911688 0.438722979550075 0.34979266930529596 0.28120546703602395 0.34253965891636851 -0.16377030684032914 0.16652939372209322
-0.41971679530813621 -0.094441896237627748 -0.083968624462642583 -0.15762609956738535 0.19308546624407574 -0.19238413517048297 -0.58341969791148551 0.34126836253915482 0.069233947557556269 0.42802808877325027 0.25223969562750265 0.01610225349204937
-0.13387921763732896 0.14198447662130564 0.14327661271427347 -0.46635862230287034 -0.53689491334400974 -0.1905685406871086 0.05781811185010681 -0.38030099021807523 0.27398549362602681 -0.18544428093838208 -0.23214991412556765 -0.29665249462035231
-0.14673027637333125 -0.14964257813045831 0.63723388443753171 0.19428502502723519 0.42232719959555542 -0.02661989359753577 -0.27554546029848392 0.024578033751097159 -0.30088466703214184 0.35860203986637407 0.18816109824612712 -0.046192672022719559
-0.1464207430334569 -0.15061966989486647 0.66888540649267225 0.17884587912772773 0.089222865491105391 -0.3860022650688405 0.22177322048737252 0.12579267545957576 -0.0066849857734167873 0.24443952575630545 -0.40906798209195167 0.16547970842848445
-0.64229677744864033 0.12038537803444799 -0.1858209087449752 0.18886320507237386 -0.11845761634887036 0.41150374403143042 -0.24656032571635253 -0.10748656614102195 -0.39073394789860277 -0.2428710796923122 -0.1735383413853257 -0.072633741569510177
-0.24977909541108531 0.12428769234428191 -0.40688535437159401 -0.010634574795900329 -0.31409992019329808 0.28299158160748417 0.44652850677149347 0.36150737100370123 -0.27259975641334877 -0.34410427760399703 0.16691794508717872 -0.16460839594116938
-0.16166780658188354 0.58460015906084084 -0.32246521407705697 0.11876360973634131 -0.086145695438318917 0.424046246296303 0.27254854534108303 -0.032488701119064038 -0.085642358168889168 -0.23000867915943099 -0.31691407373868963 0.30128044047058128
0.027026965560665365 0.36226192647581906 -0.20550060842521375 -0.28213982575792124 -0.19552442702278522 0.18058219767577322 0.56689655529237026 -0.31960613675183769 -0.056620874571679664 -0.23445570948772651 0.38437830006180224 0.21429152801247392
-0.098889872511203333 0.018156034336902993 -0.53784431711977876 0.46980385731051921 -0.027467482976780894 -0.02363427136936019 -0.4678523162656103 -0.097131532920234243 -0.0053251119245539226 -0.13987244517763667 -0.45133051632637688 -0.16423677754633875
0.54022276301465344 -0.096164999944974586 -0.35367804899176614 0.27396772757806681 0.087581241315370914 -0.431385659053312 -0.22259924653807864 0.011918619355814786 -0.39365139842677166 -0.1118643303488967 0.28122317672864033 0.093526013934660895
0.13191084979387674 -0.11931646649753 -0.11794546109934768 0.46048971853224907 0.2884856289229123 -0.30002520536207772 -0.426193371864864 -0.37141206814340177 0.13740749504007604 -0.31395283359449921 -0.037650270680278028 0.36153790262176466
-0.21426424866901164 0.24463248409225258 -0.06301843752869446 0.37780755181046755 -0.048186758268745723 -0.65222641190818043 0.064598540139866573 -0.25347621761323463 -0.068353404003009238 -0.2326019160509063 0.38159427655414918 0.21679819731852273
-0.19590774839815292 0.21205541881197748 -0.12588704006254087 0.3878213903996246 0.024038630976051717 0.66139994206256092 -0.040184459673175028 0.25155630601639412 0.069635235245936261 0.22562733899758775 -0.38166197850151079 -0.21460182385725329
-0.13191084979387674 0.11931646649753 0.11794546109934768 -0.46048971853224907 -0.2884856289229123 0.30002520536207772 0.426193371864864 0.37141206814340177 -0.13740749504007604 0.31395283359449921 0.037650270680278028 -0.36153790262176466
0.1012895687155243 -0.0279630056763281 0.50749033256680465 -0.45049239299460331 0.3629098317486128 0.38346733948604922 -0.029097968656117041 -0.0066683251799032417 0.30034092191832157 0.024336070272129421 -0.1454638360268718 0.36995961094229735
0.098889872511203333 -0.018156034336902993 0.53784431711977876 -0.46980385731051921 0.027467482976780894 0.02363427136936019 0.4678523162656103 0.097131532920234243 0.0053251119245539226 0.13987244517763667 0.45133051632637688 0.16423677754633875
-0.027026965560665365 -0.36226192647581906 0.20550060842521375 0.28213982575792124 0.19552442702278522 -0.18058219767577322 -0.56689655529237026 0.31960613675183769 0.056620874571679664 0.23445570948772651 -0.38437830006180224 -0.21429152801247392
0.16904592319350312 -0.59575213408303207 0.32039469266909187 -0.13473797463754236 -0.21401211790403554 -0.12256048862697275 0.1719483689837904 0.38752368248651026 -0.30359681925580645 0.22560879279596102 -0.26174526100187839 -0.20869055061224312
0.24977909541108531 -0.12428769234428191 0.40688535437159401 0.010634574795900329 0.31409992019329808 -0.28299158160748417 -0.44652850677149347 -0.36150737100370123 0.27259975641334877 0.34410427760399703 -0.16691794508717872 0.16460839594116938
0.19590774839815292 -0.21205541881197748 0.12588704006254087 -0.3878213903996246 -0.024038630976051717 -0.66139994206256092 0.040184459673175028 -0.25155630601639412 -0.069635235245936261 -0.22562733899758775 0.38166197850151079 0.21460182385725329
0.058478235363951948 0.095026759427738416 0.30618323963470961 0.35108063748622875 -0.51258487538575104 0.48607110021995242 0.028314520713258795 -0.14815283832169315 -0.33952385844713989 -0.23509223558068265 -0.024665378241642597 0.27862499104032629
0.14298916268006978 -0.14330172084304046 -0.11575167218725517 0.42884449921726298 -0.3090076118318138 0.29292464721452333 0.45905811445670447 0.33988797216559541 0.14601320566275122 -0.31551745228212774 -0.03450263243342843 0.36345890040268847
-0.46603773911977997 -0.12029162595238937 -0.05825091753103602 -0.2231443370991352 -0.22364220177000887 0.17632675315450608 0.54039381291221267 -0.30992279105984366 -0.068405068232638061 -0.41918448601769409 -0.25549811448455961 -0.017130234778556727
0.41971679530813621 0.094441896237627748 0.083968624462642583 0.15762609956738535 -0.19308546624407574 0.19238413517048297 0.58341969791148551 -0.34126836253915482 -0.069233947557556269 -0.42802808877325027 -0.25223969562750265 -0.01610225349204937
-0.34601611680968802 -0.31713120583747234 -0.49208140637035025 -0.10471479463654149 0.059604706088120067 -0.45222852412762643 -0.26731210476937622 0.042586621426349038 0.29532725926042613 -0.21425259508147271 0.26118619538991245 0.20956624860385856
0.26395323552582489 0.34857469082958831 -0.023125556974574905 0.58287289400633846 -0.2130202225255094 -0.11736027952615834 -0.27112079362049729 0.28899205524976107 -0.08980581283363552 -0.09320547517022168 0.1347722325607936 0.46632491889217664
-0.23870901825679566 -0.31989495790951833 0.032990427694271109 -0.57831843258793691 -0.1298362101169542 -0.25375243220524751 -0.21646566649003648 -0.3587094247943719 -0.39672669882038869 -0.23442726289746008 -0.1752618225538039 -0.072815840393618797
0.23687351910395593 0.35152646718472874 -0.013695507903285603 0.56808094628867567 -0.12342760188371507 -0.22852152003489015 -0.14902570102407195 -0.39197490787052375 -0.39627374690237988 -0.25024544270633486 -0.17207110564410855 -0.069591485645842041
-0.47136586989079493 -0.47587599736871111 0.13675659917447999 0.058959161378697084 -0.32835364946125328 0.28364405874934612 -0.076312754308474853 0.27979642163249546 0.095044575236676476 0.46954040255590629 -0.089556192169268148 -0.13883797760417588
0.23870901825679566 0.31989495790951833 -0.032990427694271109 0.57831843258793691 0.1298362101169542 0.25375243220524751 0.21646566649003648 0.3587094247943719 0.39672669882038869 0.23442726289746008 0.1752618225538039 0.072815840393618797
-0.54022276301465344 0.096164999944974586 0.35367804899176614 -0.27396772757806681 -0.087581241315370914 0.431385659053312 0.22259924653807864 -0.011918619355814786 0.39365139842677166 0.1118643303488967 -0.28122317672864033 -0.093526013934660895
0.34601611680968802 0.31713120583747234 0.49208140637035025 0.10471479463654149 -0.059604706088120067 0.45222852412762643 0.26731210476937622 -0.042586621426349038 -0.29532725926042613 0.21425259508147271 -0.26118619538991245 -0.20956624860385856
-0.075631859709694507 -0.44956096725239336 -0.076890141425181288 -0.10969454306102716 -0.1387888294405481 -0.55939836821237388 -0.079942644208632535 0.42834701181760382 0.27417871786559894 0.34805103202509596 -0.16743957959175468 0.1667915058505367
0.46603773911977997 0.12029162595238937 0.05825091753103602 0.2231443370991352 0.22364220177000887 -0.17632675315450608 -0.54039381291221267 0.30992279105984366 0.068405068232638061 0.41918448601769409 0.25549811448455961 0.017130234778556727
-0.14298916268006978 0.14330172084304046 0.11575167218725517 -0.42884449921726298 0.3090076118318138 -0.29292464721452333 -0.45905811445670447 -0.33988797216559541 -0.14601320566275122 0.31551745228212774 0.03450263243342843 -0.36345890040268847
0.36091698169948416 0.34241655273482419 0.51028337830654169 0.13397949106948745 0.11214637251804581 -0.3878463157492989 -0.24007613566215663 0.029557268063041788 -0.30279595379838975 0.21645383162203635 -0.26543890496623868 -0.20890903973178912
-0.4070199809433388 0.24847753580528509 -0.27687337484623298 -0.45051544225083628 0.0012901782809846437 -0.007204219147193186 0.47703567052674256 0.10692819206211676 0.39453964817415355 -0.1317666997728042 0.1258679571116082 -0.25505616162694034
0.16609420771821332 0.22051551849476564 -0.35183410597731152 0.19112724423366897 0.34254243344446628 0.37261180016902851 0.51331292301523712 0.059441836595485228 -0.20203956830647882 0.41215630598221675 -0.15031040709996979 0.083572550731371723
-0.22024169655764353 -0.27653035993359804 0.33009262080616031 -0.21030969797422108 0.33869066239440576 0.37756903263412456 0.45961388109231749 0.080534858372131646 0.20619961406537887 -0.41631564858957354 0.15529685773404595 -0.082937394058345951
0.019567425177687132 0.067634610444833126 0.30289623643380509 0.36335533987931112 0.34115652372310618 0.39320508587324043 0.49451695875003576 0.064690147817644317 -0.2085920019734025 0.077302359887332917 0.42508688301476277 -0.14613163614775337
0.044864326624819865 0.39207348060431196 -0.19152552892752758 -0.25089728394809985 -0.025011851983016361 -0.65537826377627484 0.062818424859369129 -0.24760964177415229 -0.48640154391601709 0.076982202103519498 0.0085705151511578509 -0.081516728429874133
0.17798014808996687 0.24104404111010741 -0.33106969089909727 0.21870094660188283 0.51287866803425441 -0.46970854624510333 0.0066081075190770038 0.13169029364737014 -0.21842232310004525 -0.11703833713529505 -0.21820545951067555 -0.37776585293052251
-0.51056300862892634 -0.47548322395510845 0.15469482098086912 0.063637848715695416 0.27548279777476797 -0.29382309721967531 0.022033644277525802 -0.25900802128838535 0.088110823125930007 0.46971228033757573 -0.090427969091494712 -0.13746662352096412
0.29066036918695637 0.23583474662310322 0.19681800940966879 -0.23806264482318573 0.53732101218139816 -0.45413598429665641 -0.017961506960526077 0.14284800765782299 -0.21179686161800024 0.079851039531640022 0.41936548736976342 -0.14732388770966337
-0.036719818413343923 -0.088631818751296165 -0.32226821597067745 -0.39755063862410145 -0.51531805301891065 0.44952307062241531 0.01194691210705506 -0.13572841494798824 -0.33481807818623532 -0.23143465590877538 -0.025550627485415076 0.27638043386272099
0.50634810051437407 0.49761423329772575 -0.12642233149758927 -0.062444527673960699 -0.30947363434257558 -0.36277326245939617 0.032461271071593661 0.0063021257339788946 0.0084038212240172792 0.12979151634434755 0.45114275867526171 0.16489899677999731
-0.38038448358345583 -0.4877628469152126 0.6751373912029438 -0.39776810276628249 -0.0036754306000795905 0.011317117427179753 -0.051072356859760769 0.020841059702446874 -0.0051587321789133824 0.012160600136967532 -0.0023054676659228892 -0.000979797570171428
0.41072017721791226 -0.26131081512860438 0.28113768516629056 0.43484458783705132 -0.29862560569335633 0.29866831405446398 -0.036281098530047441 0.24933686687943435 0.0033052398732172877 0.13460196744864564 0.45593901587580948 0.16438726954952596
-0.019567425177687132 -0.067634610444833126 -0.30289623643380509 -0.36335533987931112 -0.34115652372310618 -0.39320508587324043 -0.49451695875003576 -0.064690147817644317 0.2085920019734025 -0.077302359887332917 -0.42508688301476277 0.14613163614775337
0.38038448358345583 0.4877628469152126 -0.6751373912029438 0.39776810276628249 0.0036754306000795905 -0.011317117427179753 0.051072356859760769 -0.020841059702446874 0.0051587321789133824 -0.012160600136967532 0.0023054676659228892 0.000979797570171428
0.16119289420329533 -0.58931987841210376 0.32210811096226066 -0.12186421598001143 0.085074818048982273 -0.41984319330344005 -0.27348740546577482 0.031467070862432202 -0.10420238497943872 -0.2145531747197171 -0.31809400728294629 0.30124382328807076
0.40464121816473397 -0.25571394253885649 0.28268003194085489 0.4529579464544653 0.00082501491406403453 -0.0012706033072332613 -0.47776995929018728 -0.10702100591004604 0.3822293093076477 -0.13293787077656966 0.12985558872875008 -0.25581798479787909
-0.33215852148245106 -0.26227610257369499 -0.20152753024530953 0.24321428520373514 0.31325271157400086 0.36689529384161468 0.48257570106210579 0.070378199158231625 -0.34239056185866484 -0.23374020507931198 -0.023348200358991947 0.27952225984179563
-0.37128511833097655 0.3275985394826913 0.012680051816091864 -0.073385591522696275 0.33771744138744114 0.38359071092041064 0.48224784627851158 0.084481522614373528 -0.21056669460470201 -0.11370610748846628 -0.21779460561630698 -0.3790559463454734
0.31713762949154634 -0.38361338092152381 -0.034421536987243137 0.054203137782144174 0.3435156544514309 0.36659012188274243 0.49067895782904303 0.055495172353243361 0.21472674036360206 0.1095467648811095 0.22278105625038319 0.37969110301849912
-0.054098003627927604 -0.024892573483749118 -0.00026375012980236687 -0.024586009095947655 0.43208536862985536 0.26260768390790395 0.60573463901753355 -0.61094833241027158 0.00053494242721718248 -0.0020293587588942332 0.003380932654099653 0.00071414521114233236
-0.23262670217542852 0.1452849006507449 -0.38751337483472154 0.023560723948890101 -0.13993839089749355 -0.55973657488817152 -0.059935364085597319 0.43254563813404517 0.27081032374628911 -0.18997198158255457 -0.23261831044216899 -0.294857193656137
-0.0052664528639032584 -0.00046868569112122453 0.001392435541341872 -0.0066215963765765759 -0.0038252947060164666 0.00040781008152396091 -0.00024094463906931918 0.0012101899215410312 -0.55979283495320431 -0.68332693913895426 0.33164120311864198 -0.33108960594692666
0.17805857643365114 0.24127465816097637 -0.32940524160261481 0.21841409528973954 0.51553201561702899 -0.47157741813277393 0.002614572585172747 0.13173312059658146 0.21280371196193135 0.10512086747209803 0.21699195865802218 0.38069522491785857
-0.31365145431672875 0.43280842618497339 0.35057220889327462 0.29307906840761949 0.0017834711911166061 0.033321515120514657 0.49228022107618991 0.094774746627609471 -0.094618620861325248 -0.46513668881607162 0.088756841679408435 0.14101505238573575
0.51056300862892634 0.47548322395510845 -0.15469482098086912 -0.063637848715695416 -0.27548279777476797 0.29382309721967531 -0.022033644277525802 0.25900802128838535 -0.088110823125930007 -0.46971228033757573 0.090427969091494712 0.13746662352096412
-0.17805857643365114 -0.24127465816097637 0.32940524160261481 -0.21841409528973954 -0.51553201561702899 0.47157741813277393 -0.002614572585172747 -0.13173312059658146 -0.21280371196193135 -0.10512086747209803 -0.21699195865802218 -0.38069522491785857
-0.17798014808996687 -0.24104404111010741 0.33106969089909727 -0.21870094660188283 -0.51287866803425441 0.46970854624510333 -0.0066081075190770038 -0.13169029364737014 0.21842232310004525 0.11703833713529505 0.21820545951067555 0.37776585293052251
0.18394337968271515 -0.23281455847818816 0.10345817568784406 -0.41510824145569519 -0.19702821314861452 0.18278927623924152 0.55088281010323936 -0.32384759001749042 -0.4844785155143464 0.081408099512530974 0.014359612743518838 -0.08252085032923355
-0.27542369053379112 -0.20721205416717603 -0.17836352743942199 0.26951980095682015 -0.36481270891141321 -0.38891086285320864 -0.48876285911025152 -0.069981716486102435 0.33856867233283755 0.23670289854373233 0.025400323252565762 -0.27806789615144206
0.37120668998729223 -0.32782915653356021 -0.014344501112574371 0.073672442834839563 -0.34037078897021594 -0.38172183903274004 -0.47825431134460739 -0.084524349563584816 -0.22065934045727459 -0.1084530971189268 -0.21740281255239075 -0.37940513150290772
0.37128511833097655 -0.3275985394826913 -0.012680051816091864 0.073385591522696275 -0.33771744138744114 -0.38359071092041064 -0.48224784627851158 -0.084481522614373528 0.21056669460470201 0.11370610748846628 0.21779460561630698 0.3790559463454734
4.9485211502529186e-05 0.031122267955083327 0.021477735041348894 -0.0054035553553955472 -0.24914772720901668 -0.48757314889524922 -0.36719216509002117 -0.75092502737788847 -0.0036251033316828602 0.0021299838484625587 -0.0016055179799765351 7.8988538116579071e-05
-0.37120668998729223 0.32782915653356021 0.014344501112574371 -0.073672442834839563 0.34037078897021594 0.38172183903274004 0.47825431134460739 0.084524349563584816 0.22065934045727459 0.1084530971189268 0.21740281255239075 0.37940513150290772
0.021483139760178582 0.060009126295368947 0.30381373400043071 0.36609348249046703 0.34280974974892547 0.39352377652744974 0.49477745396372264 0.062862123776267681 0.20804626747139798 -0.085119282166596977 -0.41921518313691414 0.14901134999838445
-0.075630628599608743 -0.1160239677342014 -0.32555521917158198 -0.38527593623101913 0.33842334608994656 0.35665705627570332 0.47814935014383197 0.077114571191349207 -0.20388622171249793 0.08095993955924019 0.42420163377099035 -0.14837619332535873
-0.097778373489762593 0.20889907828113957 0.43879115943528901 -0.070062141920680471 0.22366474874254033 -0.14387254136866734 0.41265821582261175 0.50752370376810707 -0.48770869680424322 0.079103728487587066 0.0094659239200591688 -0.080963337164273771
-0.011127798097695594 -0.0071370136095728828 -0.023671523953441416 0.03704877467038159 0.84664096796374289 -0.10537670368135194 -0.51805932123154741 0.039624987068891226 -0.0049806072909923419 -0.00056536516083405242 -0.0015421202668730594 -0.0019999863190404005
-0.31500612824679419 -0.24127889426723204 -0.18215555070843706 0.27740958394852555 0.48741424086980539 -0.47583286265404107 -0.02388816979498494 0.14141646628857554 0.20101951830097298 -0.079607909057869519 -0.42288445588833967 0.14927346212682796
-0.3169218428292857 -0.2336534101177678 -0.18307304827506274 0.27467144133736965 0.48576101484398609 -0.47615155330825037 -0.024148665008671764 0.14324449032995215 -0.2156187511438275 0.082813732996060374 0.42141761026333724 -0.14586952401930986
0.032885038281712339 -0.58920122257466523 -0.19507602080563569 0.31883411563630709 0.064657734288430496 -0.4295416083728536 0.23925010961145052 0.10815402675234874 -0.097540430401798703 -0.083878636214627628 0.13759409960292729 0.46791476209493443
0.013217960962142243 -0.0016928659654440459 -0.038333982654673117 -0.0022981644549582604 -0.17809428508746095 0.82459214326934571 -0.47620964447603642 -0.24463948687750728 0.0057967360260349219 -0.00080849563460456074 0.0019768482517031789 -0.0039495607362049993
0.3169218428292857 0.2336534101177678 0.18307304827506274 -0.27467144133736965 -0.48576101484398609 0.47615155330825037 0.024148665008671764 -0.14324449032995215 0.2156187511438275 -0.082813732996060374 -0.42141761026333724 0.14586952401930986
0.31500612824679419 0.24127889426723204 0.18215555070843706 -0.27740958394852555 -0.48741424086980539 0.47583286265404107 0.02388816979498494 -0.14141646628857554 -0.20101951830097298 0.079607909057869519 0.42288445588833967 -0.14927346212682796
0.011127798097695594 0.0071370136095728828 0.023671523953441416 -0.03704877467038159 -0.84664096796374289 0.10537670368135194 0.51805932123154741 -0.039624987068891226 0.0049806072909923419 0.00056536516083405242 0.0015421202668730594 0.0019999863190404005
0.32957117937322133 0.26322689560600848 0.20010501261057326 -0.2503373472162681 -0.31642038692745883 -0.36126996994994443 -0.48416394499730309 -0.069994978481514453 -0.34272871809173761 -0.23254355593637555 -0.030386773886641974 0.27743273947841635
0.12177835523938312 0.47661509239270772 0.11409543866831488 0.14320031298850963 -0.11137695939582981 -0.52820926904639942 -0.049341405693795283 0.42603061754863403 0.27928243863435326 0.33811376150735706 -0.16955940443269013 0.16753351562145261
-0.021483139760178582 -0.060009126295368947 -0.30381373400043071 -0.36609348249046703 -0.34280974974892547 -0.39352377652744974 -0.49477745396372264 -0.062862123776267681 -0.20804626747139798 0.085119282166596977 0.41921518313691414 -0.14901134999838445
0.41408210668933909 0.024898415335229601 -0.22182989921139146 -0.17257348548523382 -0.11284312337352152 -0.55441642295537352 -0.053420351253857336 0.41804583200577411 0.14280834601815351 -0.31296877263782064 -0.040224028078427794 0.36226664884077847
-0.50537005084446041 0.27302932472519548 -0.81735693319662239 0.016997666099761957 -0.026881304925853569 -0.027374499443156647 0.0080464718604878159 0.010504511776864329 0.005987611503831594 -0.003316997381411307 -0.00095295119113411109 -4.8183716335927637e-05
0.14626147261779732 -0.13543816805332395 -0.1197260545917052 0.43301480429482686 -0.30948889073439145 0.29406701836646071 0.46303209881599122 0.34046297933621972 -0.14205826389082155 0.30807192430336333 0.042960812430908844 -0.35905555764490382
-0.36461717797405768 -0.3295832734115049 -0.51454768862659928 -0.11830863665570245 0.18518905489432594 0.096382220842028035 -0.20067843633453847 -0.38582232700459296 -0.095048934248981073 -0.21928909929787782 -0.31636806802117901 0.2995779318092035
0.27817232241167406 -0.25475463455085395 -0.23767151569105288 0.89350452282707593 -0.021003261811479101 -0.005958186995617034 0.036838726951127262 -0.030949088807182019 -0.0046507688507455023 -0.0058809092911358708 0.0053105417506308164 0.0024823449768608735
-0.37573794659433302 0.28304905105761902 -0.27080341748939984 -0.4383299541323149 -0.33920167811047253 -0.37779751776451403 -0.0075703847068337524 0.036761680487039976 0.10014315658747647 0.46472995145160823 -0.094352449369815933 -0.13832625037370455
0.51660082570890298 0.4813750062873724 -0.15848973434373226 -0.056006822015575719 -0.27311822152376147 0.2943425103337603 -0.019053239400568408 0.25855887925791937 0.10402519694141715 0.45441710895451842 -0.089302847396919086 -0.13931254372435797
0.38177576367430954 -0.27715726872535507 0.26700850412653676 0.44596098083243463 0.34156625436147903 0.37831693087859902 0.01055078958379115 -0.037210822517505925 0.091992863479870693 0.45939943784048592 -0.08537836711859785 -0.13845291687161754
-0.38177576367430954 0.27715726872535507 -0.26700850412653676 -0.44596098083243463 -0.34156625436147903 -0.37831693087859902 -0.01055078958379115 0.037210822517505925 -0.091992863479870693 -0.45939943784048592 0.08537836711859785 0.13845291687161754
-0.0033507382814118129 -0.0080941698405854086 0.0023099331079675283 -0.0038834537654206178 -0.0021720686801971071 0.00072650073573326417 1.9550574617506844e-05 -0.00061783411983559972 -0.14315456550840383 -0.84574858119288421 -0.51266086303303493 -0.035946619800788809
-0.51660082570890298 -0.4813750062873724 0.15848973434373226 0.056006822015575719 0.27311822152376147 -0.2943425103337603 0.019053239400568408 -0.25855887925791937 -0.10402519694141715 -0.45441710895451842 0.089302847396919086 0.13931254372435797
0.37573794659433302 -0.28304905105761902 0.27080341748939984 0.4383299541323149 0.33920167811047253 0.37779751776451403 0.0075703847068337524 -0.036761680487039976 -0.10014315658747647 -0.46472995145160823 0.094352449369815933 0.13832625037370455
-0.27817232241167406 0.25475463455085395 0.23767151569105288 -0.89350452282707593 0.021003261811479101 0.005958186995617034 -0.036838726951127262 0.030949088807182019 0.0046507688507455023 0.0058809092911358708 -0.0053105417506308164 -0.0024823449768608735
0.60758221201624218 0.46948815674087102 0.37989105768473153 -0.51273408616055538 0.051559997337412261 0.022015569011593926 0.0061871580481456887 -0.00039648267212918486 0.0038218895258272903 -0.0029626934644203526 -0.0020521228935738165 -0.001454363690353518
-0.2023259071498047 -0.24648818875423623 0.34573214960032894 -0.17935400747654298 0.51185658501694931 -0.46026030070559415 -0.048457784274588016 0.15257418029902839 0.20764497978301796 0.11728146760906556 0.2146864909920993 0.3797154273476871
0.50537005084446041 -0.27302932472519548 0.81735693319662239 -0.016997666099761957 0.026881304925853569 0.027374499443156647 -0.0080464718604878159 -0.010504511776864329 -0.005987611503831594 0.003316997381411307 0.00095295119113411109 4.8183716335927637e-05
-0.60758221201624218 -0.46948815674087102 -0.37989105768473153 0.51273408616055538 -0.051559997337412261 -0.022015569011593926 -0.0061871580481456887 0.00039648267212918486 -0.0038218895258272903 0.0029626934644203526 0.0020521228935738165 0.001454363690353518
-0.33085457938817575 -0.23174453966020292 -0.18017076103483373 0.2415156865106777 0.064362148250325796 -0.12255608105563423 0.11817442540663545 -0.68075985203262102 -0.21906904274613478 -0.1095479430267022 -0.21568494030050039 -0.37810679020438431
-0.33077615104449143 -0.23151392260933396 -0.17850631173835121 0.24122883519853441 0.067015495833100597 -0.12442495294330488 0.11418089047273117 -0.68071702508340981 0.21215699231584181 0.11261126158069087 0.21951247786819733 0.38035428764399676
-0.014851379678293617 0.0058369210577315263 0.0032757631051574115 -0.034668251788341528 -0.42089880581518258 0.35250169098167616 0.14019607534151168 -0.82306891686727934 0.0038435912062807927 -7.1252692101091418e-05 0.0026471915963496781 -0.00057822033395284363
-0.10315426583725806 0.0091647757244369289 -0.53104956267784786 0.47640073370764952 0.18768940766442821 -0.1926574821531824 -0.0461652358264696 0.4010875989032478 0.094814635757076229 0.45750136765582405 -0.08901020876263338 -0.13688339282542217
-0.046102999243854581 0.59089408854010927 0.2334100034603088 -0.31653595118134886 0.11343655079903045 -0.39505053489649211 0.23695953486458587 0.13648546012515853 0.091743694375763782 0.084687131849232183 -0.13957094785463048 -0.46396520135872943
0.0032723099377275321 0.0078635527897164895 -0.0039743824044500354 0.004170305077563898 -0.00048127890257770308 0.0011423711519373673 0.0039739843592867495 0.00057500717062430721 -0.28807146955357277 0.62358937658549107 0.077463444864337275 -0.72251445804759229
0.10919208291723465 -0.0032729933921730845 0.52725464931498467 -0.46876970700752979 -0.18532483141342171 0.19317689526726739 0.049145640703427002 -0.40153674093371378 0.097321384310270931 0.46662802163627015 -0.090720607725780417 -0.13989577441989992
-0.10919208291723465 0.0032729933921730845 -0.52725464931498467 0.46876970700752979 0.18532483141342171 -0.19317689526726739 -0.049145640703427002 0.40153674093371378 -0.097321384310270931 -0.46662802163627015 0.090720607725780417 0.13989577441989992
0.17079772853006478 -0.24840582991906873 0.083640068307979529 -0.37852481520053943 0.65035119760304749 0.074391975403952426 0.031640393946956023 -0.28501063393218773 -0.074441030807553016 -0.42068436402964693 -0.25537717434922336 -0.019714417184978142
-0.034659108218741838 0.5900366056558457 0.1952470923242402 -0.32407371559619019 -0.065021418942833087 0.43219782105808346 -0.24319702330087592 -0.10785276558694627 -0.081989204756263964 -0.088743493075835234 0.13214058126306422 0.46222486615278446
0.10315426583725806 -0.0091647757244369289 0.53104956267784786 -0.47640073370764952 -0.18768940766442821 0.1926574821531824 0.0461652358264696 -0.4010875989032478 -0.094814635757076229 -0.45750136765582405 0.08901020876263338 0.13688339282542217
-4.9485211502529186e-05 -0.031122267955083327 -0.021477735041348894 0.0054035553553955472 0.24914772720901668 0.48757314889524922 0.36719216509002117 0.75092502737788847 0.0036251033316828602 -0.0021299838484625587 0.0016055179799765351 -7.8988538116579071e-05
0.33077615104449143 0.23151392260933396 0.17850631173835121 -0.24122883519853441 -0.067015495833100597 0.12442495294330488 -0.11418089047273117 0.68071702508340981 -0.21215699231584181 -0.11261126158069087 -0.21951247786819733 -0.38035428764399676
0.33085457938817575 0.23174453966020292 0.18017076103483373 -0.2415156865106777 -0.064362148250325796 0.12255608105563423 -0.11817442540663545 0.68075985203262102 0.21906904274613478 0.1095479430267022 0.21568494030050039 0.37810679020438431
-0.032885038281712339 0.58920122257466523 0.19507602080563569 -0.31883411563630709 -0.064657734288430496 0.4295416083728536 -0.23925010961145052 -0.10815402675234874 0.097540430401798703 0.083878636214627628 -0.13759409960292729 -0.46791476209493443
-0.16904592319350312 0.59575213408303207 -0.32039469266909187 0.13473797463754236 0.21401211790403554 0.12256048862697275 -0.1719483689837904 -0.38752368248651026 0.30359681925580645 -0.22560879279596102 0.26174526100187839 0.20869055061224312
0.16412583987476109 0.24318352861854126 -0.3265029543623858 0.18525834046304765 0.094133149023368778 -0.11798194588015781 0.14493766300047992 -0.69227122176599165 0.20935342035962409 -0.087240808550664517 -0.42011059190581546 0.14845795873278408
0.16221012529226964 0.25080901276800549 -0.32742045192901142 0.18252019785189169 0.092479922997549424 -0.11830063653436712 0.1446771677867931 -0.69044319772461527 -0.20728484908517639 0.075180833503265349 0.42419147424586146 -0.14668502741335376
0.068662476174736364 -0.22879412566374968 -0.41995012214836142 0.041869964293186422 -0.21947482906554233 0.16013032859297771 0.57280618894506607 -0.33413550783390811 0.065448503062783381 -0.11036525067027776 0.19736226139605345 -0.44254634296885015
-0.27949481138481386 0.46229268944914509 0.32664528481192989 0.32767662708572692 -0.0021951590391719395 0.018358231627019942 -0.48833725895442187 -0.078169992790972934 0.09584544069409319 0.46038544138198167 -0.093249836133628403 -0.13905646672372191
0.0025873421092297887 -0.00095079303231345672 0.0014225176347362237 0.007123062012532949 0.0031676753534579417 -0.0056253238916702582 0.0015882439351971602 -0.00038322067671717333 0.68511927995040256 0.46628376101568753 0.053734974245633921 -0.55695499932021197
0.068856893123858537 -0.57204099731368585 -0.21692144981728617 0.33292688895676392 -0.24077240814588236 -0.14774160030396591 -0.2989120008465535 0.29171504098831019 -0.29860682319009518 0.35767607220700959 0.19166698455937214 -0.045311963669514975
0.28553262846479038 -0.45640090711688114 -0.33044019817479298 -0.3200456003856072 0.0045597352901784695 -0.017838818512934975 0.49131766383137937 0.077720850760506985 0.096290579373253971 0.46374394791011253 -0.086480980354785394 -0.13772270052160018
-0.28553262846479038 0.45640090711688114 0.33044019817479298 0.3200456003856072 -0.0045597352901784695 0.017838818512934975 -0.49131766383137937 -0.077720850760506985 -0.096290579373253971 -0.46374394791011253 0.086480980354785394 0.13772270052160018
0.30761363723675222 -0.43870020851723734 -0.34677729553041153 -0.30071009510773922 -0.004148047442123136 -0.033840928234599631 -0.4952606259531474 -0.094325604597143523 -0.097517399206021912 -0.45899270047602259 0.090973974809005362 0.13576411485958634
-0.0051880245202189776 -0.00023806864025230622 0.0030568848378243795 -0.0069084476887198562 -0.0011719471232416565 -0.0014610618061466705 -0.0042344795729735759 0.0012530168707523238 -0.12856679989122771 -0.46116773453156118 0.76683862128733971 0.42737147190145441
0.27949481138481386 -0.46229268944914509 -0.32664528481192989 -0.32767662708572692 0.0021951590391719395 -0.018358231627019942 0.48833725895442187 0.078169992790972934 -0.09584544069409319 -0.46038544138198167 0.093249836133628403 0.13905646672372191
-0.068662476174736364 0.22879412566374968 0.41995012214836142 -0.041869964293186422 0.21947482906554233 -0.16013032859297771 -0.57280618894506607 0.33413550783390811 -0.065448503062783381 0.11036525067027776 -0.19736226139605345 0.44254634296885015
-0.16221012529226964 -0.25080901276800549 0.32742045192901142 -0.18252019785189169 -0.092479922997549424 0.11830063653436712 -0.1446771677867931 0.69044319772461527 0.20728484908517639 -0.075180833503265349 -0.42419147424586146 0.14668502741335376
-0.16412583987476109 -0.24318352861854126 0.3265029543623858 -0.18525834046304765 -0.094133149023368778 0.11798194588015781 -0.14493766300047992 0.69227122176599165 -0.20935342035962409 0.087240808550664517 0.42011059190581546 -0.14845795873278408
0.19711272006942313 -0.24376839180865201 0.10428833919031884 -0.37871287838189105 0.22536626011830657 -0.17570501916931164 0.41016751419774689 0.49915569754853006 0.060936490529959531 -0.10569504464190309 0.19253627451995542 -0.44318520326515976
-0.11994648107843894 0.14007560616374068 0.14037432547404449 -0.43320286747617848 -0.11549604675034948 -0.54416401293972461 -0.084504978565200409 0.44370335214449802 0.27743578522833412 0.0069173950843805076 0.40495263643826995 -0.064415228435277819
0.50021965624969322 0.47208883793239032 -0.14635771976437384 -0.038927613701151158 0.23912471347386152 -0.17513903092584421 -0.04183542459852499 0.400869280322387 0.39095299399013056 -0.13987830572933033 0.12666484950817886 -0.25538524610552432
-0.50259841902829816 -0.47932524466596171 0.15216437685899581 0.041370117904780158 -0.23700952027881286 0.16666420847141777 0.041101135835080238 -0.40096209417031625 0.38581596349167069 -0.12482626482004353 0.12905869633217942 -0.25548890031929511
0.37652239231279555 -0.27930642347076429 0.30281204265933648 0.42599141447647759 0.0071682213953591098 0.014212093300346423 0.50582792561738188 0.065474591478070415 0.38390126781957645 -0.13433061168252874 0.13213145005337312 -0.25252563293374353
-0.17519530088390015 0.58727011679069308 -0.31578275347752421 0.13650092009080703 0.42505292375359199 -0.041163525501737949 0.251439509031263 0.11093614404996469 -0.38563877545364911 -0.11503766941475779 0.27833815834768594 0.093557620755582299
0.19741021494907762 0.92617605964510108 0.19098558009349617 0.25289485604953682 0.027411870044718262 0.031189099165974392 0.030601238514837245 -0.0023163942689697547 0.0051037207687543067 -0.0099372705177389158 -0.002119824840935446 0.00074200977091589131
-0.38705637223875949 0.0038265116223974447 0.26499436853257846 0.16601505289730453 -0.55989347917975829 -0.18105680385693049 0.062224912193763159 -0.38641952813135722 0.27863571898826373 0.34560415561594993 -0.16703888522251498 0.1671925783475908
0.034132476304114125 0.0895826117836096 0.32084569833594134 0.39042757661156857 0.51215037766545268 -0.44389774673074506 -0.013535156042252219 0.13611163562470538 -0.35030120176416718 -0.23484910510691215 -0.028184346760218845 0.28057456545749088
-0.073714914017117286 -0.12364945188366558 -0.32463772160495635 -0.38253779361986323 0.34007657211576586 0.35697574692991263 0.47840984535751885 0.075286547149972571 0.21275204773230255 -0.081461702494689703 -0.42010043238068656 0.14676679282077915
0.39232282510266275 -0.0033578259312762202 -0.26638680407392029 -0.15939345652072798 0.56371877388577474 0.18064899377540652 -0.06198396755469384 0.38520933820981623 0.28115711596494058 0.33772278352300433 -0.164602317896127 0.16389702759933586
-0.50634810051437407 -0.49761423329772575 0.12642233149758927 0.062444527673960699 0.30947363434257558 0.36277326245939617 -0.032461271071593661 -0.0063021257339788946 -0.0084038212240172792 -0.12979151634434755 -0.45114275867526171 -0.16489899677999731
0.68834431947883856 -0.7114425374550839 -0.048766038099817499 0.12787558061698379 0.0031448654812148997 -0.015131717149997496 0.012424646484435706 -0.029029177210341449 -0.0059326000936725173 0.0010936677621826922 0.0053782436979924455 0.00028597151559146426
-0.37652239231279555 0.27930642347076429 -0.30281204265933648 -0.42599141447647759 -0.0071682213953591098 -0.014212093300346423 -0.50582792561738188 -0.065474591478070415 -0.38390126781957645 0.13433061168252874 -0.13213145005337312 0.25252563293374353
0.50259841902829816 0.47932524466596171 -0.15216437685899581 -0.041370117904780158 0.23700952027881286 -0.16666420847141777 -0.041101135835080238 0.40096209417031625 -0.38581596349167069 0.12482626482004353 -0.12905869633217942 0.25548890031929511
-0.50021965624969322 -0.47208883793239032 0.14635771976437384 0.038927613701151158 -0.23912471347386152 0.17513903092584421 0.04183542459852499 -0.400869280322387 -0.39095299399013056 0.13987830572933033 -0.12666484950817886 0.25538524610552432
0.4070199809433388 -0.24847753580528509 0.27687337484623298 0.45051544225083628 -0.0012901782809846437 0.007204219147193186 -0.47703567052674256 -0.10692819206211676 -0.39453964817415355 0.1317666997728042 -0.1258679571116082 0.25505616162694034
-0.095189676236629842 0.0053227550135837264 -0.53358000679972117 0.45413300289673425 -0.3248029103891526 0.26782982353791068 -0.027097744268915178 0.2591335260213169 0.39251977612281691 -0.13703717750179523 0.13047645666104074 -0.25490566962375311
0.50733772473294103 0.49303622262969066 -0.15860202818613045 -0.044866388058240267 0.022923507026940407 -0.0018440506804584412 -0.46184935614952921 -0.096235407396533953 -0.29611096802497294 -0.027985694134269077 0.14362907712571304 -0.37438874816027357
0.0033507382814118129 0.0080941698405854086 -0.0023099331079675283 0.0038834537654206178 0.0021720686801971071 -0.00072650073573326417 -1.9550574617506844e-05 0.00061783411983559972 0.14315456550840383 0.84574858119288421 0.51266086303303493 0.035946619800788809
0.092810913458025043 -0.012559161747155101 0.5393866638943432 -0.45169049869310524 0.32691810358420131 -0.27630464599233712 0.02636345550547042 -0.25922633986924615 0.38424918135898434 -0.12766739304757863 0.12524708917931748 -0.25596847680106632
-0.17414846681147658 0.24031166007848326 -0.081330135200012019 0.37464136143511878 -0.65252326628324442 -0.073665474668219155 -0.031620843372338517 0.2843927998123521 -0.068713534700850815 -0.42506421716323722 -0.25728368868381157 -0.016232202615810667
0.046514731284582479 0.09612892035159129 0.34439625645850958 0.35708375860352504 -0.33423342641294851 -0.34039926905139301 0.50731505462384585 0.096273624742849895 -0.21837397202896189 -0.11222146174193086 -0.21737344845487766 -0.3751334868077652
0.04659315962826676 0.096359537402460199 0.34606070575499204 0.3567969072913818 -0.33158007883017371 -0.3422681409390636 0.50332151968994165 0.096316451692061184 0.21285206303301471 0.10993774286546222 0.21782396971382006 0.38332759104061592
0.33894753353794277 0.32730608909525533 0.52580344983345584 0.10525001363823507 -0.09255122685021562 -0.20863960501300852 0.32013387123035925 -0.29640696108531661 0.38811159942299456 0.10448996733487403 -0.27975594098742318 -0.090483758010992732
-0.33576339161515928 -0.33337043284782569 -0.52414880921649321 -0.098277088978156499 0.095960118906934191 0.20488724866552996 -0.31882661524153827 0.29484337495028956 0.390948634977826 0.11037299752869817 -0.27925941068226834 -0.094645291900496725
-0.04659315962826676 -0.096359537402460199 -0.34606070575499204 -0.3567969072913818 0.33158007883017371 0.3422681409390636 -0.50332151968994165 -0.096316451692061184 -0.21285206303301471 -0.10993774286546222 -0.21782396971382006 -0.38332759104061592
-0.046514731284582479 -0.09612892035159129 -0.34439625645850958 -0.35708375860352504 0.33423342641294851 0.34039926905139301 -0.50731505462384585 -0.096273624742849895 0.21837397202896189 0.11222146174193086 0.21737344845487766 0.3751334868077652
0.17414846681147658 -0.24031166007848326 0.081330135200012019 -0.37464136143511878 0.65252326628324442 0.073665474668219155 0.031620843372338517 -0.2843927998123521 0.068713534700850815 0.42506421716323722 0.25728368868381157 0.016232202615810667
-0.092810913458025043 0.012559161747155101 -0.5393866638943432 0.45169049869310524 -0.32691810358420131 0.27630464599233712 -0.02636345550547042 0.25922633986924615 -0.38424918135898434 0.12766739304757863 -0.12524708917931748 0.25596847680106632
0.4120193347763535 -0.26686591756104766 0.28060951053288974 0.43698358155326428 -0.29933279842829036 0.30021515436209706 -0.033273044965313782 0.24801397545740006 -0.0070098681170478972 -0.13733775714003962 -0.44880374601181799 -0.16322809493954091
0.0026791107546734697 0.0014194787234346811 -0.0028149531760780959 -0.00050146563595637305 0.0006576193525585246 0.0052175138101462973 -0.0013472992961278412 -0.0008269692448238579 -0.12532644499719825 0.21704317812326673 -0.38537617736427587 0.88804460526713858
0.095189676236629842 -0.0053227550135837264 0.53358000679972117 -0.45413300289673425 0.3248029103891526 -0.26782982353791068 0.027097744268915178 -0.2591335260213169 -0.39251977612281691 0.13703717750179523 -0.13047645666104074 0.25490566962375311
-0.31077684573381958 0.42772117419681116 0.32057532745509676 0.31549113896720549 0.33829669735228518 0.38895153024434076 -0.0037312037208456312 -0.0080034812158961428 0.39024193228077025 -0.13611120984243075 0.12697057034779574 -0.25578637797695769
-0.37890115509140038 0.27207001673719289 -0.29700538556471456 -0.42354891027284858 -0.0050530282003104316 -0.022686915754772871 -0.50656221438082683 -0.065567405325999695 0.39286768966222485 -0.13037395886684511 0.12359209578698516 -0.2583485134910759
-0.0026791107546734697 -0.0014194787234346811 0.0028149531760780959 0.00050146563595637305 -0.0006576193525585246 -0.0052175138101462973 0.0013472992961278412 0.0008269692448238579 0.12532644499719825 -0.21704317812326673 0.38537617736427587 -0.88804460526713858
0.014758889495930913 -0.59693357079743492 -0.21718519994708854 0.30834087986081626 0.191312960483973 0.11486608360393803 0.30682263817098004 -0.31923329142196138 -0.29807188076287799 0.35564671344811538 0.19504791721347181 -0.04459781845837265
-0.68834431947883856 0.7114425374550839 0.048766038099817499 -0.12787558061698379 -0.0031448654812148997 0.015131717149997496 -0.012424646484435706 0.029029177210341449 0.0059326000936725173 -0.0010936677621826922 -0.0053782436979924455 -0.00028597151559146426
0.095198053777295871 0.18365857817903458 0.62845145560538707 0.7486312761103302 0.002733177633159568 0.036548029597537113 0.016367608606203739 -0.012424423373704901 -0.004705780260904578 -0.0036575796719072557 0.00088524924377248143 0.0022445571776053366
-0.1832584118542174 0.24162890430021811 -0.10885507572703031 0.4121554845207262 0.1933792588925789 -0.17602158119563388 -0.54849706967914991 0.32480581786483198 -0.48871223398962893 0.075897516057272574 0.0093688578751845025 -0.083038608398146876
0.026028662987491742 0.032422360506924687 0.041873495889632899 -0.0077840782374356118 -0.67488988935757699 -0.73469813619557345 0.010671080800014538 0.032518902420499554 -0.0024880872469713114 0.0027666017013977025 -0.0027105893094531539 0.0026571951911098231
-0.026028662987491742 -0.032422360506924687 -0.041873495889632899 0.0077840782374356118 0.67488988935757699 0.73469813619557345 -0.010671080800014538 -0.032518902420499554 0.0024880872469713114 -0.0027666017013977025 0.0027105893094531539 -0.0026571951911098231
0.34617509846288841 -0.36394895058978255 -0.054927023570653197 0.082682166721781525 0.33667238719165804 0.35220120654610271 -0.4907919120047306 -0.11793585053016703 0.20576089904308528 -0.081350917543592915 -0.41924454723442717 0.14473970530324193
0.3442593838803969 -0.35632346644031837 -0.055844521137278849 0.079944024110625567 0.33501916116583874 0.3518825158918934 -0.49105240721841747 -0.11610782648879039 -0.2108773704017152 0.081070724510336978 0.42505751891724974 -0.15040328084289589
-0.075185195611116362 -0.38025555499024749 0.23196526708667711 0.21359659430287217 -0.2202031194343439 0.18594112810733593 0.55266292538373685 -0.32971416585657276 -0.066430375601338548 -0.22817601864189485 0.3873833741465102 0.21579407541916334
-0.30839808295521476 0.43495758093038256 0.31476867036047484 0.31304863476357647 0.33618150415723647 0.39742635269876719 -0.0029969149574008715 -0.0079106673679668633 -0.38652702520103099 0.12859336070694311 -0.12875297549256254 0.25508776844786174
0.0019157145824914455 -0.0076254841494641833 0.00091749756662565609 0.0027381426111559581 0.0016532260258193595 0.00031869065420930321 0.00026049521368682601 -0.001828024041376631 0.41663826944480048 -0.16242164205392995 -0.84430206615167691 0.29514298614613788
-0.40464121816473397 0.25571394253885649 -0.28268003194085489 -0.4529579464544653 -0.00082501491406403453 0.0012706033072332613 0.47776995929018728 0.10702100591004604 -0.3822293093076477 0.13293787077656966 -0.12985558872875008 0.25581798479787909
0.31077684573381958 -0.42772117419681116 -0.32057532745509676 -0.31549113896720549 -0.33829669735228518 -0.38895153024434076 0.0037312037208456312 0.0080034812158961428 -0.39024193228077025 0.13611120984243075 -0.12697057034779574 0.25578637797695769
0.04787706918088408 -0.59172947162128975 -0.23358107497891331 0.32177555114123196 -0.11307286614462786 0.39239432221126225 -0.23301262117516047 -0.13678672129056099 0.087785940782298885 0.08793499744123065 -0.13016373301136103 -0.46617442688898947
